solid OpenSCAD_Model
  facet normal 0 0 1
    outer loop
      vertex -16.25 -12.3656 15
      vertex -17.6158 -10 15
      vertex -16.25 -13.25 15
    endloop
  endfacet
  facet normal 0 0 1
    outer loop
      vertex -17.6158 0 15
      vertex -16.25 -3.25 15
      vertex -16.25 -2.36561 15
    endloop
  endfacet
  facet normal 0 0 1
    outer loop
      vertex -16.25 -3.25 15
      vertex -17.6158 0 15
      vertex -16.25 -6.75 15
    endloop
  endfacet
  facet normal 0 0 1
    outer loop
      vertex -17.6158 -10 15
      vertex -16.25 -6.75 15
      vertex -17.6158 0 15
    endloop
  endfacet
  facet normal 0 0 1
    outer loop
      vertex -16.25 -6.75 15
      vertex -17.6158 -10 15
      vertex -16.25 -7.63439 15
    endloop
  endfacet
  facet normal 0 0 1
    outer loop
      vertex -17.6158 10 15
      vertex -16.25 6.75 15
      vertex -16.25 7.63439 15
    endloop
  endfacet
  facet normal 0 0 1
    outer loop
      vertex -16.25 6.75 15
      vertex -17.6158 10 15
      vertex -16.25 3.25 15
    endloop
  endfacet
  facet normal 0 0 1
    outer loop
      vertex -17.6158 0 15
      vertex -16.25 3.25 15
      vertex -17.6158 10 15
    endloop
  endfacet
  facet normal 0 0 1
    outer loop
      vertex -16.25 3.25 15
      vertex -17.6158 0 15
      vertex -16.25 2.36561 15
    endloop
  endfacet
  facet normal -0 0 1
    outer loop
      vertex -16.25 -3.25 15
      vertex -12.75 -6.75 15
      vertex -12.75 -3.25 15
    endloop
  endfacet
  facet normal 0 0 1
    outer loop
      vertex -12.75 -6.75 15
      vertex -16.25 -3.25 15
      vertex -16.25 -6.75 15
    endloop
  endfacet
  facet normal -0 0 1
    outer loop
      vertex -16.25 6.75 15
      vertex -12.75 3.25 15
      vertex -12.75 6.75 15
    endloop
  endfacet
  facet normal 0 0 1
    outer loop
      vertex -12.75 3.25 15
      vertex -16.25 6.75 15
      vertex -16.25 3.25 15
    endloop
  endfacet
  facet normal 0 0 1
    outer loop
      vertex -12.75 -3.25 15
      vertex -11.3842 0 15
      vertex -12.75 -2.36561 15
    endloop
  endfacet
  facet normal 0 0 1
    outer loop
      vertex -11.3842 0 15
      vertex -12.75 -3.25 15
      vertex -11.3842 -10 15
    endloop
  endfacet
  facet normal -0 0 1
    outer loop
      vertex -12.75 -6.75 15
      vertex -11.3842 -10 15
      vertex -12.75 -3.25 15
    endloop
  endfacet
  facet normal 0 0 1
    outer loop
      vertex -11.3842 -10 15
      vertex -12.75 -6.75 15
      vertex -12.75 -7.63439 15
    endloop
  endfacet
  facet normal 0 0 1
    outer loop
      vertex -12.75 6.75 15
      vertex -11.3842 10 15
      vertex -12.75 7.63439 15
    endloop
  endfacet
  facet normal 0 0 1
    outer loop
      vertex -11.3842 10 15
      vertex -12.75 6.75 15
      vertex -11.3842 0 15
    endloop
  endfacet
  facet normal -0 0 1
    outer loop
      vertex -12.75 3.25 15
      vertex -11.3842 0 15
      vertex -12.75 6.75 15
    endloop
  endfacet
  facet normal 0 0 1
    outer loop
      vertex -11.3842 0 15
      vertex -12.75 3.25 15
      vertex -12.75 2.36561 15
    endloop
  endfacet
  facet normal 0 0 1
    outer loop
      vertex 19.652 -1.5657 15
      vertex 10.348 -1.5657 15
      vertex 19.8707 -1.9103 15
    endloop
  endfacet
  facet normal 0 0 1
    outer loop
      vertex 20.1309 -12.7752 15
      vertex 10.7244 -14.5927 15
      vertex 10.75 -15 15
    endloop
  endfacet
  facet normal 0 0 1
    outer loop
      vertex 10.1293 -1.9103 15
      vertex 19.8707 -1.9103 15
      vertex 10.348 -1.5657 15
    endloop
  endfacet
  facet normal 0 0 1
    outer loop
      vertex 20.1309 -12.7752 15
      vertex 10.6479 -14.1918 15
      vertex 10.7244 -14.5927 15
    endloop
  endfacet
  facet normal 0 0 1
    outer loop
      vertex 19.8707 -1.9103 15
      vertex 10.1293 -1.9103 15
      vertex 20.1309 -2.22478 15
    endloop
  endfacet
  facet normal 0 0 1
    outer loop
      vertex 20.1309 -12.7752 15
      vertex 10.5218 -13.8036 15
      vertex 10.6479 -14.1918 15
    endloop
  endfacet
  facet normal 0 0 1
    outer loop
      vertex 9.86915 -2.22478 15
      vertex 20.1309 -2.22478 15
      vertex 10.1293 -1.9103 15
    endloop
  endfacet
  facet normal 0 0 1
    outer loop
      vertex 20.1309 -12.7752 15
      vertex 10.348 -13.4343 15
      vertex 10.5218 -13.8036 15
    endloop
  endfacet
  facet normal 0 0 1
    outer loop
      vertex 20.1309 -2.22478 15
      vertex 9.86915 -2.22478 15
      vertex 20.1309 -12.7752 15
    endloop
  endfacet
  facet normal 0 0 1
    outer loop
      vertex 20.1309 -12.7752 15
      vertex 10.1293 -13.0897 15
      vertex 10.348 -13.4343 15
    endloop
  endfacet
  facet normal 0 0 1
    outer loop
      vertex 9.86915 -12.7752 15
      vertex 20.1309 -12.7752 15
      vertex 9.86915 -2.22478 15
    endloop
  endfacet
  facet normal 0 0 1
    outer loop
      vertex 20.1309 -12.7752 15
      vertex 9.86915 -12.7752 15
      vertex 10.1293 -13.0897 15
    endloop
  endfacet
  facet normal -0 0 1
    outer loop
      vertex 9.57163 -2.50417 15
      vertex 9.86915 -12.7752 15
      vertex 9.86915 -2.22478 15
    endloop
  endfacet
  facet normal 0 0 1
    outer loop
      vertex 9.57163 -2.50417 15
      vertex 9.57163 -12.4958 15
      vertex 9.86915 -12.7752 15
    endloop
  endfacet
  facet normal -0 0 1
    outer loop
      vertex 9.24144 -2.74407 15
      vertex 9.57163 -12.4958 15
      vertex 9.57163 -2.50417 15
    endloop
  endfacet
  facet normal 0 0 1
    outer loop
      vertex 9.24144 -2.74407 15
      vertex 9.24144 -12.2559 15
      vertex 9.57163 -12.4958 15
    endloop
  endfacet
  facet normal -0 0 1
    outer loop
      vertex 8.88378 -2.94069 15
      vertex 9.24144 -12.2559 15
      vertex 9.24144 -2.74407 15
    endloop
  endfacet
  facet normal 0 0 1
    outer loop
      vertex 8.88378 -2.94069 15
      vertex 8.88378 -12.0593 15
      vertex 9.24144 -12.2559 15
    endloop
  endfacet
  facet normal -0 0 1
    outer loop
      vertex 8.5043 -3.09093 15
      vertex 8.88378 -12.0593 15
      vertex 8.88378 -2.94069 15
    endloop
  endfacet
  facet normal 0 0 1
    outer loop
      vertex 8.5043 -3.09093 15
      vertex 8.5043 -11.9091 15
      vertex 8.88378 -12.0593 15
    endloop
  endfacet
  facet normal -0 0 1
    outer loop
      vertex 8.10899 -3.19243 15
      vertex 8.5043 -11.9091 15
      vertex 8.5043 -3.09093 15
    endloop
  endfacet
  facet normal 0 0 1
    outer loop
      vertex 8.10899 -3.19243 15
      vertex 8.10899 -11.8076 15
      vertex 8.5043 -11.9091 15
    endloop
  endfacet
  facet normal -0 0 1
    outer loop
      vertex 7.70407 -3.24359 15
      vertex 8.10899 -11.8076 15
      vertex 8.10899 -3.19243 15
    endloop
  endfacet
  facet normal 0 0 1
    outer loop
      vertex 7.70407 -3.24359 15
      vertex 7.70407 -11.7564 15
      vertex 8.10899 -11.8076 15
    endloop
  endfacet
  facet normal -0 0 1
    outer loop
      vertex 7.29593 -3.24359 15
      vertex 7.70407 -11.7564 15
      vertex 7.70407 -3.24359 15
    endloop
  endfacet
  facet normal 0 0 1
    outer loop
      vertex 7.29593 -3.24359 15
      vertex 7.29593 -11.7564 15
      vertex 7.70407 -11.7564 15
    endloop
  endfacet
  facet normal 0 0 1
    outer loop
      vertex 6.89101 -3.19243 15
      vertex 7.29593 -11.7564 15
      vertex 7.29593 -3.24359 15
    endloop
  endfacet
  facet normal 0 0 1
    outer loop
      vertex 6.89101 -3.19243 15
      vertex 6.89101 -11.8076 15
      vertex 7.29593 -11.7564 15
    endloop
  endfacet
  facet normal 0 0 1
    outer loop
      vertex 6.49569 -3.09093 15
      vertex 6.89101 -11.8076 15
      vertex 6.89101 -3.19243 15
    endloop
  endfacet
  facet normal 0 0 1
    outer loop
      vertex 6.49569 -3.09093 15
      vertex 6.49569 -11.9091 15
      vertex 6.89101 -11.8076 15
    endloop
  endfacet
  facet normal 0 0 1
    outer loop
      vertex 6.11622 -2.94069 15
      vertex 6.49569 -11.9091 15
      vertex 6.49569 -3.09093 15
    endloop
  endfacet
  facet normal 0 0 1
    outer loop
      vertex 6.11622 -2.94069 15
      vertex 6.11622 -12.0593 15
      vertex 6.49569 -11.9091 15
    endloop
  endfacet
  facet normal 0 0 1
    outer loop
      vertex 5.75856 -2.74407 15
      vertex 6.11622 -12.0593 15
      vertex 6.11622 -2.94069 15
    endloop
  endfacet
  facet normal 0 0 1
    outer loop
      vertex 5.75856 -2.74407 15
      vertex 5.75856 -12.2559 15
      vertex 6.11622 -12.0593 15
    endloop
  endfacet
  facet normal 0 0 1
    outer loop
      vertex 5.42837 -2.50417 15
      vertex 5.75856 -12.2559 15
      vertex 5.75856 -2.74407 15
    endloop
  endfacet
  facet normal 0 0 1
    outer loop
      vertex 5.42837 -2.50417 15
      vertex 5.42837 -12.4958 15
      vertex 5.75856 -12.2559 15
    endloop
  endfacet
  facet normal 0 0 1
    outer loop
      vertex 5.13085 -2.22478 15
      vertex 5.42837 -12.4958 15
      vertex 5.42837 -2.50417 15
    endloop
  endfacet
  facet normal 0 0 1
    outer loop
      vertex 5.13085 -2.22478 15
      vertex 5.13085 -12.7752 15
      vertex 5.42837 -12.4958 15
    endloop
  endfacet
  facet normal 0 0 1
    outer loop
      vertex 4.87069 -1.9103 15
      vertex 5.13085 -12.7752 15
      vertex 5.13085 -2.22478 15
    endloop
  endfacet
  facet normal 0 0 1
    outer loop
      vertex 4.87069 -1.9103 15
      vertex 4.87069 -13.0897 15
      vertex 5.13085 -12.7752 15
    endloop
  endfacet
  facet normal 0 0 1
    outer loop
      vertex -11.3842 -10 15
      vertex 4.87069 -1.9103 15
      vertex 4.652 -1.5657 15
    endloop
  endfacet
  facet normal 0 0 1
    outer loop
      vertex 4.87069 -1.9103 15
      vertex -11.3842 -10 15
      vertex 4.87069 -13.0897 15
    endloop
  endfacet
  facet normal 0 0 1
    outer loop
      vertex -11.3842 -10 15
      vertex 4.652 -1.5657 15
      vertex 4.47823 -1.1964 15
    endloop
  endfacet
  facet normal 0 0 1
    outer loop
      vertex 4.87069 -13.0897 15
      vertex -11.3842 -10 15
      vertex 4.652 -13.4343 15
    endloop
  endfacet
  facet normal 0 0 1
    outer loop
      vertex -11.3842 0 15
      vertex 4.47823 -1.1964 15
      vertex 4.3521 -0.808242 15
    endloop
  endfacet
  facet normal 0 0 1
    outer loop
      vertex 4.652 -13.4343 15
      vertex -11.3842 -10 15
      vertex 4.47823 -13.8036 15
    endloop
  endfacet
  facet normal 0 0 1
    outer loop
      vertex -11.3842 0 15
      vertex 4.3521 -0.808242 15
      vertex 4.27563 -0.407332 15
    endloop
  endfacet
  facet normal 0 0 1
    outer loop
      vertex 4.47823 -13.8036 15
      vertex -11.3842 -10 15
      vertex 4.3521 -14.1918 15
    endloop
  endfacet
  facet normal -0 0 1
    outer loop
      vertex -11.3842 0 15
      vertex 4.27563 -0.407332 15
      vertex 4.25 0 15
    endloop
  endfacet
  facet normal 0 0 1
    outer loop
      vertex 4.3521 -14.1918 15
      vertex -11.3842 -10 15
      vertex 4.27563 -14.5927 15
    endloop
  endfacet
  facet normal 0 0 1
    outer loop
      vertex 19.652 13.4343 15
      vertex 10.348 13.4343 15
      vertex 19.8707 13.0897 15
    endloop
  endfacet
  facet normal 0 0 1
    outer loop
      vertex 20.1309 2.22478 15
      vertex 10.7244 0.407332 15
      vertex 10.75 0 15
    endloop
  endfacet
  facet normal 0 0 1
    outer loop
      vertex 10.1293 13.0897 15
      vertex 19.8707 13.0897 15
      vertex 10.348 13.4343 15
    endloop
  endfacet
  facet normal 0 0 1
    outer loop
      vertex 20.1309 2.22478 15
      vertex 10.6479 0.808242 15
      vertex 10.7244 0.407332 15
    endloop
  endfacet
  facet normal 0 0 1
    outer loop
      vertex 19.8707 13.0897 15
      vertex 10.1293 13.0897 15
      vertex 20.1309 12.7752 15
    endloop
  endfacet
  facet normal 0 0 1
    outer loop
      vertex 20.1309 2.22478 15
      vertex 10.5218 1.1964 15
      vertex 10.6479 0.808242 15
    endloop
  endfacet
  facet normal 0 0 1
    outer loop
      vertex 9.86915 12.7752 15
      vertex 20.1309 12.7752 15
      vertex 10.1293 13.0897 15
    endloop
  endfacet
  facet normal 0 0 1
    outer loop
      vertex 20.1309 2.22478 15
      vertex 10.348 1.5657 15
      vertex 10.5218 1.1964 15
    endloop
  endfacet
  facet normal 0 0 1
    outer loop
      vertex 20.1309 12.7752 15
      vertex 9.86915 12.7752 15
      vertex 20.1309 2.22478 15
    endloop
  endfacet
  facet normal 0 0 1
    outer loop
      vertex 20.1309 2.22478 15
      vertex 10.1293 1.9103 15
      vertex 10.348 1.5657 15
    endloop
  endfacet
  facet normal 0 0 1
    outer loop
      vertex 9.86915 2.22478 15
      vertex 20.1309 2.22478 15
      vertex 9.86915 12.7752 15
    endloop
  endfacet
  facet normal 0 0 1
    outer loop
      vertex 20.1309 2.22478 15
      vertex 9.86915 2.22478 15
      vertex 10.1293 1.9103 15
    endloop
  endfacet
  facet normal -0 0 1
    outer loop
      vertex 9.57163 12.4958 15
      vertex 9.86915 2.22478 15
      vertex 9.86915 12.7752 15
    endloop
  endfacet
  facet normal 0 0 1
    outer loop
      vertex 9.57163 12.4958 15
      vertex 9.57163 2.50417 15
      vertex 9.86915 2.22478 15
    endloop
  endfacet
  facet normal -0 0 1
    outer loop
      vertex 9.24144 12.2559 15
      vertex 9.57163 2.50417 15
      vertex 9.57163 12.4958 15
    endloop
  endfacet
  facet normal 0 0 1
    outer loop
      vertex 9.24144 12.2559 15
      vertex 9.24144 2.74407 15
      vertex 9.57163 2.50417 15
    endloop
  endfacet
  facet normal -0 0 1
    outer loop
      vertex 8.88378 12.0593 15
      vertex 9.24144 2.74407 15
      vertex 9.24144 12.2559 15
    endloop
  endfacet
  facet normal 0 0 1
    outer loop
      vertex 8.88378 12.0593 15
      vertex 8.88378 2.94069 15
      vertex 9.24144 2.74407 15
    endloop
  endfacet
  facet normal -0 0 1
    outer loop
      vertex 8.5043 11.9091 15
      vertex 8.88378 2.94069 15
      vertex 8.88378 12.0593 15
    endloop
  endfacet
  facet normal 0 0 1
    outer loop
      vertex 8.5043 11.9091 15
      vertex 8.5043 3.09093 15
      vertex 8.88378 2.94069 15
    endloop
  endfacet
  facet normal -0 0 1
    outer loop
      vertex 8.10899 11.8076 15
      vertex 8.5043 3.09093 15
      vertex 8.5043 11.9091 15
    endloop
  endfacet
  facet normal 0 0 1
    outer loop
      vertex 8.10899 11.8076 15
      vertex 8.10899 3.19243 15
      vertex 8.5043 3.09093 15
    endloop
  endfacet
  facet normal -0 0 1
    outer loop
      vertex 7.70407 11.7564 15
      vertex 8.10899 3.19243 15
      vertex 8.10899 11.8076 15
    endloop
  endfacet
  facet normal 0 0 1
    outer loop
      vertex 7.70407 11.7564 15
      vertex 7.70407 3.24359 15
      vertex 8.10899 3.19243 15
    endloop
  endfacet
  facet normal -0 0 1
    outer loop
      vertex 7.29593 11.7564 15
      vertex 7.70407 3.24359 15
      vertex 7.70407 11.7564 15
    endloop
  endfacet
  facet normal 0 0 1
    outer loop
      vertex 7.29593 11.7564 15
      vertex 7.29593 3.24359 15
      vertex 7.70407 3.24359 15
    endloop
  endfacet
  facet normal 0 0 1
    outer loop
      vertex 6.89101 11.8076 15
      vertex 7.29593 3.24359 15
      vertex 7.29593 11.7564 15
    endloop
  endfacet
  facet normal 0 0 1
    outer loop
      vertex 6.89101 11.8076 15
      vertex 6.89101 3.19243 15
      vertex 7.29593 3.24359 15
    endloop
  endfacet
  facet normal 0 0 1
    outer loop
      vertex 6.49569 11.9091 15
      vertex 6.89101 3.19243 15
      vertex 6.89101 11.8076 15
    endloop
  endfacet
  facet normal 0 0 1
    outer loop
      vertex 6.49569 11.9091 15
      vertex 6.49569 3.09093 15
      vertex 6.89101 3.19243 15
    endloop
  endfacet
  facet normal 0 0 1
    outer loop
      vertex 6.11622 12.0593 15
      vertex 6.49569 3.09093 15
      vertex 6.49569 11.9091 15
    endloop
  endfacet
  facet normal 0 0 1
    outer loop
      vertex 6.11622 12.0593 15
      vertex 6.11622 2.94069 15
      vertex 6.49569 3.09093 15
    endloop
  endfacet
  facet normal 0 0 1
    outer loop
      vertex 5.75856 12.2559 15
      vertex 6.11622 2.94069 15
      vertex 6.11622 12.0593 15
    endloop
  endfacet
  facet normal 0 0 1
    outer loop
      vertex 5.75856 12.2559 15
      vertex 5.75856 2.74407 15
      vertex 6.11622 2.94069 15
    endloop
  endfacet
  facet normal 0 0 1
    outer loop
      vertex 5.42837 12.4958 15
      vertex 5.75856 2.74407 15
      vertex 5.75856 12.2559 15
    endloop
  endfacet
  facet normal 0 0 1
    outer loop
      vertex 5.42837 12.4958 15
      vertex 5.42837 2.50417 15
      vertex 5.75856 2.74407 15
    endloop
  endfacet
  facet normal 0 0 1
    outer loop
      vertex 5.13085 12.7752 15
      vertex 5.42837 2.50417 15
      vertex 5.42837 12.4958 15
    endloop
  endfacet
  facet normal 0 0 1
    outer loop
      vertex 5.13085 12.7752 15
      vertex 5.13085 2.22478 15
      vertex 5.42837 2.50417 15
    endloop
  endfacet
  facet normal 0 0 1
    outer loop
      vertex 4.87069 13.0897 15
      vertex 5.13085 2.22478 15
      vertex 5.13085 12.7752 15
    endloop
  endfacet
  facet normal 0 0 1
    outer loop
      vertex 4.87069 13.0897 15
      vertex 4.87069 1.9103 15
      vertex 5.13085 2.22478 15
    endloop
  endfacet
  facet normal 0 0 1
    outer loop
      vertex -11.3842 10 15
      vertex 4.87069 13.0897 15
      vertex 4.652 13.4343 15
    endloop
  endfacet
  facet normal 0 0 1
    outer loop
      vertex 4.87069 13.0897 15
      vertex -11.3842 10 15
      vertex 4.87069 1.9103 15
    endloop
  endfacet
  facet normal 0 0 1
    outer loop
      vertex -11.3842 10 15
      vertex 4.652 13.4343 15
      vertex 4.47823 13.8036 15
    endloop
  endfacet
  facet normal 0 0 1
    outer loop
      vertex 4.87069 1.9103 15
      vertex -11.3842 10 15
      vertex 4.652 1.5657 15
    endloop
  endfacet
  facet normal 0 0 1
    outer loop
      vertex -11.3842 10 15
      vertex 4.47823 13.8036 15
      vertex 4.3521 14.1918 15
    endloop
  endfacet
  facet normal 0 0 1
    outer loop
      vertex 4.652 1.5657 15
      vertex -11.3842 10 15
      vertex 4.47823 1.1964 15
    endloop
  endfacet
  facet normal 0 0 1
    outer loop
      vertex -11.3842 10 15
      vertex 4.3521 14.1918 15
      vertex 4.27563 14.5927 15
    endloop
  endfacet
  facet normal 0 0 1
    outer loop
      vertex -11.3842 0 15
      vertex 4.47823 1.1964 15
      vertex -11.3842 10 15
    endloop
  endfacet
  facet normal 0 0 1
    outer loop
      vertex -11.3842 10 15
      vertex 4.27563 14.5927 15
      vertex 4.25 15 15
    endloop
  endfacet
  facet normal 0 0 1
    outer loop
      vertex 4.47823 1.1964 15
      vertex -11.3842 0 15
      vertex 4.3521 0.808242 15
    endloop
  endfacet
  facet normal -0 0 1
    outer loop
      vertex 25.6479 -0.808242 15
      vertex 29.5 -17 15
      vertex 25.7244 -0.407332 15
    endloop
  endfacet
  facet normal 0 0 1
    outer loop
      vertex 29.5 -17 15
      vertex 25.7244 -14.5927 15
      vertex 25.75 -15 15
    endloop
  endfacet
  facet normal -0 0 1
    outer loop
      vertex 25.5218 -1.1964 15
      vertex 29.5 -17 15
      vertex 25.6479 -0.808242 15
    endloop
  endfacet
  facet normal 0 0 1
    outer loop
      vertex 29.5 -17 15
      vertex 25.6479 -14.1918 15
      vertex 25.7244 -14.5927 15
    endloop
  endfacet
  facet normal -0 0 1
    outer loop
      vertex 25.348 -1.5657 15
      vertex 29.5 -17 15
      vertex 25.5218 -1.1964 15
    endloop
  endfacet
  facet normal 0 0 1
    outer loop
      vertex 29.5 -17 15
      vertex 25.5218 -13.8036 15
      vertex 25.6479 -14.1918 15
    endloop
  endfacet
  facet normal -0 0 1
    outer loop
      vertex 25.1293 -1.9103 15
      vertex 29.5 -17 15
      vertex 25.348 -1.5657 15
    endloop
  endfacet
  facet normal 0 0 1
    outer loop
      vertex 29.5 -17 15
      vertex 25.348 -13.4343 15
      vertex 25.5218 -13.8036 15
    endloop
  endfacet
  facet normal -0 0 1
    outer loop
      vertex 25.1293 -13.0897 15
      vertex 29.5 -17 15
      vertex 25.1293 -1.9103 15
    endloop
  endfacet
  facet normal 0 0 1
    outer loop
      vertex 29.5 -17 15
      vertex 25.1293 -13.0897 15
      vertex 25.348 -13.4343 15
    endloop
  endfacet
  facet normal -0 0 1
    outer loop
      vertex 24.8691 -2.22478 15
      vertex 25.1293 -13.0897 15
      vertex 25.1293 -1.9103 15
    endloop
  endfacet
  facet normal 0 0 1
    outer loop
      vertex 24.8691 -2.22478 15
      vertex 24.8691 -12.7752 15
      vertex 25.1293 -13.0897 15
    endloop
  endfacet
  facet normal -0 0 1
    outer loop
      vertex 24.5716 -2.50417 15
      vertex 24.8691 -12.7752 15
      vertex 24.8691 -2.22478 15
    endloop
  endfacet
  facet normal 0 0 1
    outer loop
      vertex 24.5716 -2.50417 15
      vertex 24.5716 -12.4958 15
      vertex 24.8691 -12.7752 15
    endloop
  endfacet
  facet normal -0 0 1
    outer loop
      vertex 24.2414 -2.74407 15
      vertex 24.5716 -12.4958 15
      vertex 24.5716 -2.50417 15
    endloop
  endfacet
  facet normal 0 0 1
    outer loop
      vertex 24.2414 -2.74407 15
      vertex 24.2414 -12.2559 15
      vertex 24.5716 -12.4958 15
    endloop
  endfacet
  facet normal -0 0 1
    outer loop
      vertex 23.8838 -2.94069 15
      vertex 24.2414 -12.2559 15
      vertex 24.2414 -2.74407 15
    endloop
  endfacet
  facet normal 0 0 1
    outer loop
      vertex 23.8838 -2.94069 15
      vertex 23.8838 -12.0593 15
      vertex 24.2414 -12.2559 15
    endloop
  endfacet
  facet normal -0 0 1
    outer loop
      vertex 23.5043 -3.09093 15
      vertex 23.8838 -12.0593 15
      vertex 23.8838 -2.94069 15
    endloop
  endfacet
  facet normal 0 0 1
    outer loop
      vertex 23.5043 -3.09093 15
      vertex 23.5043 -11.9091 15
      vertex 23.8838 -12.0593 15
    endloop
  endfacet
  facet normal -0 0 1
    outer loop
      vertex 23.109 -3.19243 15
      vertex 23.5043 -11.9091 15
      vertex 23.5043 -3.09093 15
    endloop
  endfacet
  facet normal 0 0 1
    outer loop
      vertex 23.109 -3.19243 15
      vertex 23.109 -11.8076 15
      vertex 23.5043 -11.9091 15
    endloop
  endfacet
  facet normal -0 0 1
    outer loop
      vertex 22.7041 -3.24359 15
      vertex 23.109 -11.8076 15
      vertex 23.109 -3.19243 15
    endloop
  endfacet
  facet normal 0 0 1
    outer loop
      vertex 22.7041 -3.24359 15
      vertex 22.7041 -11.7564 15
      vertex 23.109 -11.8076 15
    endloop
  endfacet
  facet normal -0 0 1
    outer loop
      vertex 22.2959 -3.24359 15
      vertex 22.7041 -11.7564 15
      vertex 22.7041 -3.24359 15
    endloop
  endfacet
  facet normal 0 0 1
    outer loop
      vertex 22.2959 -3.24359 15
      vertex 22.2959 -11.7564 15
      vertex 22.7041 -11.7564 15
    endloop
  endfacet
  facet normal 0 0 1
    outer loop
      vertex 21.891 -3.19243 15
      vertex 22.2959 -11.7564 15
      vertex 22.2959 -3.24359 15
    endloop
  endfacet
  facet normal 0 0 1
    outer loop
      vertex 21.891 -3.19243 15
      vertex 21.891 -11.8076 15
      vertex 22.2959 -11.7564 15
    endloop
  endfacet
  facet normal 0 0 1
    outer loop
      vertex 21.4957 -3.09093 15
      vertex 21.891 -11.8076 15
      vertex 21.891 -3.19243 15
    endloop
  endfacet
  facet normal 0 0 1
    outer loop
      vertex 21.4957 -3.09093 15
      vertex 21.4957 -11.9091 15
      vertex 21.891 -11.8076 15
    endloop
  endfacet
  facet normal 0 0 1
    outer loop
      vertex 21.1162 -2.94069 15
      vertex 21.4957 -11.9091 15
      vertex 21.4957 -3.09093 15
    endloop
  endfacet
  facet normal 0 0 1
    outer loop
      vertex 21.1162 -2.94069 15
      vertex 21.1162 -12.0593 15
      vertex 21.4957 -11.9091 15
    endloop
  endfacet
  facet normal 0 0 1
    outer loop
      vertex 20.7586 -2.74407 15
      vertex 21.1162 -12.0593 15
      vertex 21.1162 -2.94069 15
    endloop
  endfacet
  facet normal 0 0 1
    outer loop
      vertex 20.7586 -2.74407 15
      vertex 20.7586 -12.2559 15
      vertex 21.1162 -12.0593 15
    endloop
  endfacet
  facet normal 0 0 1
    outer loop
      vertex 20.4284 -2.50417 15
      vertex 20.7586 -12.2559 15
      vertex 20.7586 -2.74407 15
    endloop
  endfacet
  facet normal 0 0 1
    outer loop
      vertex 20.4284 -2.50417 15
      vertex 20.4284 -12.4958 15
      vertex 20.7586 -12.2559 15
    endloop
  endfacet
  facet normal 0 0 1
    outer loop
      vertex 20.1309 -2.22478 15
      vertex 20.4284 -12.4958 15
      vertex 20.4284 -2.50417 15
    endloop
  endfacet
  facet normal 0 0 1
    outer loop
      vertex 20.1309 -2.22478 15
      vertex 20.1309 -12.7752 15
      vertex 20.4284 -12.4958 15
    endloop
  endfacet
  facet normal 0 0 1
    outer loop
      vertex 10.5218 -1.1964 15
      vertex 19.4782 -1.1964 15
      vertex 10.6479 -0.808242 15
    endloop
  endfacet
  facet normal 0 0 1
    outer loop
      vertex 19.4782 -1.1964 15
      vertex 10.5218 -1.1964 15
      vertex 19.652 -1.5657 15
    endloop
  endfacet
  facet normal 0 0 1
    outer loop
      vertex 19.3521 -0.808242 15
      vertex 10.6479 -0.808242 15
      vertex 19.4782 -1.1964 15
    endloop
  endfacet
  facet normal 0 0 1
    outer loop
      vertex 10.348 -1.5657 15
      vertex 19.652 -1.5657 15
      vertex 10.5218 -1.1964 15
    endloop
  endfacet
  facet normal 0 0 1
    outer loop
      vertex 10.6479 -0.808242 15
      vertex 19.3521 -0.808242 15
      vertex 10.7244 -0.407332 15
    endloop
  endfacet
  facet normal 0 0 1
    outer loop
      vertex 20.1309 -12.7752 15
      vertex 10.75 -15 15
      vertex 19.8707 -13.0897 15
    endloop
  endfacet
  facet normal 0 0 1
    outer loop
      vertex 19.2756 -0.407332 15
      vertex 10.7244 -0.407332 15
      vertex 19.3521 -0.808242 15
    endloop
  endfacet
  facet normal 0 0 1
    outer loop
      vertex 19.8707 -13.0897 15
      vertex 10.75 -15 15
      vertex 19.652 -13.4343 15
    endloop
  endfacet
  facet normal 0 0 1
    outer loop
      vertex 10.7244 -0.407332 15
      vertex 19.2756 -0.407332 15
      vertex 10.75 0 15
    endloop
  endfacet
  facet normal 0 0 1
    outer loop
      vertex 19.652 -13.4343 15
      vertex 10.75 -15 15
      vertex 19.4782 -13.8036 15
    endloop
  endfacet
  facet normal -0 0 1
    outer loop
      vertex 10.75 0 15
      vertex 19.2756 -0.407332 15
      vertex 19.25 0 15
    endloop
  endfacet
  facet normal 0 0 1
    outer loop
      vertex 19.4782 -13.8036 15
      vertex 10.75 -15 15
      vertex 19.3521 -14.1918 15
    endloop
  endfacet
  facet normal 0 0 1
    outer loop
      vertex 25.6479 14.1918 15
      vertex 29.5 17 15
      vertex 25.7244 14.5927 15
    endloop
  endfacet
  facet normal 0 0 1
    outer loop
      vertex 29.5 17 15
      vertex 25.7244 0.407332 15
      vertex 25.75 0 15
    endloop
  endfacet
  facet normal 0 0 1
    outer loop
      vertex 25.5218 13.8036 15
      vertex 29.5 17 15
      vertex 25.6479 14.1918 15
    endloop
  endfacet
  facet normal 0 0 1
    outer loop
      vertex 29.5 17 15
      vertex 25.6479 0.808242 15
      vertex 25.7244 0.407332 15
    endloop
  endfacet
  facet normal 0 0 1
    outer loop
      vertex 25.348 13.4343 15
      vertex 29.5 17 15
      vertex 25.5218 13.8036 15
    endloop
  endfacet
  facet normal 0 0 1
    outer loop
      vertex 29.5 17 15
      vertex 25.5218 1.1964 15
      vertex 25.6479 0.808242 15
    endloop
  endfacet
  facet normal 0 0 1
    outer loop
      vertex 25.1293 13.0897 15
      vertex 29.5 17 15
      vertex 25.348 13.4343 15
    endloop
  endfacet
  facet normal 0 0 1
    outer loop
      vertex 29.5 17 15
      vertex 25.348 1.5657 15
      vertex 25.5218 1.1964 15
    endloop
  endfacet
  facet normal 0 0 1
    outer loop
      vertex 25.1293 1.9103 15
      vertex 29.5 17 15
      vertex 25.1293 13.0897 15
    endloop
  endfacet
  facet normal 0 0 1
    outer loop
      vertex 29.5 17 15
      vertex 25.1293 1.9103 15
      vertex 25.348 1.5657 15
    endloop
  endfacet
  facet normal -0 0 1
    outer loop
      vertex 24.8691 12.7752 15
      vertex 25.1293 1.9103 15
      vertex 25.1293 13.0897 15
    endloop
  endfacet
  facet normal 0 0 1
    outer loop
      vertex 24.8691 12.7752 15
      vertex 24.8691 2.22478 15
      vertex 25.1293 1.9103 15
    endloop
  endfacet
  facet normal -0 0 1
    outer loop
      vertex 24.5716 12.4958 15
      vertex 24.8691 2.22478 15
      vertex 24.8691 12.7752 15
    endloop
  endfacet
  facet normal 0 0 1
    outer loop
      vertex 24.5716 12.4958 15
      vertex 24.5716 2.50417 15
      vertex 24.8691 2.22478 15
    endloop
  endfacet
  facet normal -0 0 1
    outer loop
      vertex 24.2414 12.2559 15
      vertex 24.5716 2.50417 15
      vertex 24.5716 12.4958 15
    endloop
  endfacet
  facet normal 0 0 1
    outer loop
      vertex 24.2414 12.2559 15
      vertex 24.2414 2.74407 15
      vertex 24.5716 2.50417 15
    endloop
  endfacet
  facet normal -0 0 1
    outer loop
      vertex 23.8838 12.0593 15
      vertex 24.2414 2.74407 15
      vertex 24.2414 12.2559 15
    endloop
  endfacet
  facet normal 0 0 1
    outer loop
      vertex 23.8838 12.0593 15
      vertex 23.8838 2.94069 15
      vertex 24.2414 2.74407 15
    endloop
  endfacet
  facet normal -0 0 1
    outer loop
      vertex 23.5043 11.9091 15
      vertex 23.8838 2.94069 15
      vertex 23.8838 12.0593 15
    endloop
  endfacet
  facet normal 0 0 1
    outer loop
      vertex 23.5043 11.9091 15
      vertex 23.5043 3.09093 15
      vertex 23.8838 2.94069 15
    endloop
  endfacet
  facet normal -0 0 1
    outer loop
      vertex 23.109 11.8076 15
      vertex 23.5043 3.09093 15
      vertex 23.5043 11.9091 15
    endloop
  endfacet
  facet normal 0 0 1
    outer loop
      vertex 23.109 11.8076 15
      vertex 23.109 3.19243 15
      vertex 23.5043 3.09093 15
    endloop
  endfacet
  facet normal -0 0 1
    outer loop
      vertex 22.7041 11.7564 15
      vertex 23.109 3.19243 15
      vertex 23.109 11.8076 15
    endloop
  endfacet
  facet normal 0 0 1
    outer loop
      vertex 22.7041 11.7564 15
      vertex 22.7041 3.24359 15
      vertex 23.109 3.19243 15
    endloop
  endfacet
  facet normal -0 0 1
    outer loop
      vertex 22.2959 11.7564 15
      vertex 22.7041 3.24359 15
      vertex 22.7041 11.7564 15
    endloop
  endfacet
  facet normal 0 0 1
    outer loop
      vertex 22.2959 11.7564 15
      vertex 22.2959 3.24359 15
      vertex 22.7041 3.24359 15
    endloop
  endfacet
  facet normal 0 0 1
    outer loop
      vertex 21.891 11.8076 15
      vertex 22.2959 3.24359 15
      vertex 22.2959 11.7564 15
    endloop
  endfacet
  facet normal 0 0 1
    outer loop
      vertex 21.891 11.8076 15
      vertex 21.891 3.19243 15
      vertex 22.2959 3.24359 15
    endloop
  endfacet
  facet normal 0 0 1
    outer loop
      vertex 21.4957 11.9091 15
      vertex 21.891 3.19243 15
      vertex 21.891 11.8076 15
    endloop
  endfacet
  facet normal 0 0 1
    outer loop
      vertex 21.4957 11.9091 15
      vertex 21.4957 3.09093 15
      vertex 21.891 3.19243 15
    endloop
  endfacet
  facet normal 0 0 1
    outer loop
      vertex 21.1162 12.0593 15
      vertex 21.4957 3.09093 15
      vertex 21.4957 11.9091 15
    endloop
  endfacet
  facet normal 0 0 1
    outer loop
      vertex 21.1162 12.0593 15
      vertex 21.1162 2.94069 15
      vertex 21.4957 3.09093 15
    endloop
  endfacet
  facet normal 0 0 1
    outer loop
      vertex 20.7586 12.2559 15
      vertex 21.1162 2.94069 15
      vertex 21.1162 12.0593 15
    endloop
  endfacet
  facet normal 0 0 1
    outer loop
      vertex 20.7586 12.2559 15
      vertex 20.7586 2.74407 15
      vertex 21.1162 2.94069 15
    endloop
  endfacet
  facet normal 0 0 1
    outer loop
      vertex 20.4284 12.4958 15
      vertex 20.7586 2.74407 15
      vertex 20.7586 12.2559 15
    endloop
  endfacet
  facet normal 0 0 1
    outer loop
      vertex 20.4284 12.4958 15
      vertex 20.4284 2.50417 15
      vertex 20.7586 2.74407 15
    endloop
  endfacet
  facet normal 0 0 1
    outer loop
      vertex 20.1309 12.7752 15
      vertex 20.4284 2.50417 15
      vertex 20.4284 12.4958 15
    endloop
  endfacet
  facet normal 0 0 1
    outer loop
      vertex 20.1309 12.7752 15
      vertex 20.1309 2.22478 15
      vertex 20.4284 2.50417 15
    endloop
  endfacet
  facet normal 0 0 1
    outer loop
      vertex 10.5218 13.8036 15
      vertex 19.4782 13.8036 15
      vertex 10.6479 14.1918 15
    endloop
  endfacet
  facet normal 0 0 1
    outer loop
      vertex 19.4782 13.8036 15
      vertex 10.5218 13.8036 15
      vertex 19.652 13.4343 15
    endloop
  endfacet
  facet normal 0 0 1
    outer loop
      vertex 19.3521 14.1918 15
      vertex 10.6479 14.1918 15
      vertex 19.4782 13.8036 15
    endloop
  endfacet
  facet normal 0 0 1
    outer loop
      vertex 10.348 13.4343 15
      vertex 19.652 13.4343 15
      vertex 10.5218 13.8036 15
    endloop
  endfacet
  facet normal 0 0 1
    outer loop
      vertex 10.6479 14.1918 15
      vertex 19.3521 14.1918 15
      vertex 10.7244 14.5927 15
    endloop
  endfacet
  facet normal 0 0 1
    outer loop
      vertex 20.1309 2.22478 15
      vertex 10.75 0 15
      vertex 19.8707 1.9103 15
    endloop
  endfacet
  facet normal 0 0 1
    outer loop
      vertex 19.2756 14.5927 15
      vertex 10.7244 14.5927 15
      vertex 19.3521 14.1918 15
    endloop
  endfacet
  facet normal 0 0 1
    outer loop
      vertex 19.8707 1.9103 15
      vertex 10.75 0 15
      vertex 19.652 1.5657 15
    endloop
  endfacet
  facet normal 0 0 1
    outer loop
      vertex 10.7244 14.5927 15
      vertex 19.2756 14.5927 15
      vertex 10.75 15 15
    endloop
  endfacet
  facet normal 0 0 1
    outer loop
      vertex 19.652 1.5657 15
      vertex 10.75 0 15
      vertex 19.4782 1.1964 15
    endloop
  endfacet
  facet normal -0 0 1
    outer loop
      vertex 10.75 15 15
      vertex 19.2756 14.5927 15
      vertex 19.25 15 15
    endloop
  endfacet
  facet normal 0 0 1
    outer loop
      vertex 19.4782 1.1964 15
      vertex 10.75 0 15
      vertex 19.3521 0.808242 15
    endloop
  endfacet
  facet normal 0 0 1
    outer loop
      vertex 25.5218 16.1964 15
      vertex 29.5 17 15
      vertex 29.4606 17.6267 15
    endloop
  endfacet
  facet normal 0 0 1
    outer loop
      vertex 29.5 17 15
      vertex 25.75 0 15
      vertex 29.5 -17 15
    endloop
  endfacet
  facet normal 0 0 1
    outer loop
      vertex 25.348 16.5657 15
      vertex 29.4606 17.6267 15
      vertex 29.3429 18.2435 15
    endloop
  endfacet
  facet normal -0 0 1
    outer loop
      vertex 25.7244 -0.407332 15
      vertex 29.5 -17 15
      vertex 25.75 0 15
    endloop
  endfacet
  facet normal 0 0 1
    outer loop
      vertex 25.348 16.5657 15
      vertex 29.3429 18.2435 15
      vertex 29.1489 18.8406 15
    endloop
  endfacet
  facet normal -0 0 1
    outer loop
      vertex 25.7244 -15.4073 15
      vertex 29.5 -17 15
      vertex 25.75 -15 15
    endloop
  endfacet
  facet normal 0 0 1
    outer loop
      vertex 25.1293 16.9103 15
      vertex 29.1489 18.8406 15
      vertex 28.8815 19.4088 15
    endloop
  endfacet
  facet normal -0 0 1
    outer loop
      vertex 25.6479 -15.8082 15
      vertex 29.5 -17 15
      vertex 25.7244 -15.4073 15
    endloop
  endfacet
  facet normal 0 0 1
    outer loop
      vertex 25.1293 16.9103 15
      vertex 28.8815 19.4088 15
      vertex 28.5451 19.9389 15
    endloop
  endfacet
  facet normal -0 0 1
    outer loop
      vertex 25.5218 -16.1964 15
      vertex 29.5 -17 15
      vertex 25.6479 -15.8082 15
    endloop
  endfacet
  facet normal 0 0 1
    outer loop
      vertex 24.8691 17.2248 15
      vertex 28.5451 19.9389 15
      vertex 28.1448 20.4227 15
    endloop
  endfacet
  facet normal 0 0 1
    outer loop
      vertex 29.5 -17 15
      vertex 25.5218 -16.1964 15
      vertex 29.4606 -17.6267 15
    endloop
  endfacet
  facet normal 0 0 1
    outer loop
      vertex 24.8691 17.2248 15
      vertex 28.1448 20.4227 15
      vertex 27.6871 20.8526 15
    endloop
  endfacet
  facet normal -0 0 1
    outer loop
      vertex 25.348 -16.5657 15
      vertex 29.4606 -17.6267 15
      vertex 25.5218 -16.1964 15
    endloop
  endfacet
  facet normal 0 0 1
    outer loop
      vertex 24.5716 17.5042 15
      vertex 27.6871 20.8526 15
      vertex 27.1791 21.2216 15
    endloop
  endfacet
  facet normal 0 0 1
    outer loop
      vertex 29.4606 -17.6267 15
      vertex 25.348 -16.5657 15
      vertex 29.3429 -18.2435 15
    endloop
  endfacet
  facet normal 0 0 1
    outer loop
      vertex 24.5716 17.5042 15
      vertex 27.1791 21.2216 15
      vertex 26.6289 21.5241 15
    endloop
  endfacet
  facet normal 0 0 1
    outer loop
      vertex 29.3429 -18.2435 15
      vertex 25.348 -16.5657 15
      vertex 29.1489 -18.8406 15
    endloop
  endfacet
  facet normal 0 0 1
    outer loop
      vertex 24.2414 17.7441 15
      vertex 26.6289 21.5241 15
      vertex 26.0451 21.7553 15
    endloop
  endfacet
  facet normal -0 0 1
    outer loop
      vertex 25.1293 -16.9103 15
      vertex 29.1489 -18.8406 15
      vertex 25.348 -16.5657 15
    endloop
  endfacet
  facet normal 0 0 1
    outer loop
      vertex 25.7244 14.5927 15
      vertex 29.5 17 15
      vertex 25.75 15 15
    endloop
  endfacet
  facet normal 0 0 1
    outer loop
      vertex 29.5 17 15
      vertex 25.7244 15.4073 15
      vertex 25.75 15 15
    endloop
  endfacet
  facet normal 0 0 1
    outer loop
      vertex 29.5 17 15
      vertex 25.6479 15.8082 15
      vertex 25.7244 15.4073 15
    endloop
  endfacet
  facet normal 0 0 1
    outer loop
      vertex 29.5 17 15
      vertex 25.5218 16.1964 15
      vertex 25.6479 15.8082 15
    endloop
  endfacet
  facet normal 0 0 1
    outer loop
      vertex 24.2414 17.7441 15
      vertex 26.0451 21.7553 15
      vertex 25.4369 21.9114 15
    endloop
  endfacet
  facet normal 0 0 1
    outer loop
      vertex 29.4606 17.6267 15
      vertex 25.348 16.5657 15
      vertex 25.5218 16.1964 15
    endloop
  endfacet
  facet normal 0 0 1
    outer loop
      vertex 29.1489 18.8406 15
      vertex 25.1293 16.9103 15
      vertex 25.348 16.5657 15
    endloop
  endfacet
  facet normal 0 0 1
    outer loop
      vertex 28.5451 19.9389 15
      vertex 24.8691 17.2248 15
      vertex 25.1293 16.9103 15
    endloop
  endfacet
  facet normal 0 0 1
    outer loop
      vertex 23.8838 17.9407 15
      vertex 25.4369 21.9114 15
      vertex 24.814 21.9901 15
    endloop
  endfacet
  facet normal 0 0 1
    outer loop
      vertex 27.6871 20.8526 15
      vertex 24.5716 17.5042 15
      vertex 24.8691 17.2248 15
    endloop
  endfacet
  facet normal 0 0 1
    outer loop
      vertex 26.6289 21.5241 15
      vertex 24.2414 17.7441 15
      vertex 24.5716 17.5042 15
    endloop
  endfacet
  facet normal 0 0 1
    outer loop
      vertex 25.4369 21.9114 15
      vertex 23.8838 17.9407 15
      vertex 24.2414 17.7441 15
    endloop
  endfacet
  facet normal 0 0 1
    outer loop
      vertex 24.814 21.9901 15
      vertex 23.5043 18.0909 15
      vertex 23.8838 17.9407 15
    endloop
  endfacet
  facet normal 0 0 1
    outer loop
      vertex 24.814 21.9901 15
      vertex 23.109 18.1924 15
      vertex 23.5043 18.0909 15
    endloop
  endfacet
  facet normal 0 0 1
    outer loop
      vertex 24.814 21.9901 15
      vertex 22.7041 18.2436 15
      vertex 23.109 18.1924 15
    endloop
  endfacet
  facet normal 0 0 1
    outer loop
      vertex 24.814 21.9901 15
      vertex 22.2959 18.2436 15
      vertex 22.7041 18.2436 15
    endloop
  endfacet
  facet normal 0 0 1
    outer loop
      vertex 24.814 21.9901 15
      vertex 21.891 18.1924 15
      vertex 22.2959 18.2436 15
    endloop
  endfacet
  facet normal 0 0 1
    outer loop
      vertex 24.814 21.9901 15
      vertex 21.4957 18.0909 15
      vertex 21.891 18.1924 15
    endloop
  endfacet
  facet normal 0 0 1
    outer loop
      vertex 24.814 21.9901 15
      vertex 21.1162 17.9407 15
      vertex 21.4957 18.0909 15
    endloop
  endfacet
  facet normal 0 0 1
    outer loop
      vertex 24.814 21.9901 15
      vertex 20.7586 17.7441 15
      vertex 21.1162 17.9407 15
    endloop
  endfacet
  facet normal 0 0 1
    outer loop
      vertex 9.24144 17.7441 15
      vertex 20.7586 17.7441 15
      vertex 24.814 21.9901 15
    endloop
  endfacet
  facet normal 0 0 1
    outer loop
      vertex 20.7586 17.7441 15
      vertex 9.24144 17.7441 15
      vertex 20.4284 17.5042 15
    endloop
  endfacet
  facet normal 0 0 1
    outer loop
      vertex 19.2756 0.407332 15
      vertex 10.75 0 15
      vertex 19.25 0 15
    endloop
  endfacet
  facet normal 0 0 1
    outer loop
      vertex 19.3521 0.808242 15
      vertex 10.75 0 15
      vertex 19.2756 0.407332 15
    endloop
  endfacet
  facet normal 0 0 1
    outer loop
      vertex 19.2756 15.4073 15
      vertex 10.75 15 15
      vertex 19.25 15 15
    endloop
  endfacet
  facet normal 0 0 1
    outer loop
      vertex 10.7244 15.4073 15
      vertex 19.2756 15.4073 15
      vertex 19.3521 15.8082 15
    endloop
  endfacet
  facet normal 0 0 1
    outer loop
      vertex 10.6479 15.8082 15
      vertex 19.3521 15.8082 15
      vertex 19.4782 16.1964 15
    endloop
  endfacet
  facet normal 0 0 1
    outer loop
      vertex 10.5218 16.1964 15
      vertex 19.4782 16.1964 15
      vertex 19.652 16.5657 15
    endloop
  endfacet
  facet normal 0 0 1
    outer loop
      vertex 10.348 16.5657 15
      vertex 19.652 16.5657 15
      vertex 19.8707 16.9103 15
    endloop
  endfacet
  facet normal 0 0 1
    outer loop
      vertex 10.1293 16.9103 15
      vertex 19.8707 16.9103 15
      vertex 20.1309 17.2248 15
    endloop
  endfacet
  facet normal 0 -0 1
    outer loop
      vertex 9.57163 17.5042 15
      vertex 20.4284 17.5042 15
      vertex 9.24144 17.7441 15
    endloop
  endfacet
  facet normal 0 0 1
    outer loop
      vertex 19.2756 15.4073 15
      vertex 10.7244 15.4073 15
      vertex 10.75 15 15
    endloop
  endfacet
  facet normal 0 0 1
    outer loop
      vertex 19.3521 15.8082 15
      vertex 10.6479 15.8082 15
      vertex 10.7244 15.4073 15
    endloop
  endfacet
  facet normal 0 0 1
    outer loop
      vertex 19.4782 16.1964 15
      vertex 10.5218 16.1964 15
      vertex 10.6479 15.8082 15
    endloop
  endfacet
  facet normal 0 0 1
    outer loop
      vertex 19.652 16.5657 15
      vertex 10.348 16.5657 15
      vertex 10.5218 16.1964 15
    endloop
  endfacet
  facet normal 0 0 1
    outer loop
      vertex 19.8707 16.9103 15
      vertex 10.1293 16.9103 15
      vertex 10.348 16.5657 15
    endloop
  endfacet
  facet normal 0 0 1
    outer loop
      vertex 20.1309 17.2248 15
      vertex 9.86915 17.2248 15
      vertex 10.1293 16.9103 15
    endloop
  endfacet
  facet normal 0 0 1
    outer loop
      vertex 20.1309 17.2248 15
      vertex 9.57163 17.5042 15
      vertex 9.86915 17.2248 15
    endloop
  endfacet
  facet normal 0 0 1
    outer loop
      vertex 20.4284 17.5042 15
      vertex 9.57163 17.5042 15
      vertex 20.1309 17.2248 15
    endloop
  endfacet
  facet normal 0 0 1
    outer loop
      vertex 24.814 21.9901 15
      vertex 8.88378 17.9407 15
      vertex 9.24144 17.7441 15
    endloop
  endfacet
  facet normal 0 0 1
    outer loop
      vertex 24.814 21.9901 15
      vertex 8.5043 18.0909 15
      vertex 8.88378 17.9407 15
    endloop
  endfacet
  facet normal 0 0 1
    outer loop
      vertex 24.814 21.9901 15
      vertex 8.10899 18.1924 15
      vertex 8.5043 18.0909 15
    endloop
  endfacet
  facet normal 0 0 1
    outer loop
      vertex 24.814 21.9901 15
      vertex 7.70407 18.2436 15
      vertex 8.10899 18.1924 15
    endloop
  endfacet
  facet normal 0 0 1
    outer loop
      vertex 24.814 21.9901 15
      vertex 7.29593 18.2436 15
      vertex 7.70407 18.2436 15
    endloop
  endfacet
  facet normal -0 0 1
    outer loop
      vertex -24.814 21.9901 15
      vertex 7.29593 18.2436 15
      vertex 24.814 21.9901 15
    endloop
  endfacet
  facet normal 0 0 1
    outer loop
      vertex 4.3521 0.808242 15
      vertex -11.3842 0 15
      vertex 4.27563 0.407332 15
    endloop
  endfacet
  facet normal 0 0 1
    outer loop
      vertex 4.27563 0.407332 15
      vertex -11.3842 0 15
      vertex 4.25 0 15
    endloop
  endfacet
  facet normal 0 0 1
    outer loop
      vertex -12.75 13.25 15
      vertex 4.25 15 15
      vertex 4.27563 15.4073 15
    endloop
  endfacet
  facet normal 0 0 1
    outer loop
      vertex -12.75 13.25 15
      vertex 4.27563 15.4073 15
      vertex 4.3521 15.8082 15
    endloop
  endfacet
  facet normal 0 0 1
    outer loop
      vertex -12.75 13.25 15
      vertex 4.3521 15.8082 15
      vertex 4.47823 16.1964 15
    endloop
  endfacet
  facet normal 0 0 1
    outer loop
      vertex -12.75 13.25 15
      vertex 4.47823 16.1964 15
      vertex 4.652 16.5657 15
    endloop
  endfacet
  facet normal 0 0 1
    outer loop
      vertex -12.75 13.25 15
      vertex 4.652 16.5657 15
      vertex 4.87069 16.9103 15
    endloop
  endfacet
  facet normal 0 0 1
    outer loop
      vertex -12.75 13.25 15
      vertex 4.87069 16.9103 15
      vertex 5.13085 17.2248 15
    endloop
  endfacet
  facet normal 0 0 1
    outer loop
      vertex -12.75 13.25 15
      vertex 5.13085 17.2248 15
      vertex 5.42837 17.5042 15
    endloop
  endfacet
  facet normal 0 0 1
    outer loop
      vertex -24.814 21.9901 15
      vertex 5.42837 17.5042 15
      vertex 5.75856 17.7441 15
    endloop
  endfacet
  facet normal 0 0 1
    outer loop
      vertex -24.814 21.9901 15
      vertex 5.75856 17.7441 15
      vertex 6.11622 17.9407 15
    endloop
  endfacet
  facet normal 0 0 1
    outer loop
      vertex 4.25 15 15
      vertex -12.75 13.25 15
      vertex -11.3842 10 15
    endloop
  endfacet
  facet normal 0 0 1
    outer loop
      vertex -24.814 21.9901 15
      vertex 6.11622 17.9407 15
      vertex 6.49569 18.0909 15
    endloop
  endfacet
  facet normal 0 0 1
    outer loop
      vertex -24.814 21.9901 15
      vertex 6.49569 18.0909 15
      vertex 6.89101 18.1924 15
    endloop
  endfacet
  facet normal 0 0 1
    outer loop
      vertex 5.42837 17.5042 15
      vertex -24.814 21.9901 15
      vertex -12.75 13.25 15
    endloop
  endfacet
  facet normal 0 0 1
    outer loop
      vertex -16.25 13.25 15
      vertex -17.6158 10 15
      vertex -16.25 12.3656 15
    endloop
  endfacet
  facet normal 0 0 1
    outer loop
      vertex -29.5 17 15
      vertex -17.6158 0 15
      vertex -17.6158 10 15
    endloop
  endfacet
  facet normal 0 0 1
    outer loop
      vertex -16.25 13.25 15
      vertex -29.5 17 15
      vertex -17.6158 10 15
    endloop
  endfacet
  facet normal -0 0 1
    outer loop
      vertex -29.5 17 15
      vertex -16.25 13.25 15
      vertex -24.814 21.9901 15
    endloop
  endfacet
  facet normal 0 0 1
    outer loop
      vertex -12.75 13.25 15
      vertex -24.814 21.9901 15
      vertex -16.25 13.25 15
    endloop
  endfacet
  facet normal 0 0 1
    outer loop
      vertex 7.29593 18.2436 15
      vertex -24.814 21.9901 15
      vertex 6.89101 18.1924 15
    endloop
  endfacet
  facet normal 0 0 1
    outer loop
      vertex 29.1489 -18.8406 15
      vertex 25.1293 -16.9103 15
      vertex 28.8815 -19.4088 15
    endloop
  endfacet
  facet normal 0 0 1
    outer loop
      vertex 28.8815 -19.4088 15
      vertex 25.1293 -16.9103 15
      vertex 28.5451 -19.9389 15
    endloop
  endfacet
  facet normal -0 0 1
    outer loop
      vertex 24.8691 -17.2248 15
      vertex 28.5451 -19.9389 15
      vertex 25.1293 -16.9103 15
    endloop
  endfacet
  facet normal 0 0 1
    outer loop
      vertex 28.5451 -19.9389 15
      vertex 24.8691 -17.2248 15
      vertex 28.1448 -20.4227 15
    endloop
  endfacet
  facet normal 0 0 1
    outer loop
      vertex 28.1448 -20.4227 15
      vertex 24.8691 -17.2248 15
      vertex 27.6871 -20.8526 15
    endloop
  endfacet
  facet normal -0 0 1
    outer loop
      vertex 24.5716 -17.5042 15
      vertex 27.6871 -20.8526 15
      vertex 24.8691 -17.2248 15
    endloop
  endfacet
  facet normal 0 0 1
    outer loop
      vertex 27.6871 -20.8526 15
      vertex 24.5716 -17.5042 15
      vertex 27.1791 -21.2216 15
    endloop
  endfacet
  facet normal 0 0 1
    outer loop
      vertex 27.1791 -21.2216 15
      vertex 24.5716 -17.5042 15
      vertex 26.6289 -21.5241 15
    endloop
  endfacet
  facet normal -0 0 1
    outer loop
      vertex 24.2414 -17.7441 15
      vertex 26.6289 -21.5241 15
      vertex 24.5716 -17.5042 15
    endloop
  endfacet
  facet normal 0 0 1
    outer loop
      vertex 26.6289 -21.5241 15
      vertex 24.2414 -17.7441 15
      vertex 26.0451 -21.7553 15
    endloop
  endfacet
  facet normal 0 0 1
    outer loop
      vertex 26.0451 -21.7553 15
      vertex 24.2414 -17.7441 15
      vertex 25.4369 -21.9114 15
    endloop
  endfacet
  facet normal -0 0 1
    outer loop
      vertex 23.8838 -17.9407 15
      vertex 25.4369 -21.9114 15
      vertex 24.2414 -17.7441 15
    endloop
  endfacet
  facet normal 0 0 1
    outer loop
      vertex 25.4369 -21.9114 15
      vertex 23.8838 -17.9407 15
      vertex 24.814 -21.9901 15
    endloop
  endfacet
  facet normal -0 0 1
    outer loop
      vertex 23.5043 -18.0909 15
      vertex 24.814 -21.9901 15
      vertex 23.8838 -17.9407 15
    endloop
  endfacet
  facet normal -0 0 1
    outer loop
      vertex 23.109 -18.1924 15
      vertex 24.814 -21.9901 15
      vertex 23.5043 -18.0909 15
    endloop
  endfacet
  facet normal -0 0 1
    outer loop
      vertex 22.7041 -18.2436 15
      vertex 24.814 -21.9901 15
      vertex 23.109 -18.1924 15
    endloop
  endfacet
  facet normal -0 0 1
    outer loop
      vertex 22.2959 -18.2436 15
      vertex 24.814 -21.9901 15
      vertex 22.7041 -18.2436 15
    endloop
  endfacet
  facet normal 0 0 1
    outer loop
      vertex 21.891 -18.1924 15
      vertex 24.814 -21.9901 15
      vertex 22.2959 -18.2436 15
    endloop
  endfacet
  facet normal 0 0 1
    outer loop
      vertex 21.4957 -18.0909 15
      vertex 24.814 -21.9901 15
      vertex 21.891 -18.1924 15
    endloop
  endfacet
  facet normal 0 0 1
    outer loop
      vertex 21.1162 -17.9407 15
      vertex 24.814 -21.9901 15
      vertex 21.4957 -18.0909 15
    endloop
  endfacet
  facet normal 0 0 1
    outer loop
      vertex 20.7586 -17.7441 15
      vertex 24.814 -21.9901 15
      vertex 21.1162 -17.9407 15
    endloop
  endfacet
  facet normal 0 0 1
    outer loop
      vertex 9.24144 -17.7441 15
      vertex 20.7586 -17.7441 15
      vertex 20.4284 -17.5042 15
    endloop
  endfacet
  facet normal 0 0 1
    outer loop
      vertex 9.57163 -17.5042 15
      vertex 20.4284 -17.5042 15
      vertex 20.1309 -17.2248 15
    endloop
  endfacet
  facet normal 0 0 1
    outer loop
      vertex 19.3521 -14.1918 15
      vertex 10.75 -15 15
      vertex 19.2756 -14.5927 15
    endloop
  endfacet
  facet normal 0 0 1
    outer loop
      vertex 19.2756 -14.5927 15
      vertex 10.75 -15 15
      vertex 19.25 -15 15
    endloop
  endfacet
  facet normal 0 0 1
    outer loop
      vertex 19.25 -15 15
      vertex 10.75 -15 15
      vertex 19.2756 -15.4073 15
    endloop
  endfacet
  facet normal 0 0 1
    outer loop
      vertex 10.7244 -15.4073 15
      vertex 19.2756 -15.4073 15
      vertex 10.75 -15 15
    endloop
  endfacet
  facet normal 0 0 1
    outer loop
      vertex 19.2756 -15.4073 15
      vertex 10.7244 -15.4073 15
      vertex 19.3521 -15.8082 15
    endloop
  endfacet
  facet normal 0 0 1
    outer loop
      vertex 10.6479 -15.8082 15
      vertex 19.3521 -15.8082 15
      vertex 10.7244 -15.4073 15
    endloop
  endfacet
  facet normal 0 0 1
    outer loop
      vertex 19.3521 -15.8082 15
      vertex 10.6479 -15.8082 15
      vertex 19.4782 -16.1964 15
    endloop
  endfacet
  facet normal 0 0 1
    outer loop
      vertex 10.5218 -16.1964 15
      vertex 19.4782 -16.1964 15
      vertex 10.6479 -15.8082 15
    endloop
  endfacet
  facet normal 0 0 1
    outer loop
      vertex 19.4782 -16.1964 15
      vertex 10.5218 -16.1964 15
      vertex 19.652 -16.5657 15
    endloop
  endfacet
  facet normal 0 0 1
    outer loop
      vertex 10.348 -16.5657 15
      vertex 19.652 -16.5657 15
      vertex 10.5218 -16.1964 15
    endloop
  endfacet
  facet normal 0 0 1
    outer loop
      vertex 19.652 -16.5657 15
      vertex 10.348 -16.5657 15
      vertex 19.8707 -16.9103 15
    endloop
  endfacet
  facet normal 0 0 1
    outer loop
      vertex 10.1293 -16.9103 15
      vertex 19.8707 -16.9103 15
      vertex 10.348 -16.5657 15
    endloop
  endfacet
  facet normal 0 0 1
    outer loop
      vertex 19.8707 -16.9103 15
      vertex 10.1293 -16.9103 15
      vertex 20.1309 -17.2248 15
    endloop
  endfacet
  facet normal 0 0 1
    outer loop
      vertex 9.86915 -17.2248 15
      vertex 20.1309 -17.2248 15
      vertex 10.1293 -16.9103 15
    endloop
  endfacet
  facet normal 0 0 1
    outer loop
      vertex 9.57163 -17.5042 15
      vertex 20.1309 -17.2248 15
      vertex 9.86915 -17.2248 15
    endloop
  endfacet
  facet normal 0 0 1
    outer loop
      vertex 20.4284 -17.5042 15
      vertex 9.57163 -17.5042 15
      vertex 9.24144 -17.7441 15
    endloop
  endfacet
  facet normal 0 0 1
    outer loop
      vertex 20.7586 -17.7441 15
      vertex 9.24144 -17.7441 15
      vertex 24.814 -21.9901 15
    endloop
  endfacet
  facet normal -0 0 1
    outer loop
      vertex 8.88378 -17.9407 15
      vertex 24.814 -21.9901 15
      vertex 9.24144 -17.7441 15
    endloop
  endfacet
  facet normal -0 0 1
    outer loop
      vertex 8.5043 -18.0909 15
      vertex 24.814 -21.9901 15
      vertex 8.88378 -17.9407 15
    endloop
  endfacet
  facet normal -0 0 1
    outer loop
      vertex 8.10899 -18.1924 15
      vertex 24.814 -21.9901 15
      vertex 8.5043 -18.0909 15
    endloop
  endfacet
  facet normal -0 0 1
    outer loop
      vertex 7.70407 -18.2436 15
      vertex 24.814 -21.9901 15
      vertex 8.10899 -18.1924 15
    endloop
  endfacet
  facet normal -0 0 1
    outer loop
      vertex 7.29593 -18.2436 15
      vertex 24.814 -21.9901 15
      vertex 7.70407 -18.2436 15
    endloop
  endfacet
  facet normal 0 0 1
    outer loop
      vertex -24.814 -21.9901 15
      vertex 7.29593 -18.2436 15
      vertex 6.89101 -18.1924 15
    endloop
  endfacet
  facet normal 0 0 1
    outer loop
      vertex 4.47823 -1.1964 15
      vertex -11.3842 0 15
      vertex -11.3842 -10 15
    endloop
  endfacet
  facet normal 0 0 1
    outer loop
      vertex 4.27563 -14.5927 15
      vertex -11.3842 -10 15
      vertex 4.25 -15 15
    endloop
  endfacet
  facet normal -0 0 1
    outer loop
      vertex -12.75 -13.25 15
      vertex 4.25 -15 15
      vertex -11.3842 -10 15
    endloop
  endfacet
  facet normal 0 0 1
    outer loop
      vertex 4.25 -15 15
      vertex -12.75 -13.25 15
      vertex 4.27563 -15.4073 15
    endloop
  endfacet
  facet normal 0 0 1
    outer loop
      vertex 4.27563 -15.4073 15
      vertex -12.75 -13.25 15
      vertex 4.3521 -15.8082 15
    endloop
  endfacet
  facet normal 0 0 1
    outer loop
      vertex 4.3521 -15.8082 15
      vertex -12.75 -13.25 15
      vertex 4.47823 -16.1964 15
    endloop
  endfacet
  facet normal 0 0 1
    outer loop
      vertex 4.47823 -16.1964 15
      vertex -12.75 -13.25 15
      vertex 4.652 -16.5657 15
    endloop
  endfacet
  facet normal 0 0 1
    outer loop
      vertex 4.652 -16.5657 15
      vertex -12.75 -13.25 15
      vertex 4.87069 -16.9103 15
    endloop
  endfacet
  facet normal 0 0 1
    outer loop
      vertex 4.87069 -16.9103 15
      vertex -12.75 -13.25 15
      vertex 5.13085 -17.2248 15
    endloop
  endfacet
  facet normal 0 0 1
    outer loop
      vertex 5.13085 -17.2248 15
      vertex -12.75 -13.25 15
      vertex 5.42837 -17.5042 15
    endloop
  endfacet
  facet normal 0 0 1
    outer loop
      vertex -24.814 -21.9901 15
      vertex 5.42837 -17.5042 15
      vertex -12.75 -13.25 15
    endloop
  endfacet
  facet normal 0 0 1
    outer loop
      vertex -12.75 -13.25 15
      vertex -11.3842 -10 15
      vertex -12.75 -12.3656 15
    endloop
  endfacet
  facet normal 0 0 1
    outer loop
      vertex 5.42837 -17.5042 15
      vertex -24.814 -21.9901 15
      vertex 5.75856 -17.7441 15
    endloop
  endfacet
  facet normal 0 0 1
    outer loop
      vertex 5.75856 -17.7441 15
      vertex -24.814 -21.9901 15
      vertex 6.11622 -17.9407 15
    endloop
  endfacet
  facet normal 0 0 1
    outer loop
      vertex 6.11622 -17.9407 15
      vertex -24.814 -21.9901 15
      vertex 6.49569 -18.0909 15
    endloop
  endfacet
  facet normal 0 0 1
    outer loop
      vertex -24.814 -21.9901 15
      vertex -12.75 -13.25 15
      vertex -16.25 -13.25 15
    endloop
  endfacet
  facet normal 0 0 1
    outer loop
      vertex 7.29593 -18.2436 15
      vertex -24.814 -21.9901 15
      vertex 24.814 -21.9901 15
    endloop
  endfacet
  facet normal 0 0 1
    outer loop
      vertex 6.49569 -18.0909 15
      vertex -24.814 -21.9901 15
      vertex 6.89101 -18.1924 15
    endloop
  endfacet
  facet normal 0 0 1
    outer loop
      vertex -29.5 -17 15
      vertex -16.25 -13.25 15
      vertex -17.6158 -10 15
    endloop
  endfacet
  facet normal 0 0 1
    outer loop
      vertex -29.5 -17 15
      vertex -17.6158 0 15
      vertex -29.5 17 15
    endloop
  endfacet
  facet normal 0 0 1
    outer loop
      vertex -29.5 17 15
      vertex -24.814 21.9901 15
      vertex -25.4369 21.9114 15
    endloop
  endfacet
  facet normal 0 0 1
    outer loop
      vertex -17.6158 0 15
      vertex -29.5 -17 15
      vertex -17.6158 -10 15
    endloop
  endfacet
  facet normal 0 0 1
    outer loop
      vertex -29.5 17 15
      vertex -25.4369 21.9114 15
      vertex -26.0451 21.7553 15
    endloop
  endfacet
  facet normal 0 0 1
    outer loop
      vertex -16.25 -13.25 15
      vertex -29.5 -17 15
      vertex -24.814 -21.9901 15
    endloop
  endfacet
  facet normal 0 0 1
    outer loop
      vertex -29.5 17 15
      vertex -26.0451 21.7553 15
      vertex -26.6289 21.5241 15
    endloop
  endfacet
  facet normal 0 0 1
    outer loop
      vertex -24.814 -21.9901 15
      vertex -29.5 -17 15
      vertex -25.4369 -21.9114 15
    endloop
  endfacet
  facet normal 0 0 1
    outer loop
      vertex -29.5 17 15
      vertex -26.6289 21.5241 15
      vertex -27.1791 21.2216 15
    endloop
  endfacet
  facet normal 0 0 1
    outer loop
      vertex -25.4369 -21.9114 15
      vertex -29.5 -17 15
      vertex -26.0451 -21.7553 15
    endloop
  endfacet
  facet normal 0 0 1
    outer loop
      vertex -29.5 17 15
      vertex -27.1791 21.2216 15
      vertex -27.6871 20.8526 15
    endloop
  endfacet
  facet normal 0 0 1
    outer loop
      vertex -26.0451 -21.7553 15
      vertex -29.5 -17 15
      vertex -26.6289 -21.5241 15
    endloop
  endfacet
  facet normal 0 0 1
    outer loop
      vertex -29.5 17 15
      vertex -27.6871 20.8526 15
      vertex -28.1448 20.4227 15
    endloop
  endfacet
  facet normal 0 0 1
    outer loop
      vertex -26.6289 -21.5241 15
      vertex -29.5 -17 15
      vertex -27.1791 -21.2216 15
    endloop
  endfacet
  facet normal 0 0 1
    outer loop
      vertex -29.5 17 15
      vertex -28.1448 20.4227 15
      vertex -28.5451 19.9389 15
    endloop
  endfacet
  facet normal 0 0 1
    outer loop
      vertex -27.1791 -21.2216 15
      vertex -29.5 -17 15
      vertex -27.6871 -20.8526 15
    endloop
  endfacet
  facet normal 0 0 1
    outer loop
      vertex -29.5 17 15
      vertex -28.5451 19.9389 15
      vertex -28.8815 19.4088 15
    endloop
  endfacet
  facet normal 0 0 1
    outer loop
      vertex -27.6871 -20.8526 15
      vertex -29.5 -17 15
      vertex -28.1448 -20.4227 15
    endloop
  endfacet
  facet normal 0 0 1
    outer loop
      vertex -29.5 17 15
      vertex -28.8815 19.4088 15
      vertex -29.1489 18.8406 15
    endloop
  endfacet
  facet normal 0 0 1
    outer loop
      vertex -28.1448 -20.4227 15
      vertex -29.5 -17 15
      vertex -28.5451 -19.9389 15
    endloop
  endfacet
  facet normal 0 0 1
    outer loop
      vertex -29.5 17 15
      vertex -29.1489 18.8406 15
      vertex -29.3429 18.2435 15
    endloop
  endfacet
  facet normal 0 0 1
    outer loop
      vertex -28.5451 -19.9389 15
      vertex -29.5 -17 15
      vertex -28.8815 -19.4088 15
    endloop
  endfacet
  facet normal 0 0 1
    outer loop
      vertex -29.5 17 15
      vertex -29.3429 18.2435 15
      vertex -29.4606 17.6267 15
    endloop
  endfacet
  facet normal 0 0 1
    outer loop
      vertex -28.8815 -19.4088 15
      vertex -29.5 -17 15
      vertex -29.1489 -18.8406 15
    endloop
  endfacet
  facet normal 0 0 1
    outer loop
      vertex -29.1489 -18.8406 15
      vertex -29.5 -17 15
      vertex -29.3429 -18.2435 15
    endloop
  endfacet
  facet normal 0 0 1
    outer loop
      vertex -29.3429 -18.2435 15
      vertex -29.5 -17 15
      vertex -29.4606 -17.6267 15
    endloop
  endfacet
  facet normal 0 0 1
    outer loop
      vertex -11.3842 10 15
      vertex -12.75 13.25 15
      vertex -12.75 12.3656 15
    endloop
  endfacet
  facet normal -0 0 1
    outer loop
      vertex -12.9421 7.30165 15
      vertex -12.75 6.75 15
      vertex -12.75 7.63439 15
    endloop
  endfacet
  facet normal -0 0 1
    outer loop
      vertex -16.0579 7.30165 15
      vertex -12.75 6.75 15
      vertex -12.9421 7.30165 15
    endloop
  endfacet
  facet normal 0 0 1
    outer loop
      vertex -16.0579 7.30165 15
      vertex -16.25 6.75 15
      vertex -12.75 6.75 15
    endloop
  endfacet
  facet normal 0 0 1
    outer loop
      vertex -16.25 6.75 15
      vertex -16.0579 7.30165 15
      vertex -16.25 7.63439 15
    endloop
  endfacet
  facet normal 0 0 1
    outer loop
      vertex -12.75 13.25 15
      vertex -12.9421 12.6983 15
      vertex -12.75 12.3656 15
    endloop
  endfacet
  facet normal 0 0 1
    outer loop
      vertex -12.75 13.25 15
      vertex -16.0579 12.6983 15
      vertex -12.9421 12.6983 15
    endloop
  endfacet
  facet normal -0 0 1
    outer loop
      vertex -16.25 13.25 15
      vertex -16.0579 12.6983 15
      vertex -12.75 13.25 15
    endloop
  endfacet
  facet normal 0 0 1
    outer loop
      vertex -16.0579 12.6983 15
      vertex -16.25 13.25 15
      vertex -16.25 12.3656 15
    endloop
  endfacet
  facet normal -0 0 1
    outer loop
      vertex -12.9421 -2.69835 15
      vertex -12.75 -3.25 15
      vertex -12.75 -2.36561 15
    endloop
  endfacet
  facet normal -0 0 1
    outer loop
      vertex -16.0579 -2.69835 15
      vertex -12.75 -3.25 15
      vertex -12.9421 -2.69835 15
    endloop
  endfacet
  facet normal 0 0 1
    outer loop
      vertex -16.0579 -2.69835 15
      vertex -16.25 -3.25 15
      vertex -12.75 -3.25 15
    endloop
  endfacet
  facet normal 0 0 1
    outer loop
      vertex -16.25 -3.25 15
      vertex -16.0579 -2.69835 15
      vertex -16.25 -2.36561 15
    endloop
  endfacet
  facet normal 0 0 1
    outer loop
      vertex -12.75 3.25 15
      vertex -12.9421 2.69835 15
      vertex -12.75 2.36561 15
    endloop
  endfacet
  facet normal 0 0 1
    outer loop
      vertex -12.75 3.25 15
      vertex -16.0579 2.69835 15
      vertex -12.9421 2.69835 15
    endloop
  endfacet
  facet normal -0 0 1
    outer loop
      vertex -16.25 3.25 15
      vertex -16.0579 2.69835 15
      vertex -12.75 3.25 15
    endloop
  endfacet
  facet normal 0 0 1
    outer loop
      vertex -16.0579 2.69835 15
      vertex -16.25 3.25 15
      vertex -16.25 2.36561 15
    endloop
  endfacet
  facet normal -0 0 1
    outer loop
      vertex -12.9421 -12.6983 15
      vertex -12.75 -13.25 15
      vertex -12.75 -12.3656 15
    endloop
  endfacet
  facet normal -0 0 1
    outer loop
      vertex -16.0579 -12.6983 15
      vertex -12.75 -13.25 15
      vertex -12.9421 -12.6983 15
    endloop
  endfacet
  facet normal 0 0 1
    outer loop
      vertex -16.0579 -12.6983 15
      vertex -16.25 -13.25 15
      vertex -12.75 -13.25 15
    endloop
  endfacet
  facet normal 0 0 1
    outer loop
      vertex -16.25 -13.25 15
      vertex -16.0579 -12.6983 15
      vertex -16.25 -12.3656 15
    endloop
  endfacet
  facet normal 0 0 1
    outer loop
      vertex -12.75 -6.75 15
      vertex -12.9421 -7.30165 15
      vertex -12.75 -7.63439 15
    endloop
  endfacet
  facet normal 0 0 1
    outer loop
      vertex -12.75 -6.75 15
      vertex -16.0579 -7.30165 15
      vertex -12.9421 -7.30165 15
    endloop
  endfacet
  facet normal -0 0 1
    outer loop
      vertex -16.25 -6.75 15
      vertex -16.0579 -7.30165 15
      vertex -12.75 -6.75 15
    endloop
  endfacet
  facet normal 0 0 1
    outer loop
      vertex -16.0579 -7.30165 15
      vertex -16.25 -6.75 15
      vertex -16.25 -7.63439 15
    endloop
  endfacet
  facet normal -1 0 0
    outer loop
      vertex -12.75 1.75 12.5
      vertex -12.75 -1.75 12.5
      vertex -12.75 1.75 12.8
    endloop
  endfacet
  facet normal -1 0 0
    outer loop
      vertex -12.75 3.25 12.8
      vertex -12.75 2.36561 13.1
      vertex -12.75 3.25 13.1
    endloop
  endfacet
  facet normal -1 0 0
    outer loop
      vertex -12.75 1.75 12.8
      vertex -12.75 2.36561 13.1
      vertex -12.75 3.25 12.8
    endloop
  endfacet
  facet normal -1 0 0
    outer loop
      vertex -12.75 -1.75 12.8
      vertex -12.75 1.75 12.8
      vertex -12.75 -1.75 12.5
    endloop
  endfacet
  facet normal -1 0 0
    outer loop
      vertex -12.75 1.75 12.8
      vertex -12.75 -1.75 12.8
      vertex -12.75 2.36561 13.1
    endloop
  endfacet
  facet normal -1 0 0
    outer loop
      vertex -12.75 -1.75 12.8
      vertex -12.75 -2.36561 13.1
      vertex -12.75 2.36561 13.1
    endloop
  endfacet
  facet normal -1 0 0
    outer loop
      vertex -12.75 -3.25 12.8
      vertex -12.75 -2.36561 13.1
      vertex -12.75 -1.75 12.8
    endloop
  endfacet
  facet normal -1 -0 0
    outer loop
      vertex -12.75 -2.36561 13.1
      vertex -12.75 -3.25 12.8
      vertex -12.75 -3.25 13.1
    endloop
  endfacet
  facet normal -0 0 1
    outer loop
      vertex -16.25 -1.75 12.8
      vertex -12.75 -3.25 12.8
      vertex -12.75 -1.75 12.8
    endloop
  endfacet
  facet normal 0 0 1
    outer loop
      vertex -12.75 -3.25 12.8
      vertex -16.25 -1.75 12.8
      vertex -16.25 -3.25 12.8
    endloop
  endfacet
  facet normal -0 0 1
    outer loop
      vertex -16.25 3.25 12.8
      vertex -12.75 1.75 12.8
      vertex -12.75 3.25 12.8
    endloop
  endfacet
  facet normal 0 0 1
    outer loop
      vertex -12.75 1.75 12.8
      vertex -16.25 3.25 12.8
      vertex -16.25 1.75 12.8
    endloop
  endfacet
  facet normal 1 -0 0
    outer loop
      vertex -16.25 2.36561 13.1
      vertex -16.25 3.25 12.8
      vertex -16.25 3.25 13.1
    endloop
  endfacet
  facet normal 1 0 0
    outer loop
      vertex -16.25 2.36561 13.1
      vertex -16.25 1.75 12.8
      vertex -16.25 3.25 12.8
    endloop
  endfacet
  facet normal 1 0 0
    outer loop
      vertex -16.25 1.75 12.8
      vertex -16.25 -1.75 12.8
      vertex -16.25 1.75 12.5
    endloop
  endfacet
  facet normal 1 0 0
    outer loop
      vertex -16.25 2.36561 13.1
      vertex -16.25 -1.75 12.8
      vertex -16.25 1.75 12.8
    endloop
  endfacet
  facet normal 1 -0 0
    outer loop
      vertex -16.25 -2.36561 13.1
      vertex -16.25 -1.75 12.8
      vertex -16.25 2.36561 13.1
    endloop
  endfacet
  facet normal 1 0 0
    outer loop
      vertex -16.25 -3.25 12.8
      vertex -16.25 -2.36561 13.1
      vertex -16.25 -3.25 13.1
    endloop
  endfacet
  facet normal 1 0 0
    outer loop
      vertex -16.25 -2.36561 13.1
      vertex -16.25 -3.25 12.8
      vertex -16.25 -1.75 12.8
    endloop
  endfacet
  facet normal 1 0 0
    outer loop
      vertex -16.25 1.75 12.5
      vertex -16.25 -1.75 12.8
      vertex -16.25 -1.75 12.5
    endloop
  endfacet
  facet normal 0 0 -1
    outer loop
      vertex -12.75 -3.25 13.1
      vertex -12.9421 -2.69835 13.1
      vertex -12.75 -2.36561 13.1
    endloop
  endfacet
  facet normal 0 0 -1
    outer loop
      vertex -12.75 -3.25 13.1
      vertex -16.0579 -2.69835 13.1
      vertex -12.9421 -2.69835 13.1
    endloop
  endfacet
  facet normal 0 0 -1
    outer loop
      vertex -16.25 -3.25 13.1
      vertex -16.0579 -2.69835 13.1
      vertex -12.75 -3.25 13.1
    endloop
  endfacet
  facet normal -0 0 -1
    outer loop
      vertex -16.0579 -2.69835 13.1
      vertex -16.25 -3.25 13.1
      vertex -16.25 -2.36561 13.1
    endloop
  endfacet
  facet normal 0 0 1
    outer loop
      vertex -12.75 2.36561 13.1
      vertex -12.75 -2.36561 13.1
      vertex -11.3842 0 13.1
    endloop
  endfacet
  facet normal 0 0 -1
    outer loop
      vertex -12.9421 2.69835 13.1
      vertex -12.75 3.25 13.1
      vertex -12.75 2.36561 13.1
    endloop
  endfacet
  facet normal 0 0 -1
    outer loop
      vertex -16.0579 2.69835 13.1
      vertex -12.75 3.25 13.1
      vertex -12.9421 2.69835 13.1
    endloop
  endfacet
  facet normal 0 0 -1
    outer loop
      vertex -16.0579 2.69835 13.1
      vertex -16.25 3.25 13.1
      vertex -12.75 3.25 13.1
    endloop
  endfacet
  facet normal 0 0 -1
    outer loop
      vertex -16.25 3.25 13.1
      vertex -16.0579 2.69835 13.1
      vertex -16.25 2.36561 13.1
    endloop
  endfacet
  facet normal 0 0 1
    outer loop
      vertex -16.25 2.36561 13.1
      vertex -17.6158 0 13.1
      vertex -16.25 -2.36561 13.1
    endloop
  endfacet
  facet normal 0 1 -0
    outer loop
      vertex -12.75 -3.25 12.8
      vertex -16.25 -3.25 13.1
      vertex -12.75 -3.25 13.1
    endloop
  endfacet
  facet normal 0 1 0
    outer loop
      vertex -16.25 -3.25 13.1
      vertex -12.75 -3.25 12.8
      vertex -16.25 -3.25 12.8
    endloop
  endfacet
  facet normal 0 -1 0
    outer loop
      vertex -16.25 3.25 12.8
      vertex -12.75 3.25 13.1
      vertex -16.25 3.25 13.1
    endloop
  endfacet
  facet normal 0 -1 -0
    outer loop
      vertex -12.75 3.25 13.1
      vertex -16.25 3.25 12.8
      vertex -12.75 3.25 12.8
    endloop
  endfacet
  facet normal 0 0 1
    outer loop
      vertex -12.75 1.75 12.5
      vertex -12.95 0 12.5
      vertex -12.75 -1.75 12.5
    endloop
  endfacet
  facet normal 0 0 1
    outer loop
      vertex -12.75 1.75 12.5
      vertex -12.9622 0.194266 12.5
      vertex -12.95 0 12.5
    endloop
  endfacet
  facet normal 0 0 1
    outer loop
      vertex -12.75 1.75 12.5
      vertex -12.9987 0.385468 12.5
      vertex -12.9622 0.194266 12.5
    endloop
  endfacet
  facet normal 0 0 1
    outer loop
      vertex -12.75 1.75 12.5
      vertex -13.0588 0.570593 12.5
      vertex -12.9987 0.385468 12.5
    endloop
  endfacet
  facet normal 0 0 1
    outer loop
      vertex -12.75 1.75 12.5
      vertex -13.1417 0.746717 12.5
      vertex -13.0588 0.570593 12.5
    endloop
  endfacet
  facet normal 0 0 1
    outer loop
      vertex -12.75 1.75 12.5
      vertex -13.246 0.911067 12.5
      vertex -13.1417 0.746717 12.5
    endloop
  endfacet
  facet normal 0 0 1
    outer loop
      vertex -12.75 1.75 12.5
      vertex -13.3701 1.06105 12.5
      vertex -13.246 0.911067 12.5
    endloop
  endfacet
  facet normal 0 0 1
    outer loop
      vertex -12.75 1.75 12.5
      vertex -13.512 1.19429 12.5
      vertex -13.3701 1.06105 12.5
    endloop
  endfacet
  facet normal 0 0 1
    outer loop
      vertex -12.75 1.75 12.5
      vertex -13.6695 1.30871 12.5
      vertex -13.512 1.19429 12.5
    endloop
  endfacet
  facet normal 0 0 1
    outer loop
      vertex -12.75 1.75 12.5
      vertex -13.84 1.40248 12.5
      vertex -13.6695 1.30871 12.5
    endloop
  endfacet
  facet normal 0 0 1
    outer loop
      vertex -12.75 1.75 12.5
      vertex -14.021 1.47414 12.5
      vertex -13.84 1.40248 12.5
    endloop
  endfacet
  facet normal 0 0 1
    outer loop
      vertex -12.75 1.75 12.5
      vertex -14.2096 1.52254 12.5
      vertex -14.021 1.47414 12.5
    endloop
  endfacet
  facet normal 0 0 1
    outer loop
      vertex -12.75 1.75 12.5
      vertex -14.4027 1.54694 12.5
      vertex -14.2096 1.52254 12.5
    endloop
  endfacet
  facet normal 0 0 1
    outer loop
      vertex -12.75 1.75 12.5
      vertex -14.5973 1.54694 12.5
      vertex -14.4027 1.54694 12.5
    endloop
  endfacet
  facet normal 0 0 1
    outer loop
      vertex -16.0378 0.194266 12.5
      vertex -16.25 1.75 12.5
      vertex -16.05 0 12.5
    endloop
  endfacet
  facet normal 0 0 1
    outer loop
      vertex -16.0013 0.385468 12.5
      vertex -16.25 1.75 12.5
      vertex -16.0378 0.194266 12.5
    endloop
  endfacet
  facet normal 0 0 1
    outer loop
      vertex -15.9412 0.570593 12.5
      vertex -16.25 1.75 12.5
      vertex -16.0013 0.385468 12.5
    endloop
  endfacet
  facet normal 0 0 1
    outer loop
      vertex -15.8583 0.746717 12.5
      vertex -16.25 1.75 12.5
      vertex -15.9412 0.570593 12.5
    endloop
  endfacet
  facet normal 0 0 1
    outer loop
      vertex -15.754 0.911067 12.5
      vertex -16.25 1.75 12.5
      vertex -15.8583 0.746717 12.5
    endloop
  endfacet
  facet normal 0 0 1
    outer loop
      vertex -15.6299 1.06105 12.5
      vertex -16.25 1.75 12.5
      vertex -15.754 0.911067 12.5
    endloop
  endfacet
  facet normal 0 0 1
    outer loop
      vertex -15.488 1.19429 12.5
      vertex -16.25 1.75 12.5
      vertex -15.6299 1.06105 12.5
    endloop
  endfacet
  facet normal 0 0 1
    outer loop
      vertex -15.3305 1.30871 12.5
      vertex -16.25 1.75 12.5
      vertex -15.488 1.19429 12.5
    endloop
  endfacet
  facet normal 0 0 1
    outer loop
      vertex -15.16 1.40248 12.5
      vertex -16.25 1.75 12.5
      vertex -15.3305 1.30871 12.5
    endloop
  endfacet
  facet normal 0 0 1
    outer loop
      vertex -14.979 1.47414 12.5
      vertex -16.25 1.75 12.5
      vertex -15.16 1.40248 12.5
    endloop
  endfacet
  facet normal 0 0 1
    outer loop
      vertex -14.7904 1.52254 12.5
      vertex -16.25 1.75 12.5
      vertex -14.979 1.47414 12.5
    endloop
  endfacet
  facet normal 0 0 1
    outer loop
      vertex -14.5973 1.54694 12.5
      vertex -16.25 1.75 12.5
      vertex -14.7904 1.52254 12.5
    endloop
  endfacet
  facet normal -0 0 1
    outer loop
      vertex -16.25 1.75 12.5
      vertex -14.5973 1.54694 12.5
      vertex -12.75 1.75 12.5
    endloop
  endfacet
  facet normal -0 0 1
    outer loop
      vertex -12.9622 -0.194266 12.5
      vertex -12.75 -1.75 12.5
      vertex -12.95 0 12.5
    endloop
  endfacet
  facet normal -0 0 1
    outer loop
      vertex -12.9987 -0.385468 12.5
      vertex -12.75 -1.75 12.5
      vertex -12.9622 -0.194266 12.5
    endloop
  endfacet
  facet normal -0 0 1
    outer loop
      vertex -13.0588 -0.570593 12.5
      vertex -12.75 -1.75 12.5
      vertex -12.9987 -0.385468 12.5
    endloop
  endfacet
  facet normal -0 0 1
    outer loop
      vertex -13.1417 -0.746717 12.5
      vertex -12.75 -1.75 12.5
      vertex -13.0588 -0.570593 12.5
    endloop
  endfacet
  facet normal -0 0 1
    outer loop
      vertex -13.246 -0.911067 12.5
      vertex -12.75 -1.75 12.5
      vertex -13.1417 -0.746717 12.5
    endloop
  endfacet
  facet normal -0 0 1
    outer loop
      vertex -13.3701 -1.06105 12.5
      vertex -12.75 -1.75 12.5
      vertex -13.246 -0.911067 12.5
    endloop
  endfacet
  facet normal -0 0 1
    outer loop
      vertex -13.512 -1.19429 12.5
      vertex -12.75 -1.75 12.5
      vertex -13.3701 -1.06105 12.5
    endloop
  endfacet
  facet normal -0 0 1
    outer loop
      vertex -13.6695 -1.30871 12.5
      vertex -12.75 -1.75 12.5
      vertex -13.512 -1.19429 12.5
    endloop
  endfacet
  facet normal -0 0 1
    outer loop
      vertex -13.84 -1.40248 12.5
      vertex -12.75 -1.75 12.5
      vertex -13.6695 -1.30871 12.5
    endloop
  endfacet
  facet normal -0 0 1
    outer loop
      vertex -14.021 -1.47414 12.5
      vertex -12.75 -1.75 12.5
      vertex -13.84 -1.40248 12.5
    endloop
  endfacet
  facet normal -0 0 1
    outer loop
      vertex -14.2096 -1.52254 12.5
      vertex -12.75 -1.75 12.5
      vertex -14.021 -1.47414 12.5
    endloop
  endfacet
  facet normal -0 0 1
    outer loop
      vertex -14.4027 -1.54694 12.5
      vertex -12.75 -1.75 12.5
      vertex -14.2096 -1.52254 12.5
    endloop
  endfacet
  facet normal -0 0 1
    outer loop
      vertex -14.5973 -1.54694 12.5
      vertex -12.75 -1.75 12.5
      vertex -14.4027 -1.54694 12.5
    endloop
  endfacet
  facet normal 0 0 1
    outer loop
      vertex -16.25 -1.75 12.5
      vertex -16.05 0 12.5
      vertex -16.25 1.75 12.5
    endloop
  endfacet
  facet normal 0 0 1
    outer loop
      vertex -14.5973 -1.54694 12.5
      vertex -16.25 -1.75 12.5
      vertex -12.75 -1.75 12.5
    endloop
  endfacet
  facet normal 0 0 1
    outer loop
      vertex -14.7904 -1.52254 12.5
      vertex -16.25 -1.75 12.5
      vertex -14.5973 -1.54694 12.5
    endloop
  endfacet
  facet normal 0 0 1
    outer loop
      vertex -14.979 -1.47414 12.5
      vertex -16.25 -1.75 12.5
      vertex -14.7904 -1.52254 12.5
    endloop
  endfacet
  facet normal 0 0 1
    outer loop
      vertex -15.16 -1.40248 12.5
      vertex -16.25 -1.75 12.5
      vertex -14.979 -1.47414 12.5
    endloop
  endfacet
  facet normal 0 0 1
    outer loop
      vertex -15.3305 -1.30871 12.5
      vertex -16.25 -1.75 12.5
      vertex -15.16 -1.40248 12.5
    endloop
  endfacet
  facet normal 0 0 1
    outer loop
      vertex -15.488 -1.19429 12.5
      vertex -16.25 -1.75 12.5
      vertex -15.3305 -1.30871 12.5
    endloop
  endfacet
  facet normal 0 0 1
    outer loop
      vertex -15.6299 -1.06105 12.5
      vertex -16.25 -1.75 12.5
      vertex -15.488 -1.19429 12.5
    endloop
  endfacet
  facet normal 0 0 1
    outer loop
      vertex -15.754 -0.911067 12.5
      vertex -16.25 -1.75 12.5
      vertex -15.6299 -1.06105 12.5
    endloop
  endfacet
  facet normal 0 0 1
    outer loop
      vertex -15.8583 -0.746717 12.5
      vertex -16.25 -1.75 12.5
      vertex -15.754 -0.911067 12.5
    endloop
  endfacet
  facet normal 0 0 1
    outer loop
      vertex -15.9412 -0.570593 12.5
      vertex -16.25 -1.75 12.5
      vertex -15.8583 -0.746717 12.5
    endloop
  endfacet
  facet normal 0 0 1
    outer loop
      vertex -16.0013 -0.385468 12.5
      vertex -16.25 -1.75 12.5
      vertex -15.9412 -0.570593 12.5
    endloop
  endfacet
  facet normal 0 0 1
    outer loop
      vertex -16.0378 -0.194266 12.5
      vertex -16.25 -1.75 12.5
      vertex -16.0013 -0.385468 12.5
    endloop
  endfacet
  facet normal 0 0 1
    outer loop
      vertex -16.05 0 12.5
      vertex -16.25 -1.75 12.5
      vertex -16.0378 -0.194266 12.5
    endloop
  endfacet
  facet normal 0 -1 0
    outer loop
      vertex -16.25 1.75 12.5
      vertex -12.75 1.75 12.8
      vertex -16.25 1.75 12.8
    endloop
  endfacet
  facet normal 0 -1 -0
    outer loop
      vertex -12.75 1.75 12.8
      vertex -16.25 1.75 12.5
      vertex -12.75 1.75 12.5
    endloop
  endfacet
  facet normal 0 1 -0
    outer loop
      vertex -12.75 -1.75 12.5
      vertex -16.25 -1.75 12.8
      vertex -12.75 -1.75 12.8
    endloop
  endfacet
  facet normal 0 1 0
    outer loop
      vertex -16.25 -1.75 12.8
      vertex -12.75 -1.75 12.5
      vertex -16.25 -1.75 12.5
    endloop
  endfacet
  facet normal 0.866023 0.500004 0
    outer loop
      vertex -16.25 -2.36561 15
      vertex -17.6158 0 13.1
      vertex -17.6158 0 15
    endloop
  endfacet
  facet normal 0.866023 0.500004 0
    outer loop
      vertex -16.25 -2.36561 15
      vertex -16.25 -2.36561 13.1
      vertex -17.6158 0 13.1
    endloop
  endfacet
  facet normal 0.866034 0.499985 0
    outer loop
      vertex -16.0579 -2.69835 15
      vertex -16.25 -2.36561 13.1
      vertex -16.25 -2.36561 15
    endloop
  endfacet
  facet normal 0.866034 0.499985 0
    outer loop
      vertex -16.25 -2.36561 13.1
      vertex -16.0579 -2.69835 15
      vertex -16.0579 -2.69835 13.1
    endloop
  endfacet
  facet normal 0.866034 -0.499985 0
    outer loop
      vertex -16.25 2.36561 15
      vertex -16.0579 2.69835 13.1
      vertex -16.0579 2.69835 15
    endloop
  endfacet
  facet normal 0.866034 -0.499985 0
    outer loop
      vertex -16.25 2.36561 15
      vertex -16.25 2.36561 13.1
      vertex -16.0579 2.69835 13.1
    endloop
  endfacet
  facet normal 0.866023 -0.500004 0
    outer loop
      vertex -17.6158 0 15
      vertex -16.25 2.36561 13.1
      vertex -16.25 2.36561 15
    endloop
  endfacet
  facet normal 0.866023 -0.500004 0
    outer loop
      vertex -16.25 2.36561 13.1
      vertex -17.6158 0 15
      vertex -17.6158 0 13.1
    endloop
  endfacet
  facet normal -0.866023 0.500004 0
    outer loop
      vertex -12.75 -2.36561 13.1
      vertex -11.3842 0 15
      vertex -11.3842 0 13.1
    endloop
  endfacet
  facet normal -0.866023 0.500004 0
    outer loop
      vertex -12.75 -2.36561 13.1
      vertex -12.75 -2.36561 15
      vertex -11.3842 0 15
    endloop
  endfacet
  facet normal -0.866034 0.499985 0
    outer loop
      vertex -12.9421 -2.69835 13.1
      vertex -12.75 -2.36561 15
      vertex -12.75 -2.36561 13.1
    endloop
  endfacet
  facet normal -0.866034 0.499985 0
    outer loop
      vertex -12.75 -2.36561 15
      vertex -12.9421 -2.69835 13.1
      vertex -12.9421 -2.69835 15
    endloop
  endfacet
  facet normal 0 1 -0
    outer loop
      vertex -12.9421 -2.69835 13.1
      vertex -16.0579 -2.69835 15
      vertex -12.9421 -2.69835 15
    endloop
  endfacet
  facet normal 0 1 0
    outer loop
      vertex -16.0579 -2.69835 15
      vertex -12.9421 -2.69835 13.1
      vertex -16.0579 -2.69835 13.1
    endloop
  endfacet
  facet normal -0.866034 -0.499985 0
    outer loop
      vertex -12.75 2.36561 13.1
      vertex -12.9421 2.69835 15
      vertex -12.9421 2.69835 13.1
    endloop
  endfacet
  facet normal -0.866034 -0.499985 0
    outer loop
      vertex -12.75 2.36561 13.1
      vertex -12.75 2.36561 15
      vertex -12.9421 2.69835 15
    endloop
  endfacet
  facet normal -0.866023 -0.500004 0
    outer loop
      vertex -11.3842 0 13.1
      vertex -12.75 2.36561 15
      vertex -12.75 2.36561 13.1
    endloop
  endfacet
  facet normal -0.866023 -0.500004 0
    outer loop
      vertex -12.75 2.36561 15
      vertex -11.3842 0 13.1
      vertex -11.3842 0 15
    endloop
  endfacet
  facet normal 0 -1 0
    outer loop
      vertex -16.0579 2.69835 13.1
      vertex -12.9421 2.69835 15
      vertex -16.0579 2.69835 15
    endloop
  endfacet
  facet normal 0 -1 -0
    outer loop
      vertex -12.9421 2.69835 15
      vertex -16.0579 2.69835 13.1
      vertex -12.9421 2.69835 13.1
    endloop
  endfacet
  facet normal 0.904783 -0.425873 0
    outer loop
      vertex -15.9412 0.570593 12.5
      vertex -15.8583 0.746717 0
      vertex -15.8583 0.746717 12.5
    endloop
  endfacet
  facet normal 0.904783 -0.425873 0
    outer loop
      vertex -15.8583 0.746717 0
      vertex -15.9412 0.570593 12.5
      vertex -15.9412 0.570593 0
    endloop
  endfacet
  facet normal 0.844327 -0.535828 0
    outer loop
      vertex -15.8583 0.746717 12.5
      vertex -15.754 0.911067 0
      vertex -15.754 0.911067 12.5
    endloop
  endfacet
  facet normal 0.844327 -0.535828 0
    outer loop
      vertex -15.754 0.911067 0
      vertex -15.8583 0.746717 12.5
      vertex -15.8583 0.746717 0
    endloop
  endfacet
  facet normal 0.368111 -0.929782 0
    outer loop
      vertex -15.16 1.40248 0
      vertex -14.979 1.47414 12.5
      vertex -15.16 1.40248 12.5
    endloop
  endfacet
  facet normal 0.368111 -0.929782 0
    outer loop
      vertex -14.979 1.47414 12.5
      vertex -15.16 1.40248 0
      vertex -14.979 1.47414 0
    endloop
  endfacet
  facet normal -0.368111 -0.929782 0
    outer loop
      vertex -14.021 1.47414 0
      vertex -13.84 1.40248 12.5
      vertex -14.021 1.47414 12.5
    endloop
  endfacet
  facet normal -0.368111 -0.929782 -0
    outer loop
      vertex -13.84 1.40248 12.5
      vertex -14.021 1.47414 0
      vertex -13.84 1.40248 0
    endloop
  endfacet
  facet normal -0.904783 -0.425873 0
    outer loop
      vertex -13.0588 0.570593 0
      vertex -13.1417 0.746717 12.5
      vertex -13.1417 0.746717 0
    endloop
  endfacet
  facet normal -0.904783 -0.425873 0
    outer loop
      vertex -13.1417 0.746717 12.5
      vertex -13.0588 0.570593 0
      vertex -13.0588 0.570593 12.5
    endloop
  endfacet
  facet normal 0.982262 0.187512 0
    outer loop
      vertex -16.0013 -0.385468 12.5
      vertex -16.0378 -0.194266 0
      vertex -16.0378 -0.194266 12.5
    endloop
  endfacet
  facet normal 0.982262 0.187512 0
    outer loop
      vertex -16.0378 -0.194266 0
      vertex -16.0013 -0.385468 12.5
      vertex -16.0013 -0.385468 0
    endloop
  endfacet
  facet normal 0.125363 -0.992111 0
    outer loop
      vertex -14.7904 1.52254 0
      vertex -14.5973 1.54694 12.5
      vertex -14.7904 1.52254 12.5
    endloop
  endfacet
  facet normal 0.125363 -0.992111 0
    outer loop
      vertex -14.5973 1.54694 12.5
      vertex -14.7904 1.52254 0
      vertex -14.5973 1.54694 0
    endloop
  endfacet
  facet normal 0.58775 -0.809043 0
    outer loop
      vertex -15.488 1.19429 0
      vertex -15.3305 1.30871 12.5
      vertex -15.488 1.19429 12.5
    endloop
  endfacet
  facet normal 0.58775 -0.809043 0
    outer loop
      vertex -15.3305 1.30871 12.5
      vertex -15.488 1.19429 0
      vertex -15.3305 1.30871 0
    endloop
  endfacet
  facet normal -0.982262 -0.187512 0
    outer loop
      vertex -12.9622 0.194266 0
      vertex -12.9987 0.385468 12.5
      vertex -12.9987 0.385468 0
    endloop
  endfacet
  facet normal -0.982262 -0.187512 0
    outer loop
      vertex -12.9987 0.385468 12.5
      vertex -12.9622 0.194266 0
      vertex -12.9622 0.194266 12.5
    endloop
  endfacet
  facet normal -0.770455 -0.637495 0
    outer loop
      vertex -13.246 0.911067 0
      vertex -13.3701 1.06105 12.5
      vertex -13.3701 1.06105 0
    endloop
  endfacet
  facet normal -0.770455 -0.637495 0
    outer loop
      vertex -13.3701 1.06105 12.5
      vertex -13.246 0.911067 0
      vertex -13.246 0.911067 12.5
    endloop
  endfacet
  facet normal -0.481899 -0.876227 0
    outer loop
      vertex -13.84 1.40248 0
      vertex -13.6695 1.30871 12.5
      vertex -13.84 1.40248 12.5
    endloop
  endfacet
  facet normal -0.481899 -0.876227 -0
    outer loop
      vertex -13.6695 1.30871 12.5
      vertex -13.84 1.40248 0
      vertex -13.6695 1.30871 0
    endloop
  endfacet
  facet normal -0.248573 -0.968613 0
    outer loop
      vertex -14.2096 1.52254 0
      vertex -14.021 1.47414 12.5
      vertex -14.2096 1.52254 12.5
    endloop
  endfacet
  facet normal -0.248573 -0.968613 -0
    outer loop
      vertex -14.021 1.47414 12.5
      vertex -14.2096 1.52254 0
      vertex -14.021 1.47414 0
    endloop
  endfacet
  facet normal 0.998034 -0.062677 0
    outer loop
      vertex -16.05 0 12.5
      vertex -16.0378 0.194266 0
      vertex -16.0378 0.194266 12.5
    endloop
  endfacet
  facet normal 0.998034 -0.062677 0
    outer loop
      vertex -16.0378 0.194266 0
      vertex -16.05 0 12.5
      vertex -16.05 0 0
    endloop
  endfacet
  facet normal 0.951133 0.308781 0
    outer loop
      vertex -15.9412 -0.570593 12.5
      vertex -16.0013 -0.385468 0
      vertex -16.0013 -0.385468 12.5
    endloop
  endfacet
  facet normal 0.951133 0.308781 0
    outer loop
      vertex -16.0013 -0.385468 0
      vertex -15.9412 -0.570593 12.5
      vertex -15.9412 -0.570593 0
    endloop
  endfacet
  facet normal -0.684512 0.729002 0
    outer loop
      vertex -13.3701 -1.06105 0
      vertex -13.512 -1.19429 12.5
      vertex -13.3701 -1.06105 12.5
    endloop
  endfacet
  facet normal -0.684512 0.729002 0
    outer loop
      vertex -13.512 -1.19429 12.5
      vertex -13.3701 -1.06105 0
      vertex -13.512 -1.19429 0
    endloop
  endfacet
  facet normal 0.58775 0.809043 -0
    outer loop
      vertex -15.3305 -1.30871 0
      vertex -15.488 -1.19429 12.5
      vertex -15.3305 -1.30871 12.5
    endloop
  endfacet
  facet normal 0.58775 0.809043 0
    outer loop
      vertex -15.488 -1.19429 12.5
      vertex -15.3305 -1.30871 0
      vertex -15.488 -1.19429 0
    endloop
  endfacet
  facet normal 0.982262 -0.187512 0
    outer loop
      vertex -16.0378 0.194266 12.5
      vertex -16.0013 0.385468 0
      vertex -16.0013 0.385468 12.5
    endloop
  endfacet
  facet normal 0.982262 -0.187512 0
    outer loop
      vertex -16.0013 0.385468 0
      vertex -16.0378 0.194266 12.5
      vertex -16.0378 0.194266 0
    endloop
  endfacet
  facet normal 0.951133 -0.308781 0
    outer loop
      vertex -16.0013 0.385468 12.5
      vertex -15.9412 0.570593 0
      vertex -15.9412 0.570593 12.5
    endloop
  endfacet
  facet normal 0.951133 -0.308781 0
    outer loop
      vertex -15.9412 0.570593 0
      vertex -16.0013 0.385468 12.5
      vertex -16.0013 0.385468 0
    endloop
  endfacet
  facet normal 0.684512 -0.729002 0
    outer loop
      vertex -15.6299 1.06105 0
      vertex -15.488 1.19429 12.5
      vertex -15.6299 1.06105 12.5
    endloop
  endfacet
  facet normal 0.684512 -0.729002 0
    outer loop
      vertex -15.488 1.19429 12.5
      vertex -15.6299 1.06105 0
      vertex -15.488 1.19429 0
    endloop
  endfacet
  facet normal 0.770455 -0.637495 0
    outer loop
      vertex -15.754 0.911067 12.5
      vertex -15.6299 1.06105 0
      vertex -15.6299 1.06105 12.5
    endloop
  endfacet
  facet normal 0.770455 -0.637495 0
    outer loop
      vertex -15.6299 1.06105 0
      vertex -15.754 0.911067 12.5
      vertex -15.754 0.911067 0
    endloop
  endfacet
  facet normal 0 -1 0
    outer loop
      vertex -14.5973 1.54694 0
      vertex -14.4027 1.54694 12.5
      vertex -14.5973 1.54694 12.5
    endloop
  endfacet
  facet normal 0 -1 -0
    outer loop
      vertex -14.4027 1.54694 12.5
      vertex -14.5973 1.54694 0
      vertex -14.4027 1.54694 0
    endloop
  endfacet
  facet normal 0.248573 -0.968613 0
    outer loop
      vertex -14.979 1.47414 0
      vertex -14.7904 1.52254 12.5
      vertex -14.979 1.47414 12.5
    endloop
  endfacet
  facet normal 0.248573 -0.968613 0
    outer loop
      vertex -14.7904 1.52254 12.5
      vertex -14.979 1.47414 0
      vertex -14.7904 1.52254 0
    endloop
  endfacet
  facet normal 0.481899 -0.876227 0
    outer loop
      vertex -15.3305 1.30871 0
      vertex -15.16 1.40248 12.5
      vertex -15.3305 1.30871 12.5
    endloop
  endfacet
  facet normal 0.481899 -0.876227 0
    outer loop
      vertex -15.16 1.40248 12.5
      vertex -15.3305 1.30871 0
      vertex -15.16 1.40248 0
    endloop
  endfacet
  facet normal -0.998034 -0.062677 0
    outer loop
      vertex -12.95 0 0
      vertex -12.9622 0.194266 12.5
      vertex -12.9622 0.194266 0
    endloop
  endfacet
  facet normal -0.998034 -0.062677 0
    outer loop
      vertex -12.9622 0.194266 12.5
      vertex -12.95 0 0
      vertex -12.95 0 12.5
    endloop
  endfacet
  facet normal -0.951133 -0.308781 0
    outer loop
      vertex -12.9987 0.385468 0
      vertex -13.0588 0.570593 12.5
      vertex -13.0588 0.570593 0
    endloop
  endfacet
  facet normal -0.951133 -0.308781 0
    outer loop
      vertex -13.0588 0.570593 12.5
      vertex -12.9987 0.385468 0
      vertex -12.9987 0.385468 12.5
    endloop
  endfacet
  facet normal -0.844327 -0.535828 0
    outer loop
      vertex -13.1417 0.746717 0
      vertex -13.246 0.911067 12.5
      vertex -13.246 0.911067 0
    endloop
  endfacet
  facet normal -0.844327 -0.535828 0
    outer loop
      vertex -13.246 0.911067 12.5
      vertex -13.1417 0.746717 0
      vertex -13.1417 0.746717 12.5
    endloop
  endfacet
  facet normal -0.125363 -0.992111 0
    outer loop
      vertex -14.4027 1.54694 0
      vertex -14.2096 1.52254 12.5
      vertex -14.4027 1.54694 12.5
    endloop
  endfacet
  facet normal -0.125363 -0.992111 -0
    outer loop
      vertex -14.2096 1.52254 12.5
      vertex -14.4027 1.54694 0
      vertex -14.2096 1.52254 0
    endloop
  endfacet
  facet normal -0.58775 -0.809043 0
    outer loop
      vertex -13.6695 1.30871 0
      vertex -13.512 1.19429 12.5
      vertex -13.6695 1.30871 12.5
    endloop
  endfacet
  facet normal -0.58775 -0.809043 -0
    outer loop
      vertex -13.512 1.19429 12.5
      vertex -13.6695 1.30871 0
      vertex -13.512 1.19429 0
    endloop
  endfacet
  facet normal -0.684512 -0.729002 0
    outer loop
      vertex -13.512 1.19429 0
      vertex -13.3701 1.06105 12.5
      vertex -13.512 1.19429 12.5
    endloop
  endfacet
  facet normal -0.684512 -0.729002 -0
    outer loop
      vertex -13.3701 1.06105 12.5
      vertex -13.512 1.19429 0
      vertex -13.3701 1.06105 0
    endloop
  endfacet
  facet normal 0.998034 0.062677 0
    outer loop
      vertex -16.0378 -0.194266 12.5
      vertex -16.05 0 0
      vertex -16.05 0 12.5
    endloop
  endfacet
  facet normal 0.998034 0.062677 0
    outer loop
      vertex -16.05 0 0
      vertex -16.0378 -0.194266 12.5
      vertex -16.0378 -0.194266 0
    endloop
  endfacet
  facet normal 0 1 -0
    outer loop
      vertex -14.4027 -1.54694 0
      vertex -14.5973 -1.54694 12.5
      vertex -14.4027 -1.54694 12.5
    endloop
  endfacet
  facet normal 0 1 0
    outer loop
      vertex -14.5973 -1.54694 12.5
      vertex -14.4027 -1.54694 0
      vertex -14.5973 -1.54694 0
    endloop
  endfacet
  facet normal -0.951133 0.308781 0
    outer loop
      vertex -13.0588 -0.570593 0
      vertex -12.9987 -0.385468 12.5
      vertex -12.9987 -0.385468 0
    endloop
  endfacet
  facet normal -0.951133 0.308781 0
    outer loop
      vertex -12.9987 -0.385468 12.5
      vertex -13.0588 -0.570593 0
      vertex -13.0588 -0.570593 12.5
    endloop
  endfacet
  facet normal -0.770455 0.637495 0
    outer loop
      vertex -13.3701 -1.06105 0
      vertex -13.246 -0.911067 12.5
      vertex -13.246 -0.911067 0
    endloop
  endfacet
  facet normal -0.770455 0.637495 0
    outer loop
      vertex -13.246 -0.911067 12.5
      vertex -13.3701 -1.06105 0
      vertex -13.3701 -1.06105 12.5
    endloop
  endfacet
  facet normal 0.125363 0.992111 -0
    outer loop
      vertex -14.5973 -1.54694 0
      vertex -14.7904 -1.52254 12.5
      vertex -14.5973 -1.54694 12.5
    endloop
  endfacet
  facet normal 0.125363 0.992111 0
    outer loop
      vertex -14.7904 -1.52254 12.5
      vertex -14.5973 -1.54694 0
      vertex -14.7904 -1.52254 0
    endloop
  endfacet
  facet normal 0.248573 0.968613 -0
    outer loop
      vertex -14.7904 -1.52254 0
      vertex -14.979 -1.47414 12.5
      vertex -14.7904 -1.52254 12.5
    endloop
  endfacet
  facet normal 0.248573 0.968613 0
    outer loop
      vertex -14.979 -1.47414 12.5
      vertex -14.7904 -1.52254 0
      vertex -14.979 -1.47414 0
    endloop
  endfacet
  facet normal -0.481899 0.876227 0
    outer loop
      vertex -13.6695 -1.30871 0
      vertex -13.84 -1.40248 12.5
      vertex -13.6695 -1.30871 12.5
    endloop
  endfacet
  facet normal -0.481899 0.876227 0
    outer loop
      vertex -13.84 -1.40248 12.5
      vertex -13.6695 -1.30871 0
      vertex -13.84 -1.40248 0
    endloop
  endfacet
  facet normal -0.248573 0.968613 0
    outer loop
      vertex -14.021 -1.47414 0
      vertex -14.2096 -1.52254 12.5
      vertex -14.021 -1.47414 12.5
    endloop
  endfacet
  facet normal -0.248573 0.968613 0
    outer loop
      vertex -14.2096 -1.52254 12.5
      vertex -14.021 -1.47414 0
      vertex -14.2096 -1.52254 0
    endloop
  endfacet
  facet normal 0.481899 0.876227 -0
    outer loop
      vertex -15.16 -1.40248 0
      vertex -15.3305 -1.30871 12.5
      vertex -15.16 -1.40248 12.5
    endloop
  endfacet
  facet normal 0.481899 0.876227 0
    outer loop
      vertex -15.3305 -1.30871 12.5
      vertex -15.16 -1.40248 0
      vertex -15.3305 -1.30871 0
    endloop
  endfacet
  facet normal 0.770455 0.637495 0
    outer loop
      vertex -15.6299 -1.06105 12.5
      vertex -15.754 -0.911067 0
      vertex -15.754 -0.911067 12.5
    endloop
  endfacet
  facet normal 0.770455 0.637495 0
    outer loop
      vertex -15.754 -0.911067 0
      vertex -15.6299 -1.06105 12.5
      vertex -15.6299 -1.06105 0
    endloop
  endfacet
  facet normal 0.904783 0.425873 0
    outer loop
      vertex -15.8583 -0.746717 12.5
      vertex -15.9412 -0.570593 0
      vertex -15.9412 -0.570593 12.5
    endloop
  endfacet
  facet normal 0.904783 0.425873 0
    outer loop
      vertex -15.9412 -0.570593 0
      vertex -15.8583 -0.746717 12.5
      vertex -15.8583 -0.746717 0
    endloop
  endfacet
  facet normal 0.844327 0.535828 0
    outer loop
      vertex -15.754 -0.911067 12.5
      vertex -15.8583 -0.746717 0
      vertex -15.8583 -0.746717 12.5
    endloop
  endfacet
  facet normal 0.844327 0.535828 0
    outer loop
      vertex -15.8583 -0.746717 0
      vertex -15.754 -0.911067 12.5
      vertex -15.754 -0.911067 0
    endloop
  endfacet
  facet normal -0.125363 0.992111 0
    outer loop
      vertex -14.2096 -1.52254 0
      vertex -14.4027 -1.54694 12.5
      vertex -14.2096 -1.52254 12.5
    endloop
  endfacet
  facet normal -0.125363 0.992111 0
    outer loop
      vertex -14.4027 -1.54694 12.5
      vertex -14.2096 -1.52254 0
      vertex -14.4027 -1.54694 0
    endloop
  endfacet
  facet normal -0.982262 0.187512 0
    outer loop
      vertex -12.9987 -0.385468 0
      vertex -12.9622 -0.194266 12.5
      vertex -12.9622 -0.194266 0
    endloop
  endfacet
  facet normal -0.982262 0.187512 0
    outer loop
      vertex -12.9622 -0.194266 12.5
      vertex -12.9987 -0.385468 0
      vertex -12.9987 -0.385468 12.5
    endloop
  endfacet
  facet normal -0.998034 0.062677 0
    outer loop
      vertex -12.9622 -0.194266 0
      vertex -12.95 0 12.5
      vertex -12.95 0 0
    endloop
  endfacet
  facet normal -0.998034 0.062677 0
    outer loop
      vertex -12.95 0 12.5
      vertex -12.9622 -0.194266 0
      vertex -12.9622 -0.194266 12.5
    endloop
  endfacet
  facet normal -0.844327 0.535828 0
    outer loop
      vertex -13.246 -0.911067 0
      vertex -13.1417 -0.746717 12.5
      vertex -13.1417 -0.746717 0
    endloop
  endfacet
  facet normal -0.844327 0.535828 0
    outer loop
      vertex -13.1417 -0.746717 12.5
      vertex -13.246 -0.911067 0
      vertex -13.246 -0.911067 12.5
    endloop
  endfacet
  facet normal -0.904783 0.425873 0
    outer loop
      vertex -13.1417 -0.746717 0
      vertex -13.0588 -0.570593 12.5
      vertex -13.0588 -0.570593 0
    endloop
  endfacet
  facet normal -0.904783 0.425873 0
    outer loop
      vertex -13.0588 -0.570593 12.5
      vertex -13.1417 -0.746717 0
      vertex -13.1417 -0.746717 12.5
    endloop
  endfacet
  facet normal 0.368111 0.929782 -0
    outer loop
      vertex -14.979 -1.47414 0
      vertex -15.16 -1.40248 12.5
      vertex -14.979 -1.47414 12.5
    endloop
  endfacet
  facet normal 0.368111 0.929782 0
    outer loop
      vertex -15.16 -1.40248 12.5
      vertex -14.979 -1.47414 0
      vertex -15.16 -1.40248 0
    endloop
  endfacet
  facet normal 0.684512 0.729002 -0
    outer loop
      vertex -15.488 -1.19429 0
      vertex -15.6299 -1.06105 12.5
      vertex -15.488 -1.19429 12.5
    endloop
  endfacet
  facet normal 0.684512 0.729002 0
    outer loop
      vertex -15.6299 -1.06105 12.5
      vertex -15.488 -1.19429 0
      vertex -15.6299 -1.06105 0
    endloop
  endfacet
  facet normal -0.58775 0.809043 0
    outer loop
      vertex -13.512 -1.19429 0
      vertex -13.6695 -1.30871 12.5
      vertex -13.512 -1.19429 12.5
    endloop
  endfacet
  facet normal -0.58775 0.809043 0
    outer loop
      vertex -13.6695 -1.30871 12.5
      vertex -13.512 -1.19429 0
      vertex -13.6695 -1.30871 0
    endloop
  endfacet
  facet normal -0.368111 0.929782 0
    outer loop
      vertex -13.84 -1.40248 0
      vertex -14.021 -1.47414 12.5
      vertex -13.84 -1.40248 12.5
    endloop
  endfacet
  facet normal -0.368111 0.929782 0
    outer loop
      vertex -14.021 -1.47414 12.5
      vertex -13.84 -1.40248 0
      vertex -14.021 -1.47414 0
    endloop
  endfacet
  facet normal -1 0 0
    outer loop
      vertex -12.75 11.75 12.5
      vertex -12.75 8.25 12.5
      vertex -12.75 11.75 12.8
    endloop
  endfacet
  facet normal -1 0 0
    outer loop
      vertex -12.75 13.25 12.8
      vertex -12.75 12.3656 13.1
      vertex -12.75 13.25 13.1
    endloop
  endfacet
  facet normal -1 0 0
    outer loop
      vertex -12.75 11.75 12.8
      vertex -12.75 12.3656 13.1
      vertex -12.75 13.25 12.8
    endloop
  endfacet
  facet normal -1 0 0
    outer loop
      vertex -12.75 8.25 12.8
      vertex -12.75 11.75 12.8
      vertex -12.75 8.25 12.5
    endloop
  endfacet
  facet normal -1 0 0
    outer loop
      vertex -12.75 11.75 12.8
      vertex -12.75 8.25 12.8
      vertex -12.75 12.3656 13.1
    endloop
  endfacet
  facet normal -1 0 0
    outer loop
      vertex -12.75 8.25 12.8
      vertex -12.75 7.63439 13.1
      vertex -12.75 12.3656 13.1
    endloop
  endfacet
  facet normal -1 0 0
    outer loop
      vertex -12.75 6.75 12.8
      vertex -12.75 7.63439 13.1
      vertex -12.75 8.25 12.8
    endloop
  endfacet
  facet normal -1 -0 0
    outer loop
      vertex -12.75 7.63439 13.1
      vertex -12.75 6.75 12.8
      vertex -12.75 6.75 13.1
    endloop
  endfacet
  facet normal -0 0 1
    outer loop
      vertex -16.25 8.25 12.8
      vertex -12.75 6.75 12.8
      vertex -12.75 8.25 12.8
    endloop
  endfacet
  facet normal 0 0 1
    outer loop
      vertex -12.75 6.75 12.8
      vertex -16.25 8.25 12.8
      vertex -16.25 6.75 12.8
    endloop
  endfacet
  facet normal -0 0 1
    outer loop
      vertex -16.25 13.25 12.8
      vertex -12.75 11.75 12.8
      vertex -12.75 13.25 12.8
    endloop
  endfacet
  facet normal 0 0 1
    outer loop
      vertex -12.75 11.75 12.8
      vertex -16.25 13.25 12.8
      vertex -16.25 11.75 12.8
    endloop
  endfacet
  facet normal 1 -0 0
    outer loop
      vertex -16.25 12.3656 13.1
      vertex -16.25 13.25 12.8
      vertex -16.25 13.25 13.1
    endloop
  endfacet
  facet normal 1 0 0
    outer loop
      vertex -16.25 12.3656 13.1
      vertex -16.25 11.75 12.8
      vertex -16.25 13.25 12.8
    endloop
  endfacet
  facet normal 1 0 0
    outer loop
      vertex -16.25 11.75 12.8
      vertex -16.25 8.25 12.8
      vertex -16.25 11.75 12.5
    endloop
  endfacet
  facet normal 1 0 0
    outer loop
      vertex -16.25 12.3656 13.1
      vertex -16.25 8.25 12.8
      vertex -16.25 11.75 12.8
    endloop
  endfacet
  facet normal 1 -0 0
    outer loop
      vertex -16.25 7.63439 13.1
      vertex -16.25 8.25 12.8
      vertex -16.25 12.3656 13.1
    endloop
  endfacet
  facet normal 1 0 0
    outer loop
      vertex -16.25 6.75 12.8
      vertex -16.25 7.63439 13.1
      vertex -16.25 6.75 13.1
    endloop
  endfacet
  facet normal 1 0 0
    outer loop
      vertex -16.25 7.63439 13.1
      vertex -16.25 6.75 12.8
      vertex -16.25 8.25 12.8
    endloop
  endfacet
  facet normal 1 0 0
    outer loop
      vertex -16.25 11.75 12.5
      vertex -16.25 8.25 12.8
      vertex -16.25 8.25 12.5
    endloop
  endfacet
  facet normal 0 0 -1
    outer loop
      vertex -12.75 6.75 13.1
      vertex -12.9421 7.30165 13.1
      vertex -12.75 7.63439 13.1
    endloop
  endfacet
  facet normal 0 0 -1
    outer loop
      vertex -12.75 6.75 13.1
      vertex -16.0579 7.30165 13.1
      vertex -12.9421 7.30165 13.1
    endloop
  endfacet
  facet normal 0 0 -1
    outer loop
      vertex -16.25 6.75 13.1
      vertex -16.0579 7.30165 13.1
      vertex -12.75 6.75 13.1
    endloop
  endfacet
  facet normal -0 0 -1
    outer loop
      vertex -16.0579 7.30165 13.1
      vertex -16.25 6.75 13.1
      vertex -16.25 7.63439 13.1
    endloop
  endfacet
  facet normal 0 0 1
    outer loop
      vertex -12.75 12.3656 13.1
      vertex -12.75 7.63439 13.1
      vertex -11.3842 10 13.1
    endloop
  endfacet
  facet normal 0 0 -1
    outer loop
      vertex -12.9421 12.6983 13.1
      vertex -12.75 13.25 13.1
      vertex -12.75 12.3656 13.1
    endloop
  endfacet
  facet normal 0 0 -1
    outer loop
      vertex -16.0579 12.6983 13.1
      vertex -12.75 13.25 13.1
      vertex -12.9421 12.6983 13.1
    endloop
  endfacet
  facet normal 0 0 -1
    outer loop
      vertex -16.0579 12.6983 13.1
      vertex -16.25 13.25 13.1
      vertex -12.75 13.25 13.1
    endloop
  endfacet
  facet normal 0 0 -1
    outer loop
      vertex -16.25 13.25 13.1
      vertex -16.0579 12.6983 13.1
      vertex -16.25 12.3656 13.1
    endloop
  endfacet
  facet normal 0 0 1
    outer loop
      vertex -16.25 12.3656 13.1
      vertex -17.6158 10 13.1
      vertex -16.25 7.63439 13.1
    endloop
  endfacet
  facet normal 0 1 -0
    outer loop
      vertex -12.75 6.75 12.8
      vertex -16.25 6.75 13.1
      vertex -12.75 6.75 13.1
    endloop
  endfacet
  facet normal 0 1 0
    outer loop
      vertex -16.25 6.75 13.1
      vertex -12.75 6.75 12.8
      vertex -16.25 6.75 12.8
    endloop
  endfacet
  facet normal 0 -1 0
    outer loop
      vertex -16.25 13.25 12.8
      vertex -12.75 13.25 13.1
      vertex -16.25 13.25 13.1
    endloop
  endfacet
  facet normal 0 -1 -0
    outer loop
      vertex -12.75 13.25 13.1
      vertex -16.25 13.25 12.8
      vertex -12.75 13.25 12.8
    endloop
  endfacet
  facet normal 0 0 1
    outer loop
      vertex -12.75 11.75 12.5
      vertex -12.95 10 12.5
      vertex -12.75 8.25 12.5
    endloop
  endfacet
  facet normal 0 0 1
    outer loop
      vertex -12.75 11.75 12.5
      vertex -12.9622 10.1943 12.5
      vertex -12.95 10 12.5
    endloop
  endfacet
  facet normal 0 0 1
    outer loop
      vertex -12.75 11.75 12.5
      vertex -12.9987 10.3855 12.5
      vertex -12.9622 10.1943 12.5
    endloop
  endfacet
  facet normal 0 0 1
    outer loop
      vertex -12.75 11.75 12.5
      vertex -13.0588 10.5706 12.5
      vertex -12.9987 10.3855 12.5
    endloop
  endfacet
  facet normal 0 0 1
    outer loop
      vertex -12.75 11.75 12.5
      vertex -13.1417 10.7467 12.5
      vertex -13.0588 10.5706 12.5
    endloop
  endfacet
  facet normal 0 0 1
    outer loop
      vertex -12.75 11.75 12.5
      vertex -13.246 10.9111 12.5
      vertex -13.1417 10.7467 12.5
    endloop
  endfacet
  facet normal 0 0 1
    outer loop
      vertex -12.75 11.75 12.5
      vertex -13.3701 11.061 12.5
      vertex -13.246 10.9111 12.5
    endloop
  endfacet
  facet normal 0 0 1
    outer loop
      vertex -12.75 11.75 12.5
      vertex -13.512 11.1943 12.5
      vertex -13.3701 11.061 12.5
    endloop
  endfacet
  facet normal 0 0 1
    outer loop
      vertex -12.75 11.75 12.5
      vertex -13.6695 11.3087 12.5
      vertex -13.512 11.1943 12.5
    endloop
  endfacet
  facet normal 0 0 1
    outer loop
      vertex -12.75 11.75 12.5
      vertex -13.84 11.4025 12.5
      vertex -13.6695 11.3087 12.5
    endloop
  endfacet
  facet normal 0 0 1
    outer loop
      vertex -12.75 11.75 12.5
      vertex -14.021 11.4741 12.5
      vertex -13.84 11.4025 12.5
    endloop
  endfacet
  facet normal 0 0 1
    outer loop
      vertex -12.75 11.75 12.5
      vertex -14.2096 11.5225 12.5
      vertex -14.021 11.4741 12.5
    endloop
  endfacet
  facet normal 0 0 1
    outer loop
      vertex -12.75 11.75 12.5
      vertex -14.4027 11.5469 12.5
      vertex -14.2096 11.5225 12.5
    endloop
  endfacet
  facet normal 0 0 1
    outer loop
      vertex -12.75 11.75 12.5
      vertex -14.5973 11.5469 12.5
      vertex -14.4027 11.5469 12.5
    endloop
  endfacet
  facet normal 0 0 1
    outer loop
      vertex -16.0378 10.1943 12.5
      vertex -16.25 11.75 12.5
      vertex -16.05 10 12.5
    endloop
  endfacet
  facet normal 0 0 1
    outer loop
      vertex -16.0013 10.3855 12.5
      vertex -16.25 11.75 12.5
      vertex -16.0378 10.1943 12.5
    endloop
  endfacet
  facet normal 0 0 1
    outer loop
      vertex -15.9412 10.5706 12.5
      vertex -16.25 11.75 12.5
      vertex -16.0013 10.3855 12.5
    endloop
  endfacet
  facet normal 0 0 1
    outer loop
      vertex -15.8583 10.7467 12.5
      vertex -16.25 11.75 12.5
      vertex -15.9412 10.5706 12.5
    endloop
  endfacet
  facet normal 0 0 1
    outer loop
      vertex -15.754 10.9111 12.5
      vertex -16.25 11.75 12.5
      vertex -15.8583 10.7467 12.5
    endloop
  endfacet
  facet normal 0 0 1
    outer loop
      vertex -15.6299 11.061 12.5
      vertex -16.25 11.75 12.5
      vertex -15.754 10.9111 12.5
    endloop
  endfacet
  facet normal 0 0 1
    outer loop
      vertex -15.488 11.1943 12.5
      vertex -16.25 11.75 12.5
      vertex -15.6299 11.061 12.5
    endloop
  endfacet
  facet normal 0 0 1
    outer loop
      vertex -15.3305 11.3087 12.5
      vertex -16.25 11.75 12.5
      vertex -15.488 11.1943 12.5
    endloop
  endfacet
  facet normal 0 0 1
    outer loop
      vertex -15.16 11.4025 12.5
      vertex -16.25 11.75 12.5
      vertex -15.3305 11.3087 12.5
    endloop
  endfacet
  facet normal 0 0 1
    outer loop
      vertex -14.979 11.4741 12.5
      vertex -16.25 11.75 12.5
      vertex -15.16 11.4025 12.5
    endloop
  endfacet
  facet normal 0 0 1
    outer loop
      vertex -14.7904 11.5225 12.5
      vertex -16.25 11.75 12.5
      vertex -14.979 11.4741 12.5
    endloop
  endfacet
  facet normal 0 0 1
    outer loop
      vertex -14.5973 11.5469 12.5
      vertex -16.25 11.75 12.5
      vertex -14.7904 11.5225 12.5
    endloop
  endfacet
  facet normal -0 0 1
    outer loop
      vertex -16.25 11.75 12.5
      vertex -14.5973 11.5469 12.5
      vertex -12.75 11.75 12.5
    endloop
  endfacet
  facet normal -0 0 1
    outer loop
      vertex -12.9622 9.80573 12.5
      vertex -12.75 8.25 12.5
      vertex -12.95 10 12.5
    endloop
  endfacet
  facet normal -0 0 1
    outer loop
      vertex -12.9987 9.61453 12.5
      vertex -12.75 8.25 12.5
      vertex -12.9622 9.80573 12.5
    endloop
  endfacet
  facet normal -0 0 1
    outer loop
      vertex -13.0588 9.42941 12.5
      vertex -12.75 8.25 12.5
      vertex -12.9987 9.61453 12.5
    endloop
  endfacet
  facet normal -0 0 1
    outer loop
      vertex -13.1417 9.25328 12.5
      vertex -12.75 8.25 12.5
      vertex -13.0588 9.42941 12.5
    endloop
  endfacet
  facet normal -0 0 1
    outer loop
      vertex -13.246 9.08893 12.5
      vertex -12.75 8.25 12.5
      vertex -13.1417 9.25328 12.5
    endloop
  endfacet
  facet normal -0 0 1
    outer loop
      vertex -13.3701 8.93895 12.5
      vertex -12.75 8.25 12.5
      vertex -13.246 9.08893 12.5
    endloop
  endfacet
  facet normal -0 0 1
    outer loop
      vertex -13.512 8.80571 12.5
      vertex -12.75 8.25 12.5
      vertex -13.3701 8.93895 12.5
    endloop
  endfacet
  facet normal -0 0 1
    outer loop
      vertex -13.6695 8.69129 12.5
      vertex -12.75 8.25 12.5
      vertex -13.512 8.80571 12.5
    endloop
  endfacet
  facet normal -0 0 1
    outer loop
      vertex -13.84 8.59752 12.5
      vertex -12.75 8.25 12.5
      vertex -13.6695 8.69129 12.5
    endloop
  endfacet
  facet normal -0 0 1
    outer loop
      vertex -14.021 8.52586 12.5
      vertex -12.75 8.25 12.5
      vertex -13.84 8.59752 12.5
    endloop
  endfacet
  facet normal -0 0 1
    outer loop
      vertex -14.2096 8.47746 12.5
      vertex -12.75 8.25 12.5
      vertex -14.021 8.52586 12.5
    endloop
  endfacet
  facet normal -0 0 1
    outer loop
      vertex -14.4027 8.45306 12.5
      vertex -12.75 8.25 12.5
      vertex -14.2096 8.47746 12.5
    endloop
  endfacet
  facet normal -0 0 1
    outer loop
      vertex -14.5973 8.45306 12.5
      vertex -12.75 8.25 12.5
      vertex -14.4027 8.45306 12.5
    endloop
  endfacet
  facet normal 0 0 1
    outer loop
      vertex -16.25 8.25 12.5
      vertex -16.05 10 12.5
      vertex -16.25 11.75 12.5
    endloop
  endfacet
  facet normal 0 0 1
    outer loop
      vertex -14.5973 8.45306 12.5
      vertex -16.25 8.25 12.5
      vertex -12.75 8.25 12.5
    endloop
  endfacet
  facet normal 0 0 1
    outer loop
      vertex -14.7904 8.47746 12.5
      vertex -16.25 8.25 12.5
      vertex -14.5973 8.45306 12.5
    endloop
  endfacet
  facet normal 0 0 1
    outer loop
      vertex -14.979 8.52586 12.5
      vertex -16.25 8.25 12.5
      vertex -14.7904 8.47746 12.5
    endloop
  endfacet
  facet normal 0 0 1
    outer loop
      vertex -15.16 8.59752 12.5
      vertex -16.25 8.25 12.5
      vertex -14.979 8.52586 12.5
    endloop
  endfacet
  facet normal 0 0 1
    outer loop
      vertex -15.3305 8.69129 12.5
      vertex -16.25 8.25 12.5
      vertex -15.16 8.59752 12.5
    endloop
  endfacet
  facet normal 0 0 1
    outer loop
      vertex -15.488 8.80571 12.5
      vertex -16.25 8.25 12.5
      vertex -15.3305 8.69129 12.5
    endloop
  endfacet
  facet normal 0 0 1
    outer loop
      vertex -15.6299 8.93895 12.5
      vertex -16.25 8.25 12.5
      vertex -15.488 8.80571 12.5
    endloop
  endfacet
  facet normal 0 0 1
    outer loop
      vertex -15.754 9.08893 12.5
      vertex -16.25 8.25 12.5
      vertex -15.6299 8.93895 12.5
    endloop
  endfacet
  facet normal 0 0 1
    outer loop
      vertex -15.8583 9.25328 12.5
      vertex -16.25 8.25 12.5
      vertex -15.754 9.08893 12.5
    endloop
  endfacet
  facet normal 0 0 1
    outer loop
      vertex -15.9412 9.42941 12.5
      vertex -16.25 8.25 12.5
      vertex -15.8583 9.25328 12.5
    endloop
  endfacet
  facet normal 0 0 1
    outer loop
      vertex -16.0013 9.61453 12.5
      vertex -16.25 8.25 12.5
      vertex -15.9412 9.42941 12.5
    endloop
  endfacet
  facet normal 0 0 1
    outer loop
      vertex -16.0378 9.80573 12.5
      vertex -16.25 8.25 12.5
      vertex -16.0013 9.61453 12.5
    endloop
  endfacet
  facet normal 0 0 1
    outer loop
      vertex -16.05 10 12.5
      vertex -16.25 8.25 12.5
      vertex -16.0378 9.80573 12.5
    endloop
  endfacet
  facet normal 0 -1 0
    outer loop
      vertex -16.25 11.75 12.5
      vertex -12.75 11.75 12.8
      vertex -16.25 11.75 12.8
    endloop
  endfacet
  facet normal 0 -1 -0
    outer loop
      vertex -12.75 11.75 12.8
      vertex -16.25 11.75 12.5
      vertex -12.75 11.75 12.5
    endloop
  endfacet
  facet normal 0 1 -0
    outer loop
      vertex -12.75 8.25 12.5
      vertex -16.25 8.25 12.8
      vertex -12.75 8.25 12.8
    endloop
  endfacet
  facet normal 0 1 0
    outer loop
      vertex -16.25 8.25 12.8
      vertex -12.75 8.25 12.5
      vertex -16.25 8.25 12.5
    endloop
  endfacet
  facet normal 0.866023 0.500004 0
    outer loop
      vertex -16.25 7.63439 15
      vertex -17.6158 10 13.1
      vertex -17.6158 10 15
    endloop
  endfacet
  facet normal 0.866023 0.500004 0
    outer loop
      vertex -16.25 7.63439 15
      vertex -16.25 7.63439 13.1
      vertex -17.6158 10 13.1
    endloop
  endfacet
  facet normal 0.866034 0.499985 0
    outer loop
      vertex -16.0579 7.30165 15
      vertex -16.25 7.63439 13.1
      vertex -16.25 7.63439 15
    endloop
  endfacet
  facet normal 0.866034 0.499985 0
    outer loop
      vertex -16.25 7.63439 13.1
      vertex -16.0579 7.30165 15
      vertex -16.0579 7.30165 13.1
    endloop
  endfacet
  facet normal 0.866008 -0.50003 0
    outer loop
      vertex -16.25 12.3656 15
      vertex -16.0579 12.6983 13.1
      vertex -16.0579 12.6983 15
    endloop
  endfacet
  facet normal 0.866008 -0.50003 0
    outer loop
      vertex -16.25 12.3656 15
      vertex -16.25 12.3656 13.1
      vertex -16.0579 12.6983 13.1
    endloop
  endfacet
  facet normal 0.866022 -0.500006 0
    outer loop
      vertex -17.6158 10 15
      vertex -16.25 12.3656 13.1
      vertex -16.25 12.3656 15
    endloop
  endfacet
  facet normal 0.866022 -0.500006 0
    outer loop
      vertex -16.25 12.3656 13.1
      vertex -17.6158 10 15
      vertex -17.6158 10 13.1
    endloop
  endfacet
  facet normal -0.866023 0.500004 0
    outer loop
      vertex -12.75 7.63439 13.1
      vertex -11.3842 10 15
      vertex -11.3842 10 13.1
    endloop
  endfacet
  facet normal -0.866023 0.500004 0
    outer loop
      vertex -12.75 7.63439 13.1
      vertex -12.75 7.63439 15
      vertex -11.3842 10 15
    endloop
  endfacet
  facet normal -0.866034 0.499985 0
    outer loop
      vertex -12.9421 7.30165 13.1
      vertex -12.75 7.63439 15
      vertex -12.75 7.63439 13.1
    endloop
  endfacet
  facet normal -0.866034 0.499985 0
    outer loop
      vertex -12.75 7.63439 15
      vertex -12.9421 7.30165 13.1
      vertex -12.9421 7.30165 15
    endloop
  endfacet
  facet normal 0 1 -0
    outer loop
      vertex -12.9421 7.30165 13.1
      vertex -16.0579 7.30165 15
      vertex -12.9421 7.30165 15
    endloop
  endfacet
  facet normal 0 1 0
    outer loop
      vertex -16.0579 7.30165 15
      vertex -12.9421 7.30165 13.1
      vertex -16.0579 7.30165 13.1
    endloop
  endfacet
  facet normal -0.866008 -0.50003 0
    outer loop
      vertex -12.75 12.3656 13.1
      vertex -12.9421 12.6983 15
      vertex -12.9421 12.6983 13.1
    endloop
  endfacet
  facet normal -0.866008 -0.50003 0
    outer loop
      vertex -12.75 12.3656 13.1
      vertex -12.75 12.3656 15
      vertex -12.9421 12.6983 15
    endloop
  endfacet
  facet normal -0.866022 -0.500006 0
    outer loop
      vertex -11.3842 10 13.1
      vertex -12.75 12.3656 15
      vertex -12.75 12.3656 13.1
    endloop
  endfacet
  facet normal -0.866022 -0.500006 0
    outer loop
      vertex -12.75 12.3656 15
      vertex -11.3842 10 13.1
      vertex -11.3842 10 15
    endloop
  endfacet
  facet normal 0 -1 0
    outer loop
      vertex -16.0579 12.6983 13.1
      vertex -12.9421 12.6983 15
      vertex -16.0579 12.6983 15
    endloop
  endfacet
  facet normal 0 -1 -0
    outer loop
      vertex -12.9421 12.6983 15
      vertex -16.0579 12.6983 13.1
      vertex -12.9421 12.6983 13.1
    endloop
  endfacet
  facet normal 0.90476 -0.425921 0
    outer loop
      vertex -15.9412 10.5706 12.5
      vertex -15.8583 10.7467 0
      vertex -15.8583 10.7467 12.5
    endloop
  endfacet
  facet normal 0.90476 -0.425921 0
    outer loop
      vertex -15.8583 10.7467 0
      vertex -15.9412 10.5706 12.5
      vertex -15.9412 10.5706 0
    endloop
  endfacet
  facet normal 0.844401 -0.535712 0
    outer loop
      vertex -15.8583 10.7467 12.5
      vertex -15.754 10.9111 0
      vertex -15.754 10.9111 12.5
    endloop
  endfacet
  facet normal 0.844401 -0.535712 0
    outer loop
      vertex -15.754 10.9111 0
      vertex -15.8583 10.7467 12.5
      vertex -15.8583 10.7467 0
    endloop
  endfacet
  facet normal 0.367845 -0.929887 0
    outer loop
      vertex -15.16 11.4025 0
      vertex -14.979 11.4741 12.5
      vertex -15.16 11.4025 12.5
    endloop
  endfacet
  facet normal 0.367845 -0.929887 0
    outer loop
      vertex -14.979 11.4741 12.5
      vertex -15.16 11.4025 0
      vertex -14.979 11.4741 0
    endloop
  endfacet
  facet normal -0.367845 -0.929887 0
    outer loop
      vertex -14.021 11.4741 0
      vertex -13.84 11.4025 12.5
      vertex -14.021 11.4741 12.5
    endloop
  endfacet
  facet normal -0.367845 -0.929887 -0
    outer loop
      vertex -13.84 11.4025 12.5
      vertex -14.021 11.4741 0
      vertex -13.84 11.4025 0
    endloop
  endfacet
  facet normal -0.90476 -0.425921 0
    outer loop
      vertex -13.0588 10.5706 0
      vertex -13.1417 10.7467 12.5
      vertex -13.1417 10.7467 0
    endloop
  endfacet
  facet normal -0.90476 -0.425921 0
    outer loop
      vertex -13.1417 10.7467 12.5
      vertex -13.0588 10.5706 0
      vertex -13.0588 10.5706 12.5
    endloop
  endfacet
  facet normal 0.982262 0.187513 0
    outer loop
      vertex -16.0013 9.61453 12.5
      vertex -16.0378 9.80573 0
      vertex -16.0378 9.80573 12.5
    endloop
  endfacet
  facet normal 0.982262 0.187513 0
    outer loop
      vertex -16.0378 9.80573 0
      vertex -16.0013 9.61453 12.5
      vertex -16.0013 9.61453 0
    endloop
  endfacet
  facet normal 0.125363 -0.992111 0
    outer loop
      vertex -14.7904 11.5225 0
      vertex -14.5973 11.5469 12.5
      vertex -14.7904 11.5225 12.5
    endloop
  endfacet
  facet normal 0.125363 -0.992111 0
    outer loop
      vertex -14.5973 11.5469 12.5
      vertex -14.7904 11.5225 0
      vertex -14.5973 11.5469 0
    endloop
  endfacet
  facet normal 0.587683 -0.809091 0
    outer loop
      vertex -15.488 11.1943 0
      vertex -15.3305 11.3087 12.5
      vertex -15.488 11.1943 12.5
    endloop
  endfacet
  facet normal 0.587683 -0.809091 0
    outer loop
      vertex -15.3305 11.3087 12.5
      vertex -15.488 11.1943 0
      vertex -15.3305 11.3087 0
    endloop
  endfacet
  facet normal -0.982262 -0.187513 0
    outer loop
      vertex -12.9622 10.1943 0
      vertex -12.9987 10.3855 12.5
      vertex -12.9987 10.3855 0
    endloop
  endfacet
  facet normal -0.982262 -0.187513 0
    outer loop
      vertex -12.9987 10.3855 12.5
      vertex -12.9622 10.1943 0
      vertex -12.9622 10.1943 12.5
    endloop
  endfacet
  facet normal -0.770281 -0.637704 0
    outer loop
      vertex -13.246 10.9111 0
      vertex -13.3701 11.061 12.5
      vertex -13.3701 11.061 0
    endloop
  endfacet
  facet normal -0.770281 -0.637704 0
    outer loop
      vertex -13.3701 11.061 12.5
      vertex -13.246 10.9111 0
      vertex -13.246 10.9111 12.5
    endloop
  endfacet
  facet normal -0.482017 -0.876162 0
    outer loop
      vertex -13.84 11.4025 0
      vertex -13.6695 11.3087 12.5
      vertex -13.84 11.4025 12.5
    endloop
  endfacet
  facet normal -0.482017 -0.876162 -0
    outer loop
      vertex -13.6695 11.3087 12.5
      vertex -13.84 11.4025 0
      vertex -13.6695 11.3087 0
    endloop
  endfacet
  facet normal -0.248573 -0.968613 0
    outer loop
      vertex -14.2096 11.5225 0
      vertex -14.021 11.4741 12.5
      vertex -14.2096 11.5225 12.5
    endloop
  endfacet
  facet normal -0.248573 -0.968613 -0
    outer loop
      vertex -14.021 11.4741 12.5
      vertex -14.2096 11.5225 0
      vertex -14.021 11.4741 0
    endloop
  endfacet
  facet normal 0.998035 -0.0626661 0
    outer loop
      vertex -16.05 10 12.5
      vertex -16.0378 10.1943 0
      vertex -16.0378 10.1943 12.5
    endloop
  endfacet
  facet normal 0.998035 -0.0626661 0
    outer loop
      vertex -16.0378 10.1943 0
      vertex -16.05 10 12.5
      vertex -16.05 10 0
    endloop
  endfacet
  facet normal 0.951131 0.308789 0
    outer loop
      vertex -15.9412 9.42941 12.5
      vertex -16.0013 9.61453 0
      vertex -16.0013 9.61453 12.5
    endloop
  endfacet
  facet normal 0.951131 0.308789 0
    outer loop
      vertex -16.0013 9.61453 0
      vertex -15.9412 9.42941 12.5
      vertex -15.9412 9.42941 0
    endloop
  endfacet
  facet normal -0.684512 0.729002 0
    outer loop
      vertex -13.3701 8.93895 0
      vertex -13.512 8.80571 12.5
      vertex -13.3701 8.93895 12.5
    endloop
  endfacet
  facet normal -0.684512 0.729002 0
    outer loop
      vertex -13.512 8.80571 12.5
      vertex -13.3701 8.93895 0
      vertex -13.512 8.80571 0
    endloop
  endfacet
  facet normal 0.58775 0.809043 -0
    outer loop
      vertex -15.3305 8.69129 0
      vertex -15.488 8.80571 12.5
      vertex -15.3305 8.69129 12.5
    endloop
  endfacet
  facet normal 0.58775 0.809043 0
    outer loop
      vertex -15.488 8.80571 12.5
      vertex -15.3305 8.69129 0
      vertex -15.488 8.80571 0
    endloop
  endfacet
  facet normal 0.982262 -0.187513 0
    outer loop
      vertex -16.0378 10.1943 12.5
      vertex -16.0013 10.3855 0
      vertex -16.0013 10.3855 12.5
    endloop
  endfacet
  facet normal 0.982262 -0.187513 0
    outer loop
      vertex -16.0013 10.3855 0
      vertex -16.0378 10.1943 12.5
      vertex -16.0378 10.1943 0
    endloop
  endfacet
  facet normal 0.951121 -0.308819 0
    outer loop
      vertex -16.0013 10.3855 12.5
      vertex -15.9412 10.5706 0
      vertex -15.9412 10.5706 12.5
    endloop
  endfacet
  facet normal 0.951121 -0.308819 0
    outer loop
      vertex -15.9412 10.5706 0
      vertex -16.0013 10.3855 12.5
      vertex -16.0013 10.3855 0
    endloop
  endfacet
  facet normal 0.684675 -0.728848 0
    outer loop
      vertex -15.6299 11.061 0
      vertex -15.488 11.1943 12.5
      vertex -15.6299 11.061 12.5
    endloop
  endfacet
  facet normal 0.684675 -0.728848 0
    outer loop
      vertex -15.488 11.1943 12.5
      vertex -15.6299 11.061 0
      vertex -15.488 11.1943 0
    endloop
  endfacet
  facet normal 0.770281 -0.637704 0
    outer loop
      vertex -15.754 10.9111 12.5
      vertex -15.6299 11.061 0
      vertex -15.6299 11.061 12.5
    endloop
  endfacet
  facet normal 0.770281 -0.637704 0
    outer loop
      vertex -15.6299 11.061 0
      vertex -15.754 10.9111 12.5
      vertex -15.754 10.9111 0
    endloop
  endfacet
  facet normal 0 -1 0
    outer loop
      vertex -14.5973 11.5469 0
      vertex -14.4027 11.5469 12.5
      vertex -14.5973 11.5469 12.5
    endloop
  endfacet
  facet normal 0 -1 -0
    outer loop
      vertex -14.4027 11.5469 12.5
      vertex -14.5973 11.5469 0
      vertex -14.4027 11.5469 0
    endloop
  endfacet
  facet normal 0.248573 -0.968613 0
    outer loop
      vertex -14.979 11.4741 0
      vertex -14.7904 11.5225 12.5
      vertex -14.979 11.4741 12.5
    endloop
  endfacet
  facet normal 0.248573 -0.968613 0
    outer loop
      vertex -14.7904 11.5225 12.5
      vertex -14.979 11.4741 0
      vertex -14.7904 11.5225 0
    endloop
  endfacet
  facet normal 0.482017 -0.876162 0
    outer loop
      vertex -15.3305 11.3087 0
      vertex -15.16 11.4025 12.5
      vertex -15.3305 11.3087 12.5
    endloop
  endfacet
  facet normal 0.482017 -0.876162 0
    outer loop
      vertex -15.16 11.4025 12.5
      vertex -15.3305 11.3087 0
      vertex -15.16 11.4025 0
    endloop
  endfacet
  facet normal -0.998035 -0.0626661 0
    outer loop
      vertex -12.95 10 0
      vertex -12.9622 10.1943 12.5
      vertex -12.9622 10.1943 0
    endloop
  endfacet
  facet normal -0.998035 -0.0626661 0
    outer loop
      vertex -12.9622 10.1943 12.5
      vertex -12.95 10 0
      vertex -12.95 10 12.5
    endloop
  endfacet
  facet normal -0.951121 -0.308819 0
    outer loop
      vertex -12.9987 10.3855 0
      vertex -13.0588 10.5706 12.5
      vertex -13.0588 10.5706 0
    endloop
  endfacet
  facet normal -0.951121 -0.308819 0
    outer loop
      vertex -13.0588 10.5706 12.5
      vertex -12.9987 10.3855 0
      vertex -12.9987 10.3855 12.5
    endloop
  endfacet
  facet normal -0.844401 -0.535712 0
    outer loop
      vertex -13.1417 10.7467 0
      vertex -13.246 10.9111 12.5
      vertex -13.246 10.9111 0
    endloop
  endfacet
  facet normal -0.844401 -0.535712 0
    outer loop
      vertex -13.246 10.9111 12.5
      vertex -13.1417 10.7467 0
      vertex -13.1417 10.7467 12.5
    endloop
  endfacet
  facet normal -0.125363 -0.992111 0
    outer loop
      vertex -14.4027 11.5469 0
      vertex -14.2096 11.5225 12.5
      vertex -14.4027 11.5469 12.5
    endloop
  endfacet
  facet normal -0.125363 -0.992111 -0
    outer loop
      vertex -14.2096 11.5225 12.5
      vertex -14.4027 11.5469 0
      vertex -14.2096 11.5225 0
    endloop
  endfacet
  facet normal -0.587683 -0.809091 0
    outer loop
      vertex -13.6695 11.3087 0
      vertex -13.512 11.1943 12.5
      vertex -13.6695 11.3087 12.5
    endloop
  endfacet
  facet normal -0.587683 -0.809091 -0
    outer loop
      vertex -13.512 11.1943 12.5
      vertex -13.6695 11.3087 0
      vertex -13.512 11.1943 0
    endloop
  endfacet
  facet normal -0.684675 -0.728848 0
    outer loop
      vertex -13.512 11.1943 0
      vertex -13.3701 11.061 12.5
      vertex -13.512 11.1943 12.5
    endloop
  endfacet
  facet normal -0.684675 -0.728848 -0
    outer loop
      vertex -13.3701 11.061 12.5
      vertex -13.512 11.1943 0
      vertex -13.3701 11.061 0
    endloop
  endfacet
  facet normal 0.998034 0.0626757 0
    outer loop
      vertex -16.0378 9.80573 12.5
      vertex -16.05 10 0
      vertex -16.05 10 12.5
    endloop
  endfacet
  facet normal 0.998034 0.0626757 0
    outer loop
      vertex -16.05 10 0
      vertex -16.0378 9.80573 12.5
      vertex -16.0378 9.80573 0
    endloop
  endfacet
  facet normal 0 1 -0
    outer loop
      vertex -14.4027 8.45306 0
      vertex -14.5973 8.45306 12.5
      vertex -14.4027 8.45306 12.5
    endloop
  endfacet
  facet normal 0 1 0
    outer loop
      vertex -14.5973 8.45306 12.5
      vertex -14.4027 8.45306 0
      vertex -14.5973 8.45306 0
    endloop
  endfacet
  facet normal -0.951131 0.308789 0
    outer loop
      vertex -13.0588 9.42941 0
      vertex -12.9987 9.61453 12.5
      vertex -12.9987 9.61453 0
    endloop
  endfacet
  facet normal -0.951131 0.308789 0
    outer loop
      vertex -12.9987 9.61453 12.5
      vertex -13.0588 9.42941 0
      vertex -13.0588 9.42941 12.5
    endloop
  endfacet
  facet normal -0.770448 0.637503 0
    outer loop
      vertex -13.3701 8.93895 0
      vertex -13.246 9.08893 12.5
      vertex -13.246 9.08893 0
    endloop
  endfacet
  facet normal -0.770448 0.637503 0
    outer loop
      vertex -13.246 9.08893 12.5
      vertex -13.3701 8.93895 0
      vertex -13.3701 8.93895 12.5
    endloop
  endfacet
  facet normal 0.125363 0.992111 -0
    outer loop
      vertex -14.5973 8.45306 0
      vertex -14.7904 8.47746 12.5
      vertex -14.5973 8.45306 12.5
    endloop
  endfacet
  facet normal 0.125363 0.992111 0
    outer loop
      vertex -14.7904 8.47746 12.5
      vertex -14.5973 8.45306 0
      vertex -14.7904 8.47746 0
    endloop
  endfacet
  facet normal 0.248573 0.968613 -0
    outer loop
      vertex -14.7904 8.47746 0
      vertex -14.979 8.52586 12.5
      vertex -14.7904 8.47746 12.5
    endloop
  endfacet
  facet normal 0.248573 0.968613 0
    outer loop
      vertex -14.979 8.52586 12.5
      vertex -14.7904 8.47746 0
      vertex -14.979 8.52586 0
    endloop
  endfacet
  facet normal -0.481899 0.876227 0
    outer loop
      vertex -13.6695 8.69129 0
      vertex -13.84 8.59752 12.5
      vertex -13.6695 8.69129 12.5
    endloop
  endfacet
  facet normal -0.481899 0.876227 0
    outer loop
      vertex -13.84 8.59752 12.5
      vertex -13.6695 8.69129 0
      vertex -13.84 8.59752 0
    endloop
  endfacet
  facet normal -0.248573 0.968613 0
    outer loop
      vertex -14.021 8.52586 0
      vertex -14.2096 8.47746 12.5
      vertex -14.021 8.52586 12.5
    endloop
  endfacet
  facet normal -0.248573 0.968613 0
    outer loop
      vertex -14.2096 8.47746 12.5
      vertex -14.021 8.52586 0
      vertex -14.2096 8.47746 0
    endloop
  endfacet
  facet normal 0.481899 0.876227 -0
    outer loop
      vertex -15.16 8.59752 0
      vertex -15.3305 8.69129 12.5
      vertex -15.16 8.59752 12.5
    endloop
  endfacet
  facet normal 0.481899 0.876227 0
    outer loop
      vertex -15.3305 8.69129 12.5
      vertex -15.16 8.59752 0
      vertex -15.3305 8.69129 0
    endloop
  endfacet
  facet normal 0.770448 0.637503 0
    outer loop
      vertex -15.6299 8.93895 12.5
      vertex -15.754 9.08893 0
      vertex -15.754 9.08893 12.5
    endloop
  endfacet
  facet normal 0.770448 0.637503 0
    outer loop
      vertex -15.754 9.08893 0
      vertex -15.6299 8.93895 12.5
      vertex -15.6299 8.93895 0
    endloop
  endfacet
  facet normal 0.904788 0.425861 0
    outer loop
      vertex -15.8583 9.25328 12.5
      vertex -15.9412 9.42941 0
      vertex -15.9412 9.42941 12.5
    endloop
  endfacet
  facet normal 0.904788 0.425861 0
    outer loop
      vertex -15.9412 9.42941 0
      vertex -15.8583 9.25328 12.5
      vertex -15.8583 9.25328 0
    endloop
  endfacet
  facet normal 0.844327 0.535828 0
    outer loop
      vertex -15.754 9.08893 12.5
      vertex -15.8583 9.25328 0
      vertex -15.8583 9.25328 12.5
    endloop
  endfacet
  facet normal 0.844327 0.535828 0
    outer loop
      vertex -15.8583 9.25328 0
      vertex -15.754 9.08893 12.5
      vertex -15.754 9.08893 0
    endloop
  endfacet
  facet normal -0.125363 0.992111 0
    outer loop
      vertex -14.2096 8.47746 0
      vertex -14.4027 8.45306 12.5
      vertex -14.2096 8.47746 12.5
    endloop
  endfacet
  facet normal -0.125363 0.992111 0
    outer loop
      vertex -14.4027 8.45306 12.5
      vertex -14.2096 8.47746 0
      vertex -14.4027 8.45306 0
    endloop
  endfacet
  facet normal -0.982262 0.187513 0
    outer loop
      vertex -12.9987 9.61453 0
      vertex -12.9622 9.80573 12.5
      vertex -12.9622 9.80573 0
    endloop
  endfacet
  facet normal -0.982262 0.187513 0
    outer loop
      vertex -12.9622 9.80573 12.5
      vertex -12.9987 9.61453 0
      vertex -12.9987 9.61453 12.5
    endloop
  endfacet
  facet normal -0.998034 0.0626757 0
    outer loop
      vertex -12.9622 9.80573 0
      vertex -12.95 10 12.5
      vertex -12.95 10 0
    endloop
  endfacet
  facet normal -0.998034 0.0626757 0
    outer loop
      vertex -12.95 10 12.5
      vertex -12.9622 9.80573 0
      vertex -12.9622 9.80573 12.5
    endloop
  endfacet
  facet normal -0.844327 0.535828 0
    outer loop
      vertex -13.246 9.08893 0
      vertex -13.1417 9.25328 12.5
      vertex -13.1417 9.25328 0
    endloop
  endfacet
  facet normal -0.844327 0.535828 0
    outer loop
      vertex -13.1417 9.25328 12.5
      vertex -13.246 9.08893 0
      vertex -13.246 9.08893 12.5
    endloop
  endfacet
  facet normal -0.904788 0.425861 0
    outer loop
      vertex -13.1417 9.25328 0
      vertex -13.0588 9.42941 12.5
      vertex -13.0588 9.42941 0
    endloop
  endfacet
  facet normal -0.904788 0.425861 0
    outer loop
      vertex -13.0588 9.42941 12.5
      vertex -13.1417 9.25328 0
      vertex -13.1417 9.25328 12.5
    endloop
  endfacet
  facet normal 0.368111 0.929782 -0
    outer loop
      vertex -14.979 8.52586 0
      vertex -15.16 8.59752 12.5
      vertex -14.979 8.52586 12.5
    endloop
  endfacet
  facet normal 0.368111 0.929782 0
    outer loop
      vertex -15.16 8.59752 12.5
      vertex -14.979 8.52586 0
      vertex -15.16 8.59752 0
    endloop
  endfacet
  facet normal 0.684512 0.729002 -0
    outer loop
      vertex -15.488 8.80571 0
      vertex -15.6299 8.93895 12.5
      vertex -15.488 8.80571 12.5
    endloop
  endfacet
  facet normal 0.684512 0.729002 0
    outer loop
      vertex -15.6299 8.93895 12.5
      vertex -15.488 8.80571 0
      vertex -15.6299 8.93895 0
    endloop
  endfacet
  facet normal -0.58775 0.809043 0
    outer loop
      vertex -13.512 8.80571 0
      vertex -13.6695 8.69129 12.5
      vertex -13.512 8.80571 12.5
    endloop
  endfacet
  facet normal -0.58775 0.809043 0
    outer loop
      vertex -13.6695 8.69129 12.5
      vertex -13.512 8.80571 0
      vertex -13.6695 8.69129 0
    endloop
  endfacet
  facet normal -0.368111 0.929782 0
    outer loop
      vertex -13.84 8.59752 0
      vertex -14.021 8.52586 12.5
      vertex -13.84 8.59752 12.5
    endloop
  endfacet
  facet normal -0.368111 0.929782 0
    outer loop
      vertex -14.021 8.52586 12.5
      vertex -13.84 8.59752 0
      vertex -14.021 8.52586 0
    endloop
  endfacet
  facet normal -1 0 0
    outer loop
      vertex -12.75 -8.25 12.5
      vertex -12.75 -11.75 12.5
      vertex -12.75 -8.25 12.8
    endloop
  endfacet
  facet normal -1 0 0
    outer loop
      vertex -12.75 -6.75 12.8
      vertex -12.75 -7.63439 13.1
      vertex -12.75 -6.75 13.1
    endloop
  endfacet
  facet normal -1 0 0
    outer loop
      vertex -12.75 -8.25 12.8
      vertex -12.75 -7.63439 13.1
      vertex -12.75 -6.75 12.8
    endloop
  endfacet
  facet normal -1 0 0
    outer loop
      vertex -12.75 -11.75 12.8
      vertex -12.75 -8.25 12.8
      vertex -12.75 -11.75 12.5
    endloop
  endfacet
  facet normal -1 0 0
    outer loop
      vertex -12.75 -8.25 12.8
      vertex -12.75 -11.75 12.8
      vertex -12.75 -7.63439 13.1
    endloop
  endfacet
  facet normal -1 0 0
    outer loop
      vertex -12.75 -11.75 12.8
      vertex -12.75 -12.3656 13.1
      vertex -12.75 -7.63439 13.1
    endloop
  endfacet
  facet normal -1 0 0
    outer loop
      vertex -12.75 -13.25 12.8
      vertex -12.75 -12.3656 13.1
      vertex -12.75 -11.75 12.8
    endloop
  endfacet
  facet normal -1 -0 0
    outer loop
      vertex -12.75 -12.3656 13.1
      vertex -12.75 -13.25 12.8
      vertex -12.75 -13.25 13.1
    endloop
  endfacet
  facet normal -0 0 1
    outer loop
      vertex -16.25 -11.75 12.8
      vertex -12.75 -13.25 12.8
      vertex -12.75 -11.75 12.8
    endloop
  endfacet
  facet normal 0 0 1
    outer loop
      vertex -12.75 -13.25 12.8
      vertex -16.25 -11.75 12.8
      vertex -16.25 -13.25 12.8
    endloop
  endfacet
  facet normal -0 0 1
    outer loop
      vertex -16.25 -6.75 12.8
      vertex -12.75 -8.25 12.8
      vertex -12.75 -6.75 12.8
    endloop
  endfacet
  facet normal 0 0 1
    outer loop
      vertex -12.75 -8.25 12.8
      vertex -16.25 -6.75 12.8
      vertex -16.25 -8.25 12.8
    endloop
  endfacet
  facet normal 1 -0 0
    outer loop
      vertex -16.25 -7.63439 13.1
      vertex -16.25 -6.75 12.8
      vertex -16.25 -6.75 13.1
    endloop
  endfacet
  facet normal 1 0 0
    outer loop
      vertex -16.25 -7.63439 13.1
      vertex -16.25 -8.25 12.8
      vertex -16.25 -6.75 12.8
    endloop
  endfacet
  facet normal 1 0 0
    outer loop
      vertex -16.25 -8.25 12.8
      vertex -16.25 -11.75 12.8
      vertex -16.25 -8.25 12.5
    endloop
  endfacet
  facet normal 1 0 0
    outer loop
      vertex -16.25 -7.63439 13.1
      vertex -16.25 -11.75 12.8
      vertex -16.25 -8.25 12.8
    endloop
  endfacet
  facet normal 1 -0 0
    outer loop
      vertex -16.25 -12.3656 13.1
      vertex -16.25 -11.75 12.8
      vertex -16.25 -7.63439 13.1
    endloop
  endfacet
  facet normal 1 0 0
    outer loop
      vertex -16.25 -13.25 12.8
      vertex -16.25 -12.3656 13.1
      vertex -16.25 -13.25 13.1
    endloop
  endfacet
  facet normal 1 0 0
    outer loop
      vertex -16.25 -12.3656 13.1
      vertex -16.25 -13.25 12.8
      vertex -16.25 -11.75 12.8
    endloop
  endfacet
  facet normal 1 0 0
    outer loop
      vertex -16.25 -8.25 12.5
      vertex -16.25 -11.75 12.8
      vertex -16.25 -11.75 12.5
    endloop
  endfacet
  facet normal 0 0 -1
    outer loop
      vertex -12.75 -13.25 13.1
      vertex -12.9421 -12.6983 13.1
      vertex -12.75 -12.3656 13.1
    endloop
  endfacet
  facet normal 0 0 -1
    outer loop
      vertex -12.75 -13.25 13.1
      vertex -16.0579 -12.6983 13.1
      vertex -12.9421 -12.6983 13.1
    endloop
  endfacet
  facet normal 0 0 -1
    outer loop
      vertex -16.25 -13.25 13.1
      vertex -16.0579 -12.6983 13.1
      vertex -12.75 -13.25 13.1
    endloop
  endfacet
  facet normal -0 0 -1
    outer loop
      vertex -16.0579 -12.6983 13.1
      vertex -16.25 -13.25 13.1
      vertex -16.25 -12.3656 13.1
    endloop
  endfacet
  facet normal 0 0 1
    outer loop
      vertex -12.75 -7.63439 13.1
      vertex -12.75 -12.3656 13.1
      vertex -11.3842 -10 13.1
    endloop
  endfacet
  facet normal 0 0 -1
    outer loop
      vertex -12.9421 -7.30165 13.1
      vertex -12.75 -6.75 13.1
      vertex -12.75 -7.63439 13.1
    endloop
  endfacet
  facet normal 0 0 -1
    outer loop
      vertex -16.0579 -7.30165 13.1
      vertex -12.75 -6.75 13.1
      vertex -12.9421 -7.30165 13.1
    endloop
  endfacet
  facet normal 0 0 -1
    outer loop
      vertex -16.0579 -7.30165 13.1
      vertex -16.25 -6.75 13.1
      vertex -12.75 -6.75 13.1
    endloop
  endfacet
  facet normal 0 0 -1
    outer loop
      vertex -16.25 -6.75 13.1
      vertex -16.0579 -7.30165 13.1
      vertex -16.25 -7.63439 13.1
    endloop
  endfacet
  facet normal 0 0 1
    outer loop
      vertex -16.25 -7.63439 13.1
      vertex -17.6158 -10 13.1
      vertex -16.25 -12.3656 13.1
    endloop
  endfacet
  facet normal 0 1 -0
    outer loop
      vertex -12.75 -13.25 12.8
      vertex -16.25 -13.25 13.1
      vertex -12.75 -13.25 13.1
    endloop
  endfacet
  facet normal 0 1 0
    outer loop
      vertex -16.25 -13.25 13.1
      vertex -12.75 -13.25 12.8
      vertex -16.25 -13.25 12.8
    endloop
  endfacet
  facet normal 0 -1 0
    outer loop
      vertex -16.25 -6.75 12.8
      vertex -12.75 -6.75 13.1
      vertex -16.25 -6.75 13.1
    endloop
  endfacet
  facet normal 0 -1 -0
    outer loop
      vertex -12.75 -6.75 13.1
      vertex -16.25 -6.75 12.8
      vertex -12.75 -6.75 12.8
    endloop
  endfacet
  facet normal 0 0 1
    outer loop
      vertex -12.75 -8.25 12.5
      vertex -12.95 -10 12.5
      vertex -12.75 -11.75 12.5
    endloop
  endfacet
  facet normal 0 0 1
    outer loop
      vertex -12.75 -8.25 12.5
      vertex -12.9622 -9.80573 12.5
      vertex -12.95 -10 12.5
    endloop
  endfacet
  facet normal 0 0 1
    outer loop
      vertex -12.75 -8.25 12.5
      vertex -12.9987 -9.61453 12.5
      vertex -12.9622 -9.80573 12.5
    endloop
  endfacet
  facet normal 0 0 1
    outer loop
      vertex -12.75 -8.25 12.5
      vertex -13.0588 -9.42941 12.5
      vertex -12.9987 -9.61453 12.5
    endloop
  endfacet
  facet normal 0 0 1
    outer loop
      vertex -12.75 -8.25 12.5
      vertex -13.1417 -9.25328 12.5
      vertex -13.0588 -9.42941 12.5
    endloop
  endfacet
  facet normal 0 0 1
    outer loop
      vertex -12.75 -8.25 12.5
      vertex -13.246 -9.08893 12.5
      vertex -13.1417 -9.25328 12.5
    endloop
  endfacet
  facet normal 0 0 1
    outer loop
      vertex -12.75 -8.25 12.5
      vertex -13.3701 -8.93895 12.5
      vertex -13.246 -9.08893 12.5
    endloop
  endfacet
  facet normal 0 0 1
    outer loop
      vertex -12.75 -8.25 12.5
      vertex -13.512 -8.80571 12.5
      vertex -13.3701 -8.93895 12.5
    endloop
  endfacet
  facet normal 0 0 1
    outer loop
      vertex -12.75 -8.25 12.5
      vertex -13.6695 -8.69129 12.5
      vertex -13.512 -8.80571 12.5
    endloop
  endfacet
  facet normal 0 0 1
    outer loop
      vertex -12.75 -8.25 12.5
      vertex -13.84 -8.59752 12.5
      vertex -13.6695 -8.69129 12.5
    endloop
  endfacet
  facet normal 0 0 1
    outer loop
      vertex -12.75 -8.25 12.5
      vertex -14.021 -8.52586 12.5
      vertex -13.84 -8.59752 12.5
    endloop
  endfacet
  facet normal 0 0 1
    outer loop
      vertex -12.75 -8.25 12.5
      vertex -14.2096 -8.47746 12.5
      vertex -14.021 -8.52586 12.5
    endloop
  endfacet
  facet normal 0 0 1
    outer loop
      vertex -12.75 -8.25 12.5
      vertex -14.4027 -8.45306 12.5
      vertex -14.2096 -8.47746 12.5
    endloop
  endfacet
  facet normal 0 0 1
    outer loop
      vertex -12.75 -8.25 12.5
      vertex -14.5973 -8.45306 12.5
      vertex -14.4027 -8.45306 12.5
    endloop
  endfacet
  facet normal 0 0 1
    outer loop
      vertex -16.0378 -9.80573 12.5
      vertex -16.25 -8.25 12.5
      vertex -16.05 -10 12.5
    endloop
  endfacet
  facet normal 0 0 1
    outer loop
      vertex -16.0013 -9.61453 12.5
      vertex -16.25 -8.25 12.5
      vertex -16.0378 -9.80573 12.5
    endloop
  endfacet
  facet normal 0 0 1
    outer loop
      vertex -15.9412 -9.42941 12.5
      vertex -16.25 -8.25 12.5
      vertex -16.0013 -9.61453 12.5
    endloop
  endfacet
  facet normal 0 0 1
    outer loop
      vertex -15.8583 -9.25328 12.5
      vertex -16.25 -8.25 12.5
      vertex -15.9412 -9.42941 12.5
    endloop
  endfacet
  facet normal 0 0 1
    outer loop
      vertex -15.754 -9.08893 12.5
      vertex -16.25 -8.25 12.5
      vertex -15.8583 -9.25328 12.5
    endloop
  endfacet
  facet normal 0 0 1
    outer loop
      vertex -15.6299 -8.93895 12.5
      vertex -16.25 -8.25 12.5
      vertex -15.754 -9.08893 12.5
    endloop
  endfacet
  facet normal 0 0 1
    outer loop
      vertex -15.488 -8.80571 12.5
      vertex -16.25 -8.25 12.5
      vertex -15.6299 -8.93895 12.5
    endloop
  endfacet
  facet normal 0 0 1
    outer loop
      vertex -15.3305 -8.69129 12.5
      vertex -16.25 -8.25 12.5
      vertex -15.488 -8.80571 12.5
    endloop
  endfacet
  facet normal 0 0 1
    outer loop
      vertex -15.16 -8.59752 12.5
      vertex -16.25 -8.25 12.5
      vertex -15.3305 -8.69129 12.5
    endloop
  endfacet
  facet normal 0 0 1
    outer loop
      vertex -14.979 -8.52586 12.5
      vertex -16.25 -8.25 12.5
      vertex -15.16 -8.59752 12.5
    endloop
  endfacet
  facet normal 0 0 1
    outer loop
      vertex -14.7904 -8.47746 12.5
      vertex -16.25 -8.25 12.5
      vertex -14.979 -8.52586 12.5
    endloop
  endfacet
  facet normal 0 0 1
    outer loop
      vertex -14.5973 -8.45306 12.5
      vertex -16.25 -8.25 12.5
      vertex -14.7904 -8.47746 12.5
    endloop
  endfacet
  facet normal -0 0 1
    outer loop
      vertex -16.25 -8.25 12.5
      vertex -14.5973 -8.45306 12.5
      vertex -12.75 -8.25 12.5
    endloop
  endfacet
  facet normal -0 0 1
    outer loop
      vertex -12.9622 -10.1943 12.5
      vertex -12.75 -11.75 12.5
      vertex -12.95 -10 12.5
    endloop
  endfacet
  facet normal -0 0 1
    outer loop
      vertex -12.9987 -10.3855 12.5
      vertex -12.75 -11.75 12.5
      vertex -12.9622 -10.1943 12.5
    endloop
  endfacet
  facet normal -0 0 1
    outer loop
      vertex -13.0588 -10.5706 12.5
      vertex -12.75 -11.75 12.5
      vertex -12.9987 -10.3855 12.5
    endloop
  endfacet
  facet normal -0 0 1
    outer loop
      vertex -13.1417 -10.7467 12.5
      vertex -12.75 -11.75 12.5
      vertex -13.0588 -10.5706 12.5
    endloop
  endfacet
  facet normal -0 0 1
    outer loop
      vertex -13.246 -10.9111 12.5
      vertex -12.75 -11.75 12.5
      vertex -13.1417 -10.7467 12.5
    endloop
  endfacet
  facet normal -0 0 1
    outer loop
      vertex -13.3701 -11.061 12.5
      vertex -12.75 -11.75 12.5
      vertex -13.246 -10.9111 12.5
    endloop
  endfacet
  facet normal -0 0 1
    outer loop
      vertex -13.512 -11.1943 12.5
      vertex -12.75 -11.75 12.5
      vertex -13.3701 -11.061 12.5
    endloop
  endfacet
  facet normal -0 0 1
    outer loop
      vertex -13.6695 -11.3087 12.5
      vertex -12.75 -11.75 12.5
      vertex -13.512 -11.1943 12.5
    endloop
  endfacet
  facet normal -0 0 1
    outer loop
      vertex -13.84 -11.4025 12.5
      vertex -12.75 -11.75 12.5
      vertex -13.6695 -11.3087 12.5
    endloop
  endfacet
  facet normal -0 0 1
    outer loop
      vertex -14.021 -11.4741 12.5
      vertex -12.75 -11.75 12.5
      vertex -13.84 -11.4025 12.5
    endloop
  endfacet
  facet normal -0 0 1
    outer loop
      vertex -14.2096 -11.5225 12.5
      vertex -12.75 -11.75 12.5
      vertex -14.021 -11.4741 12.5
    endloop
  endfacet
  facet normal -0 0 1
    outer loop
      vertex -14.4027 -11.5469 12.5
      vertex -12.75 -11.75 12.5
      vertex -14.2096 -11.5225 12.5
    endloop
  endfacet
  facet normal -0 0 1
    outer loop
      vertex -14.5973 -11.5469 12.5
      vertex -12.75 -11.75 12.5
      vertex -14.4027 -11.5469 12.5
    endloop
  endfacet
  facet normal 0 0 1
    outer loop
      vertex -16.25 -11.75 12.5
      vertex -16.05 -10 12.5
      vertex -16.25 -8.25 12.5
    endloop
  endfacet
  facet normal 0 0 1
    outer loop
      vertex -14.5973 -11.5469 12.5
      vertex -16.25 -11.75 12.5
      vertex -12.75 -11.75 12.5
    endloop
  endfacet
  facet normal 0 0 1
    outer loop
      vertex -14.7904 -11.5225 12.5
      vertex -16.25 -11.75 12.5
      vertex -14.5973 -11.5469 12.5
    endloop
  endfacet
  facet normal 0 0 1
    outer loop
      vertex -14.979 -11.4741 12.5
      vertex -16.25 -11.75 12.5
      vertex -14.7904 -11.5225 12.5
    endloop
  endfacet
  facet normal 0 0 1
    outer loop
      vertex -15.16 -11.4025 12.5
      vertex -16.25 -11.75 12.5
      vertex -14.979 -11.4741 12.5
    endloop
  endfacet
  facet normal 0 0 1
    outer loop
      vertex -15.3305 -11.3087 12.5
      vertex -16.25 -11.75 12.5
      vertex -15.16 -11.4025 12.5
    endloop
  endfacet
  facet normal 0 0 1
    outer loop
      vertex -15.488 -11.1943 12.5
      vertex -16.25 -11.75 12.5
      vertex -15.3305 -11.3087 12.5
    endloop
  endfacet
  facet normal 0 0 1
    outer loop
      vertex -15.6299 -11.061 12.5
      vertex -16.25 -11.75 12.5
      vertex -15.488 -11.1943 12.5
    endloop
  endfacet
  facet normal 0 0 1
    outer loop
      vertex -15.754 -10.9111 12.5
      vertex -16.25 -11.75 12.5
      vertex -15.6299 -11.061 12.5
    endloop
  endfacet
  facet normal 0 0 1
    outer loop
      vertex -15.8583 -10.7467 12.5
      vertex -16.25 -11.75 12.5
      vertex -15.754 -10.9111 12.5
    endloop
  endfacet
  facet normal 0 0 1
    outer loop
      vertex -15.9412 -10.5706 12.5
      vertex -16.25 -11.75 12.5
      vertex -15.8583 -10.7467 12.5
    endloop
  endfacet
  facet normal 0 0 1
    outer loop
      vertex -16.0013 -10.3855 12.5
      vertex -16.25 -11.75 12.5
      vertex -15.9412 -10.5706 12.5
    endloop
  endfacet
  facet normal 0 0 1
    outer loop
      vertex -16.0378 -10.1943 12.5
      vertex -16.25 -11.75 12.5
      vertex -16.0013 -10.3855 12.5
    endloop
  endfacet
  facet normal 0 0 1
    outer loop
      vertex -16.05 -10 12.5
      vertex -16.25 -11.75 12.5
      vertex -16.0378 -10.1943 12.5
    endloop
  endfacet
  facet normal 0 -1 0
    outer loop
      vertex -16.25 -8.25 12.5
      vertex -12.75 -8.25 12.8
      vertex -16.25 -8.25 12.8
    endloop
  endfacet
  facet normal 0 -1 -0
    outer loop
      vertex -12.75 -8.25 12.8
      vertex -16.25 -8.25 12.5
      vertex -12.75 -8.25 12.5
    endloop
  endfacet
  facet normal 0 1 -0
    outer loop
      vertex -12.75 -11.75 12.5
      vertex -16.25 -11.75 12.8
      vertex -12.75 -11.75 12.8
    endloop
  endfacet
  facet normal 0 1 0
    outer loop
      vertex -16.25 -11.75 12.8
      vertex -12.75 -11.75 12.5
      vertex -16.25 -11.75 12.5
    endloop
  endfacet
  facet normal 0.866022 0.500006 0
    outer loop
      vertex -16.25 -12.3656 15
      vertex -17.6158 -10 13.1
      vertex -17.6158 -10 15
    endloop
  endfacet
  facet normal 0.866022 0.500006 0
    outer loop
      vertex -16.25 -12.3656 15
      vertex -16.25 -12.3656 13.1
      vertex -17.6158 -10 13.1
    endloop
  endfacet
  facet normal 0.866008 0.50003 0
    outer loop
      vertex -16.0579 -12.6983 15
      vertex -16.25 -12.3656 13.1
      vertex -16.25 -12.3656 15
    endloop
  endfacet
  facet normal 0.866008 0.50003 0
    outer loop
      vertex -16.25 -12.3656 13.1
      vertex -16.0579 -12.6983 15
      vertex -16.0579 -12.6983 13.1
    endloop
  endfacet
  facet normal 0.866034 -0.499985 0
    outer loop
      vertex -16.25 -7.63439 15
      vertex -16.0579 -7.30165 13.1
      vertex -16.0579 -7.30165 15
    endloop
  endfacet
  facet normal 0.866034 -0.499985 0
    outer loop
      vertex -16.25 -7.63439 15
      vertex -16.25 -7.63439 13.1
      vertex -16.0579 -7.30165 13.1
    endloop
  endfacet
  facet normal 0.866023 -0.500004 0
    outer loop
      vertex -17.6158 -10 15
      vertex -16.25 -7.63439 13.1
      vertex -16.25 -7.63439 15
    endloop
  endfacet
  facet normal 0.866023 -0.500004 0
    outer loop
      vertex -16.25 -7.63439 13.1
      vertex -17.6158 -10 15
      vertex -17.6158 -10 13.1
    endloop
  endfacet
  facet normal -0.866022 0.500006 0
    outer loop
      vertex -12.75 -12.3656 13.1
      vertex -11.3842 -10 15
      vertex -11.3842 -10 13.1
    endloop
  endfacet
  facet normal -0.866022 0.500006 0
    outer loop
      vertex -12.75 -12.3656 13.1
      vertex -12.75 -12.3656 15
      vertex -11.3842 -10 15
    endloop
  endfacet
  facet normal -0.866008 0.50003 0
    outer loop
      vertex -12.9421 -12.6983 13.1
      vertex -12.75 -12.3656 15
      vertex -12.75 -12.3656 13.1
    endloop
  endfacet
  facet normal -0.866008 0.50003 0
    outer loop
      vertex -12.75 -12.3656 15
      vertex -12.9421 -12.6983 13.1
      vertex -12.9421 -12.6983 15
    endloop
  endfacet
  facet normal 0 1 -0
    outer loop
      vertex -12.9421 -12.6983 13.1
      vertex -16.0579 -12.6983 15
      vertex -12.9421 -12.6983 15
    endloop
  endfacet
  facet normal 0 1 0
    outer loop
      vertex -16.0579 -12.6983 15
      vertex -12.9421 -12.6983 13.1
      vertex -16.0579 -12.6983 13.1
    endloop
  endfacet
  facet normal -0.866034 -0.499985 0
    outer loop
      vertex -12.75 -7.63439 13.1
      vertex -12.9421 -7.30165 15
      vertex -12.9421 -7.30165 13.1
    endloop
  endfacet
  facet normal -0.866034 -0.499985 0
    outer loop
      vertex -12.75 -7.63439 13.1
      vertex -12.75 -7.63439 15
      vertex -12.9421 -7.30165 15
    endloop
  endfacet
  facet normal -0.866023 -0.500004 0
    outer loop
      vertex -11.3842 -10 13.1
      vertex -12.75 -7.63439 15
      vertex -12.75 -7.63439 13.1
    endloop
  endfacet
  facet normal -0.866023 -0.500004 0
    outer loop
      vertex -12.75 -7.63439 15
      vertex -11.3842 -10 13.1
      vertex -11.3842 -10 15
    endloop
  endfacet
  facet normal 0 -1 0
    outer loop
      vertex -16.0579 -7.30165 13.1
      vertex -12.9421 -7.30165 15
      vertex -16.0579 -7.30165 15
    endloop
  endfacet
  facet normal 0 -1 -0
    outer loop
      vertex -12.9421 -7.30165 15
      vertex -16.0579 -7.30165 13.1
      vertex -12.9421 -7.30165 13.1
    endloop
  endfacet
  facet normal 0.904788 -0.425861 0
    outer loop
      vertex -15.9412 -9.42941 12.5
      vertex -15.8583 -9.25328 0
      vertex -15.8583 -9.25328 12.5
    endloop
  endfacet
  facet normal 0.904788 -0.425861 0
    outer loop
      vertex -15.8583 -9.25328 0
      vertex -15.9412 -9.42941 12.5
      vertex -15.9412 -9.42941 0
    endloop
  endfacet
  facet normal 0.844327 -0.535828 0
    outer loop
      vertex -15.8583 -9.25328 12.5
      vertex -15.754 -9.08893 0
      vertex -15.754 -9.08893 12.5
    endloop
  endfacet
  facet normal 0.844327 -0.535828 0
    outer loop
      vertex -15.754 -9.08893 0
      vertex -15.8583 -9.25328 12.5
      vertex -15.8583 -9.25328 0
    endloop
  endfacet
  facet normal 0.368111 -0.929782 0
    outer loop
      vertex -15.16 -8.59752 0
      vertex -14.979 -8.52586 12.5
      vertex -15.16 -8.59752 12.5
    endloop
  endfacet
  facet normal 0.368111 -0.929782 0
    outer loop
      vertex -14.979 -8.52586 12.5
      vertex -15.16 -8.59752 0
      vertex -14.979 -8.52586 0
    endloop
  endfacet
  facet normal -0.368111 -0.929782 0
    outer loop
      vertex -14.021 -8.52586 0
      vertex -13.84 -8.59752 12.5
      vertex -14.021 -8.52586 12.5
    endloop
  endfacet
  facet normal -0.368111 -0.929782 -0
    outer loop
      vertex -13.84 -8.59752 12.5
      vertex -14.021 -8.52586 0
      vertex -13.84 -8.59752 0
    endloop
  endfacet
  facet normal -0.904788 -0.425861 0
    outer loop
      vertex -13.0588 -9.42941 0
      vertex -13.1417 -9.25328 12.5
      vertex -13.1417 -9.25328 0
    endloop
  endfacet
  facet normal -0.904788 -0.425861 0
    outer loop
      vertex -13.1417 -9.25328 12.5
      vertex -13.0588 -9.42941 0
      vertex -13.0588 -9.42941 12.5
    endloop
  endfacet
  facet normal 0.982262 0.187513 0
    outer loop
      vertex -16.0013 -10.3855 12.5
      vertex -16.0378 -10.1943 0
      vertex -16.0378 -10.1943 12.5
    endloop
  endfacet
  facet normal 0.982262 0.187513 0
    outer loop
      vertex -16.0378 -10.1943 0
      vertex -16.0013 -10.3855 12.5
      vertex -16.0013 -10.3855 0
    endloop
  endfacet
  facet normal 0.125363 -0.992111 0
    outer loop
      vertex -14.7904 -8.47746 0
      vertex -14.5973 -8.45306 12.5
      vertex -14.7904 -8.47746 12.5
    endloop
  endfacet
  facet normal 0.125363 -0.992111 0
    outer loop
      vertex -14.5973 -8.45306 12.5
      vertex -14.7904 -8.47746 0
      vertex -14.5973 -8.45306 0
    endloop
  endfacet
  facet normal 0.58775 -0.809043 0
    outer loop
      vertex -15.488 -8.80571 0
      vertex -15.3305 -8.69129 12.5
      vertex -15.488 -8.80571 12.5
    endloop
  endfacet
  facet normal 0.58775 -0.809043 0
    outer loop
      vertex -15.3305 -8.69129 12.5
      vertex -15.488 -8.80571 0
      vertex -15.3305 -8.69129 0
    endloop
  endfacet
  facet normal -0.982262 -0.187513 0
    outer loop
      vertex -12.9622 -9.80573 0
      vertex -12.9987 -9.61453 12.5
      vertex -12.9987 -9.61453 0
    endloop
  endfacet
  facet normal -0.982262 -0.187513 0
    outer loop
      vertex -12.9987 -9.61453 12.5
      vertex -12.9622 -9.80573 0
      vertex -12.9622 -9.80573 12.5
    endloop
  endfacet
  facet normal -0.770448 -0.637503 0
    outer loop
      vertex -13.246 -9.08893 0
      vertex -13.3701 -8.93895 12.5
      vertex -13.3701 -8.93895 0
    endloop
  endfacet
  facet normal -0.770448 -0.637503 0
    outer loop
      vertex -13.3701 -8.93895 12.5
      vertex -13.246 -9.08893 0
      vertex -13.246 -9.08893 12.5
    endloop
  endfacet
  facet normal -0.481899 -0.876227 0
    outer loop
      vertex -13.84 -8.59752 0
      vertex -13.6695 -8.69129 12.5
      vertex -13.84 -8.59752 12.5
    endloop
  endfacet
  facet normal -0.481899 -0.876227 -0
    outer loop
      vertex -13.6695 -8.69129 12.5
      vertex -13.84 -8.59752 0
      vertex -13.6695 -8.69129 0
    endloop
  endfacet
  facet normal -0.248573 -0.968613 0
    outer loop
      vertex -14.2096 -8.47746 0
      vertex -14.021 -8.52586 12.5
      vertex -14.2096 -8.47746 12.5
    endloop
  endfacet
  facet normal -0.248573 -0.968613 -0
    outer loop
      vertex -14.021 -8.52586 12.5
      vertex -14.2096 -8.47746 0
      vertex -14.021 -8.52586 0
    endloop
  endfacet
  facet normal 0.998034 -0.0626757 0
    outer loop
      vertex -16.05 -10 12.5
      vertex -16.0378 -9.80573 0
      vertex -16.0378 -9.80573 12.5
    endloop
  endfacet
  facet normal 0.998034 -0.0626757 0
    outer loop
      vertex -16.0378 -9.80573 0
      vertex -16.05 -10 12.5
      vertex -16.05 -10 0
    endloop
  endfacet
  facet normal 0.951121 0.308819 0
    outer loop
      vertex -15.9412 -10.5706 12.5
      vertex -16.0013 -10.3855 0
      vertex -16.0013 -10.3855 12.5
    endloop
  endfacet
  facet normal 0.951121 0.308819 0
    outer loop
      vertex -16.0013 -10.3855 0
      vertex -15.9412 -10.5706 12.5
      vertex -15.9412 -10.5706 0
    endloop
  endfacet
  facet normal -0.684675 0.728848 0
    outer loop
      vertex -13.3701 -11.061 0
      vertex -13.512 -11.1943 12.5
      vertex -13.3701 -11.061 12.5
    endloop
  endfacet
  facet normal -0.684675 0.728848 0
    outer loop
      vertex -13.512 -11.1943 12.5
      vertex -13.3701 -11.061 0
      vertex -13.512 -11.1943 0
    endloop
  endfacet
  facet normal 0.587683 0.809091 -0
    outer loop
      vertex -15.3305 -11.3087 0
      vertex -15.488 -11.1943 12.5
      vertex -15.3305 -11.3087 12.5
    endloop
  endfacet
  facet normal 0.587683 0.809091 0
    outer loop
      vertex -15.488 -11.1943 12.5
      vertex -15.3305 -11.3087 0
      vertex -15.488 -11.1943 0
    endloop
  endfacet
  facet normal 0.982262 -0.187513 0
    outer loop
      vertex -16.0378 -9.80573 12.5
      vertex -16.0013 -9.61453 0
      vertex -16.0013 -9.61453 12.5
    endloop
  endfacet
  facet normal 0.982262 -0.187513 0
    outer loop
      vertex -16.0013 -9.61453 0
      vertex -16.0378 -9.80573 12.5
      vertex -16.0378 -9.80573 0
    endloop
  endfacet
  facet normal 0.951131 -0.308789 0
    outer loop
      vertex -16.0013 -9.61453 12.5
      vertex -15.9412 -9.42941 0
      vertex -15.9412 -9.42941 12.5
    endloop
  endfacet
  facet normal 0.951131 -0.308789 0
    outer loop
      vertex -15.9412 -9.42941 0
      vertex -16.0013 -9.61453 12.5
      vertex -16.0013 -9.61453 0
    endloop
  endfacet
  facet normal 0.684512 -0.729002 0
    outer loop
      vertex -15.6299 -8.93895 0
      vertex -15.488 -8.80571 12.5
      vertex -15.6299 -8.93895 12.5
    endloop
  endfacet
  facet normal 0.684512 -0.729002 0
    outer loop
      vertex -15.488 -8.80571 12.5
      vertex -15.6299 -8.93895 0
      vertex -15.488 -8.80571 0
    endloop
  endfacet
  facet normal 0.770448 -0.637503 0
    outer loop
      vertex -15.754 -9.08893 12.5
      vertex -15.6299 -8.93895 0
      vertex -15.6299 -8.93895 12.5
    endloop
  endfacet
  facet normal 0.770448 -0.637503 0
    outer loop
      vertex -15.6299 -8.93895 0
      vertex -15.754 -9.08893 12.5
      vertex -15.754 -9.08893 0
    endloop
  endfacet
  facet normal 0 -1 0
    outer loop
      vertex -14.5973 -8.45306 0
      vertex -14.4027 -8.45306 12.5
      vertex -14.5973 -8.45306 12.5
    endloop
  endfacet
  facet normal 0 -1 -0
    outer loop
      vertex -14.4027 -8.45306 12.5
      vertex -14.5973 -8.45306 0
      vertex -14.4027 -8.45306 0
    endloop
  endfacet
  facet normal 0.248573 -0.968613 0
    outer loop
      vertex -14.979 -8.52586 0
      vertex -14.7904 -8.47746 12.5
      vertex -14.979 -8.52586 12.5
    endloop
  endfacet
  facet normal 0.248573 -0.968613 0
    outer loop
      vertex -14.7904 -8.47746 12.5
      vertex -14.979 -8.52586 0
      vertex -14.7904 -8.47746 0
    endloop
  endfacet
  facet normal 0.481899 -0.876227 0
    outer loop
      vertex -15.3305 -8.69129 0
      vertex -15.16 -8.59752 12.5
      vertex -15.3305 -8.69129 12.5
    endloop
  endfacet
  facet normal 0.481899 -0.876227 0
    outer loop
      vertex -15.16 -8.59752 12.5
      vertex -15.3305 -8.69129 0
      vertex -15.16 -8.59752 0
    endloop
  endfacet
  facet normal -0.998034 -0.0626757 0
    outer loop
      vertex -12.95 -10 0
      vertex -12.9622 -9.80573 12.5
      vertex -12.9622 -9.80573 0
    endloop
  endfacet
  facet normal -0.998034 -0.0626757 0
    outer loop
      vertex -12.9622 -9.80573 12.5
      vertex -12.95 -10 0
      vertex -12.95 -10 12.5
    endloop
  endfacet
  facet normal -0.951131 -0.308789 0
    outer loop
      vertex -12.9987 -9.61453 0
      vertex -13.0588 -9.42941 12.5
      vertex -13.0588 -9.42941 0
    endloop
  endfacet
  facet normal -0.951131 -0.308789 0
    outer loop
      vertex -13.0588 -9.42941 12.5
      vertex -12.9987 -9.61453 0
      vertex -12.9987 -9.61453 12.5
    endloop
  endfacet
  facet normal -0.844327 -0.535828 0
    outer loop
      vertex -13.1417 -9.25328 0
      vertex -13.246 -9.08893 12.5
      vertex -13.246 -9.08893 0
    endloop
  endfacet
  facet normal -0.844327 -0.535828 0
    outer loop
      vertex -13.246 -9.08893 12.5
      vertex -13.1417 -9.25328 0
      vertex -13.1417 -9.25328 12.5
    endloop
  endfacet
  facet normal -0.125363 -0.992111 0
    outer loop
      vertex -14.4027 -8.45306 0
      vertex -14.2096 -8.47746 12.5
      vertex -14.4027 -8.45306 12.5
    endloop
  endfacet
  facet normal -0.125363 -0.992111 -0
    outer loop
      vertex -14.2096 -8.47746 12.5
      vertex -14.4027 -8.45306 0
      vertex -14.2096 -8.47746 0
    endloop
  endfacet
  facet normal -0.58775 -0.809043 0
    outer loop
      vertex -13.6695 -8.69129 0
      vertex -13.512 -8.80571 12.5
      vertex -13.6695 -8.69129 12.5
    endloop
  endfacet
  facet normal -0.58775 -0.809043 -0
    outer loop
      vertex -13.512 -8.80571 12.5
      vertex -13.6695 -8.69129 0
      vertex -13.512 -8.80571 0
    endloop
  endfacet
  facet normal -0.684512 -0.729002 0
    outer loop
      vertex -13.512 -8.80571 0
      vertex -13.3701 -8.93895 12.5
      vertex -13.512 -8.80571 12.5
    endloop
  endfacet
  facet normal -0.684512 -0.729002 -0
    outer loop
      vertex -13.3701 -8.93895 12.5
      vertex -13.512 -8.80571 0
      vertex -13.3701 -8.93895 0
    endloop
  endfacet
  facet normal 0.998035 0.0626661 0
    outer loop
      vertex -16.0378 -10.1943 12.5
      vertex -16.05 -10 0
      vertex -16.05 -10 12.5
    endloop
  endfacet
  facet normal 0.998035 0.0626661 0
    outer loop
      vertex -16.05 -10 0
      vertex -16.0378 -10.1943 12.5
      vertex -16.0378 -10.1943 0
    endloop
  endfacet
  facet normal 0 1 -0
    outer loop
      vertex -14.4027 -11.5469 0
      vertex -14.5973 -11.5469 12.5
      vertex -14.4027 -11.5469 12.5
    endloop
  endfacet
  facet normal 0 1 0
    outer loop
      vertex -14.5973 -11.5469 12.5
      vertex -14.4027 -11.5469 0
      vertex -14.5973 -11.5469 0
    endloop
  endfacet
  facet normal -0.951121 0.308819 0
    outer loop
      vertex -13.0588 -10.5706 0
      vertex -12.9987 -10.3855 12.5
      vertex -12.9987 -10.3855 0
    endloop
  endfacet
  facet normal -0.951121 0.308819 0
    outer loop
      vertex -12.9987 -10.3855 12.5
      vertex -13.0588 -10.5706 0
      vertex -13.0588 -10.5706 12.5
    endloop
  endfacet
  facet normal -0.770281 0.637704 0
    outer loop
      vertex -13.3701 -11.061 0
      vertex -13.246 -10.9111 12.5
      vertex -13.246 -10.9111 0
    endloop
  endfacet
  facet normal -0.770281 0.637704 0
    outer loop
      vertex -13.246 -10.9111 12.5
      vertex -13.3701 -11.061 0
      vertex -13.3701 -11.061 12.5
    endloop
  endfacet
  facet normal 0.125363 0.992111 -0
    outer loop
      vertex -14.5973 -11.5469 0
      vertex -14.7904 -11.5225 12.5
      vertex -14.5973 -11.5469 12.5
    endloop
  endfacet
  facet normal 0.125363 0.992111 0
    outer loop
      vertex -14.7904 -11.5225 12.5
      vertex -14.5973 -11.5469 0
      vertex -14.7904 -11.5225 0
    endloop
  endfacet
  facet normal 0.248573 0.968613 -0
    outer loop
      vertex -14.7904 -11.5225 0
      vertex -14.979 -11.4741 12.5
      vertex -14.7904 -11.5225 12.5
    endloop
  endfacet
  facet normal 0.248573 0.968613 0
    outer loop
      vertex -14.979 -11.4741 12.5
      vertex -14.7904 -11.5225 0
      vertex -14.979 -11.4741 0
    endloop
  endfacet
  facet normal -0.482017 0.876162 0
    outer loop
      vertex -13.6695 -11.3087 0
      vertex -13.84 -11.4025 12.5
      vertex -13.6695 -11.3087 12.5
    endloop
  endfacet
  facet normal -0.482017 0.876162 0
    outer loop
      vertex -13.84 -11.4025 12.5
      vertex -13.6695 -11.3087 0
      vertex -13.84 -11.4025 0
    endloop
  endfacet
  facet normal -0.248573 0.968613 0
    outer loop
      vertex -14.021 -11.4741 0
      vertex -14.2096 -11.5225 12.5
      vertex -14.021 -11.4741 12.5
    endloop
  endfacet
  facet normal -0.248573 0.968613 0
    outer loop
      vertex -14.2096 -11.5225 12.5
      vertex -14.021 -11.4741 0
      vertex -14.2096 -11.5225 0
    endloop
  endfacet
  facet normal 0.482017 0.876162 -0
    outer loop
      vertex -15.16 -11.4025 0
      vertex -15.3305 -11.3087 12.5
      vertex -15.16 -11.4025 12.5
    endloop
  endfacet
  facet normal 0.482017 0.876162 0
    outer loop
      vertex -15.3305 -11.3087 12.5
      vertex -15.16 -11.4025 0
      vertex -15.3305 -11.3087 0
    endloop
  endfacet
  facet normal 0.770281 0.637704 0
    outer loop
      vertex -15.6299 -11.061 12.5
      vertex -15.754 -10.9111 0
      vertex -15.754 -10.9111 12.5
    endloop
  endfacet
  facet normal 0.770281 0.637704 0
    outer loop
      vertex -15.754 -10.9111 0
      vertex -15.6299 -11.061 12.5
      vertex -15.6299 -11.061 0
    endloop
  endfacet
  facet normal 0.90476 0.425921 0
    outer loop
      vertex -15.8583 -10.7467 12.5
      vertex -15.9412 -10.5706 0
      vertex -15.9412 -10.5706 12.5
    endloop
  endfacet
  facet normal 0.90476 0.425921 0
    outer loop
      vertex -15.9412 -10.5706 0
      vertex -15.8583 -10.7467 12.5
      vertex -15.8583 -10.7467 0
    endloop
  endfacet
  facet normal 0.844401 0.535712 0
    outer loop
      vertex -15.754 -10.9111 12.5
      vertex -15.8583 -10.7467 0
      vertex -15.8583 -10.7467 12.5
    endloop
  endfacet
  facet normal 0.844401 0.535712 0
    outer loop
      vertex -15.8583 -10.7467 0
      vertex -15.754 -10.9111 12.5
      vertex -15.754 -10.9111 0
    endloop
  endfacet
  facet normal -0.125363 0.992111 0
    outer loop
      vertex -14.2096 -11.5225 0
      vertex -14.4027 -11.5469 12.5
      vertex -14.2096 -11.5225 12.5
    endloop
  endfacet
  facet normal -0.125363 0.992111 0
    outer loop
      vertex -14.4027 -11.5469 12.5
      vertex -14.2096 -11.5225 0
      vertex -14.4027 -11.5469 0
    endloop
  endfacet
  facet normal -0.982262 0.187513 0
    outer loop
      vertex -12.9987 -10.3855 0
      vertex -12.9622 -10.1943 12.5
      vertex -12.9622 -10.1943 0
    endloop
  endfacet
  facet normal -0.982262 0.187513 0
    outer loop
      vertex -12.9622 -10.1943 12.5
      vertex -12.9987 -10.3855 0
      vertex -12.9987 -10.3855 12.5
    endloop
  endfacet
  facet normal -0.998035 0.0626661 0
    outer loop
      vertex -12.9622 -10.1943 0
      vertex -12.95 -10 12.5
      vertex -12.95 -10 0
    endloop
  endfacet
  facet normal -0.998035 0.0626661 0
    outer loop
      vertex -12.95 -10 12.5
      vertex -12.9622 -10.1943 0
      vertex -12.9622 -10.1943 12.5
    endloop
  endfacet
  facet normal -0.844401 0.535712 0
    outer loop
      vertex -13.246 -10.9111 0
      vertex -13.1417 -10.7467 12.5
      vertex -13.1417 -10.7467 0
    endloop
  endfacet
  facet normal -0.844401 0.535712 0
    outer loop
      vertex -13.1417 -10.7467 12.5
      vertex -13.246 -10.9111 0
      vertex -13.246 -10.9111 12.5
    endloop
  endfacet
  facet normal -0.90476 0.425921 0
    outer loop
      vertex -13.1417 -10.7467 0
      vertex -13.0588 -10.5706 12.5
      vertex -13.0588 -10.5706 0
    endloop
  endfacet
  facet normal -0.90476 0.425921 0
    outer loop
      vertex -13.0588 -10.5706 12.5
      vertex -13.1417 -10.7467 0
      vertex -13.1417 -10.7467 12.5
    endloop
  endfacet
  facet normal 0.367845 0.929887 -0
    outer loop
      vertex -14.979 -11.4741 0
      vertex -15.16 -11.4025 12.5
      vertex -14.979 -11.4741 12.5
    endloop
  endfacet
  facet normal 0.367845 0.929887 0
    outer loop
      vertex -15.16 -11.4025 12.5
      vertex -14.979 -11.4741 0
      vertex -15.16 -11.4025 0
    endloop
  endfacet
  facet normal 0.684675 0.728848 -0
    outer loop
      vertex -15.488 -11.1943 0
      vertex -15.6299 -11.061 12.5
      vertex -15.488 -11.1943 12.5
    endloop
  endfacet
  facet normal 0.684675 0.728848 0
    outer loop
      vertex -15.6299 -11.061 12.5
      vertex -15.488 -11.1943 0
      vertex -15.6299 -11.061 0
    endloop
  endfacet
  facet normal -0.587683 0.809091 0
    outer loop
      vertex -13.512 -11.1943 0
      vertex -13.6695 -11.3087 12.5
      vertex -13.512 -11.1943 12.5
    endloop
  endfacet
  facet normal -0.587683 0.809091 0
    outer loop
      vertex -13.6695 -11.3087 12.5
      vertex -13.512 -11.1943 0
      vertex -13.6695 -11.3087 0
    endloop
  endfacet
  facet normal -0.367845 0.929887 0
    outer loop
      vertex -13.84 -11.4025 0
      vertex -14.021 -11.4741 12.5
      vertex -13.84 -11.4025 12.5
    endloop
  endfacet
  facet normal -0.367845 0.929887 0
    outer loop
      vertex -14.021 -11.4741 12.5
      vertex -13.84 -11.4025 0
      vertex -14.021 -11.4741 0
    endloop
  endfacet
  facet normal -0.998031 -0.0627292 0
    outer loop
      vertex 10.75 -15 4
      vertex 10.7244 -14.5927 15
      vertex 10.7244 -14.5927 4
    endloop
  endfacet
  facet normal -0.998031 -0.0627292 0
    outer loop
      vertex 10.7244 -14.5927 15
      vertex 10.75 -15 4
      vertex 10.75 -15 15
    endloop
  endfacet
  facet normal 0.125446 -0.9921 0
    outer loop
      vertex 6.89101 -11.8076 4
      vertex 7.29593 -11.7564 15
      vertex 6.89101 -11.8076 15
    endloop
  endfacet
  facet normal 0.125446 -0.9921 0
    outer loop
      vertex 7.29593 -11.7564 15
      vertex 6.89101 -11.8076 4
      vertex 7.29593 -11.7564 4
    endloop
  endfacet
  facet normal -0.125446 0.9921 0
    outer loop
      vertex 8.10899 -18.1924 4
      vertex 7.70407 -18.2436 15
      vertex 8.10899 -18.1924 15
    endloop
  endfacet
  facet normal -0.125446 0.9921 0
    outer loop
      vertex 7.70407 -18.2436 15
      vertex 8.10899 -18.1924 4
      vertex 7.70407 -18.2436 4
    endloop
  endfacet
  facet normal -0.770546 0.637385 0
    outer loop
      vertex 9.86915 -17.2248 4
      vertex 10.1293 -16.9103 15
      vertex 10.1293 -16.9103 4
    endloop
  endfacet
  facet normal -0.770546 0.637385 0
    outer loop
      vertex 10.1293 -16.9103 15
      vertex 9.86915 -17.2248 4
      vertex 9.86915 -17.2248 15
    endloop
  endfacet
  facet normal -0.58779 -0.809014 0
    outer loop
      vertex 9.24144 -12.2559 4
      vertex 9.57163 -12.4958 15
      vertex 9.24144 -12.2559 15
    endloop
  endfacet
  facet normal -0.58779 -0.809014 -0
    outer loop
      vertex 9.57163 -12.4958 15
      vertex 9.24144 -12.2559 4
      vertex 9.57163 -12.4958 4
    endloop
  endfacet
  facet normal 0.770534 -0.637399 0
    outer loop
      vertex 4.87069 -13.0897 15
      vertex 5.13085 -12.7752 4
      vertex 5.13085 -12.7752 15
    endloop
  endfacet
  facet normal 0.770534 -0.637399 0
    outer loop
      vertex 5.13085 -12.7752 4
      vertex 4.87069 -13.0897 15
      vertex 4.87069 -13.0897 4
    endloop
  endfacet
  facet normal 0.481706 -0.876333 0
    outer loop
      vertex 5.75856 -12.2559 4
      vertex 6.11622 -12.0593 15
      vertex 5.75856 -12.2559 15
    endloop
  endfacet
  facet normal 0.481706 -0.876333 0
    outer loop
      vertex 6.11622 -12.0593 15
      vertex 5.75856 -12.2559 4
      vertex 6.11622 -12.0593 4
    endloop
  endfacet
  facet normal -0.844317 -0.535845 0
    outer loop
      vertex 10.348 -13.4343 4
      vertex 10.1293 -13.0897 15
      vertex 10.1293 -13.0897 4
    endloop
  endfacet
  facet normal -0.844317 -0.535845 0
    outer loop
      vertex 10.1293 -13.0897 15
      vertex 10.348 -13.4343 4
      vertex 10.348 -13.4343 15
    endloop
  endfacet
  facet normal -0.248694 -0.968582 0
    outer loop
      vertex 8.10899 -11.8076 4
      vertex 8.5043 -11.9091 15
      vertex 8.10899 -11.8076 15
    endloop
  endfacet
  facet normal -0.248694 -0.968582 -0
    outer loop
      vertex 8.5043 -11.9091 15
      vertex 8.10899 -11.8076 4
      vertex 8.5043 -11.9091 4
    endloop
  endfacet
  facet normal -0.125446 -0.9921 0
    outer loop
      vertex 7.70407 -11.7564 4
      vertex 8.10899 -11.8076 15
      vertex 7.70407 -11.7564 15
    endloop
  endfacet
  facet normal -0.125446 -0.9921 -0
    outer loop
      vertex 8.10899 -11.8076 15
      vertex 7.70407 -11.7564 4
      vertex 8.10899 -11.8076 4
    endloop
  endfacet
  facet normal -0.481706 -0.876333 0
    outer loop
      vertex 8.88378 -12.0593 4
      vertex 9.24144 -12.2559 15
      vertex 8.88378 -12.0593 15
    endloop
  endfacet
  facet normal -0.481706 -0.876333 -0
    outer loop
      vertex 9.24144 -12.2559 15
      vertex 8.88378 -12.0593 4
      vertex 9.24144 -12.2559 4
    endloop
  endfacet
  facet normal 0.951059 -0.309009 0
    outer loop
      vertex 4.3521 -14.1918 15
      vertex 4.47823 -13.8036 4
      vertex 4.47823 -13.8036 15
    endloop
  endfacet
  facet normal 0.951059 -0.309009 0
    outer loop
      vertex 4.47823 -13.8036 4
      vertex 4.3521 -14.1918 15
      vertex 4.3521 -14.1918 4
    endloop
  endfacet
  facet normal 0 0 -1
    outer loop
      vertex -12.9987 0.385468 0
      vertex 0 21.9901 0
      vertex -12.9622 0.194266 0
    endloop
  endfacet
  facet normal 0 0 -1
    outer loop
      vertex 0 21.9901 0
      vertex -12.9622 9.80573 0
      vertex -12.95 10 0
    endloop
  endfacet
  facet normal 0 0 -1
    outer loop
      vertex -12.9987 9.61453 0
      vertex 0 21.9901 0
      vertex -12.9987 0.385468 0
    endloop
  endfacet
  facet normal 0 0 -1
    outer loop
      vertex 0 21.9901 0
      vertex -12.9987 9.61453 0
      vertex -12.9622 9.80573 0
    endloop
  endfacet
  facet normal 0 0 -1
    outer loop
      vertex -13.0588 0.570593 0
      vertex -12.9987 9.61453 0
      vertex -12.9987 0.385468 0
    endloop
  endfacet
  facet normal 0 0 -1
    outer loop
      vertex -13.0588 0.570593 0
      vertex -13.0588 9.42941 0
      vertex -12.9987 9.61453 0
    endloop
  endfacet
  facet normal 0 0 -1
    outer loop
      vertex -13.1417 0.746717 0
      vertex -13.0588 9.42941 0
      vertex -13.0588 0.570593 0
    endloop
  endfacet
  facet normal 0 0 -1
    outer loop
      vertex -13.1417 0.746717 0
      vertex -13.1417 9.25328 0
      vertex -13.0588 9.42941 0
    endloop
  endfacet
  facet normal 0 0 -1
    outer loop
      vertex -13.246 0.911067 0
      vertex -13.1417 9.25328 0
      vertex -13.1417 0.746717 0
    endloop
  endfacet
  facet normal 0 0 -1
    outer loop
      vertex -13.246 0.911067 0
      vertex -13.246 9.08893 0
      vertex -13.1417 9.25328 0
    endloop
  endfacet
  facet normal 0 0 -1
    outer loop
      vertex -13.3701 1.06105 0
      vertex -13.246 9.08893 0
      vertex -13.246 0.911067 0
    endloop
  endfacet
  facet normal 0 0 -1
    outer loop
      vertex -13.3701 1.06105 0
      vertex -13.3701 8.93895 0
      vertex -13.246 9.08893 0
    endloop
  endfacet
  facet normal 0 0 -1
    outer loop
      vertex -13.512 1.19429 0
      vertex -13.3701 8.93895 0
      vertex -13.3701 1.06105 0
    endloop
  endfacet
  facet normal 0 0 -1
    outer loop
      vertex -13.512 1.19429 0
      vertex -13.512 8.80571 0
      vertex -13.3701 8.93895 0
    endloop
  endfacet
  facet normal 0 0 -1
    outer loop
      vertex -13.6695 1.30871 0
      vertex -13.512 8.80571 0
      vertex -13.512 1.19429 0
    endloop
  endfacet
  facet normal 0 0 -1
    outer loop
      vertex -13.6695 1.30871 0
      vertex -13.6695 8.69129 0
      vertex -13.512 8.80571 0
    endloop
  endfacet
  facet normal 0 0 -1
    outer loop
      vertex -13.84 1.40248 0
      vertex -13.6695 8.69129 0
      vertex -13.6695 1.30871 0
    endloop
  endfacet
  facet normal 0 0 -1
    outer loop
      vertex -13.84 1.40248 0
      vertex -13.84 8.59752 0
      vertex -13.6695 8.69129 0
    endloop
  endfacet
  facet normal 0 0 -1
    outer loop
      vertex -14.021 1.47414 0
      vertex -13.84 8.59752 0
      vertex -13.84 1.40248 0
    endloop
  endfacet
  facet normal 0 0 -1
    outer loop
      vertex -14.021 1.47414 0
      vertex -14.021 8.52586 0
      vertex -13.84 8.59752 0
    endloop
  endfacet
  facet normal 0 0 -1
    outer loop
      vertex -14.2096 1.52254 0
      vertex -14.021 8.52586 0
      vertex -14.021 1.47414 0
    endloop
  endfacet
  facet normal 0 0 -1
    outer loop
      vertex -14.2096 1.52254 0
      vertex -14.2096 8.47746 0
      vertex -14.021 8.52586 0
    endloop
  endfacet
  facet normal 0 0 -1
    outer loop
      vertex -14.4027 1.54694 0
      vertex -14.2096 8.47746 0
      vertex -14.2096 1.52254 0
    endloop
  endfacet
  facet normal 0 0 -1
    outer loop
      vertex -14.4027 1.54694 0
      vertex -14.4027 8.45306 0
      vertex -14.2096 8.47746 0
    endloop
  endfacet
  facet normal 0 0 -1
    outer loop
      vertex -14.5973 1.54694 0
      vertex -14.4027 8.45306 0
      vertex -14.4027 1.54694 0
    endloop
  endfacet
  facet normal 0 0 -1
    outer loop
      vertex -14.5973 1.54694 0
      vertex -14.5973 8.45306 0
      vertex -14.4027 8.45306 0
    endloop
  endfacet
  facet normal 0 0 -1
    outer loop
      vertex -14.7904 1.52254 0
      vertex -14.5973 8.45306 0
      vertex -14.5973 1.54694 0
    endloop
  endfacet
  facet normal 0 0 -1
    outer loop
      vertex -14.7904 1.52254 0
      vertex -14.7904 8.47746 0
      vertex -14.5973 8.45306 0
    endloop
  endfacet
  facet normal 0 0 -1
    outer loop
      vertex -14.979 1.47414 0
      vertex -14.7904 8.47746 0
      vertex -14.7904 1.52254 0
    endloop
  endfacet
  facet normal 0 0 -1
    outer loop
      vertex -14.979 1.47414 0
      vertex -14.979 8.52586 0
      vertex -14.7904 8.47746 0
    endloop
  endfacet
  facet normal 0 0 -1
    outer loop
      vertex -15.16 1.40248 0
      vertex -14.979 8.52586 0
      vertex -14.979 1.47414 0
    endloop
  endfacet
  facet normal 0 0 -1
    outer loop
      vertex -15.16 1.40248 0
      vertex -15.16 8.59752 0
      vertex -14.979 8.52586 0
    endloop
  endfacet
  facet normal 0 0 -1
    outer loop
      vertex -15.3305 1.30871 0
      vertex -15.16 8.59752 0
      vertex -15.16 1.40248 0
    endloop
  endfacet
  facet normal 0 0 -1
    outer loop
      vertex -15.3305 1.30871 0
      vertex -15.3305 8.69129 0
      vertex -15.16 8.59752 0
    endloop
  endfacet
  facet normal 0 0 -1
    outer loop
      vertex -15.488 1.19429 0
      vertex -15.3305 8.69129 0
      vertex -15.3305 1.30871 0
    endloop
  endfacet
  facet normal 0 0 -1
    outer loop
      vertex -15.488 1.19429 0
      vertex -15.488 8.80571 0
      vertex -15.3305 8.69129 0
    endloop
  endfacet
  facet normal 0 0 -1
    outer loop
      vertex -15.6299 1.06105 0
      vertex -15.488 8.80571 0
      vertex -15.488 1.19429 0
    endloop
  endfacet
  facet normal 0 0 -1
    outer loop
      vertex -15.6299 1.06105 0
      vertex -15.6299 8.93895 0
      vertex -15.488 8.80571 0
    endloop
  endfacet
  facet normal 0 0 -1
    outer loop
      vertex -15.754 0.911067 0
      vertex -15.6299 8.93895 0
      vertex -15.6299 1.06105 0
    endloop
  endfacet
  facet normal 0 0 -1
    outer loop
      vertex -15.754 0.911067 0
      vertex -15.754 9.08893 0
      vertex -15.6299 8.93895 0
    endloop
  endfacet
  facet normal 0 0 -1
    outer loop
      vertex -15.8583 0.746717 0
      vertex -15.754 9.08893 0
      vertex -15.754 0.911067 0
    endloop
  endfacet
  facet normal 0 0 -1
    outer loop
      vertex -15.8583 0.746717 0
      vertex -15.8583 9.25328 0
      vertex -15.754 9.08893 0
    endloop
  endfacet
  facet normal 0 0 -1
    outer loop
      vertex -15.9412 0.570593 0
      vertex -15.8583 9.25328 0
      vertex -15.8583 0.746717 0
    endloop
  endfacet
  facet normal 0 0 -1
    outer loop
      vertex -15.9412 0.570593 0
      vertex -15.9412 9.42941 0
      vertex -15.8583 9.25328 0
    endloop
  endfacet
  facet normal 0 0 -1
    outer loop
      vertex -29.5 17 0
      vertex -15.9412 0.570593 0
      vertex -16.0013 0.385468 0
    endloop
  endfacet
  facet normal 0 0 -1
    outer loop
      vertex -15.9412 0.570593 0
      vertex -29.5 17 0
      vertex -15.9412 9.42941 0
    endloop
  endfacet
  facet normal 0 0 -1
    outer loop
      vertex -29.5 17 0
      vertex -16.0013 0.385468 0
      vertex -16.0378 0.194266 0
    endloop
  endfacet
  facet normal 0 0 -1
    outer loop
      vertex -15.9412 9.42941 0
      vertex -29.5 17 0
      vertex -16.0013 9.61453 0
    endloop
  endfacet
  facet normal 0 0 -1
    outer loop
      vertex -29.5 17 0
      vertex -16.0378 0.194266 0
      vertex -16.05 0 0
    endloop
  endfacet
  facet normal 0 0 -1
    outer loop
      vertex -16.0013 9.61453 0
      vertex -29.5 17 0
      vertex -16.0378 9.80573 0
    endloop
  endfacet
  facet normal 0 0 -1
    outer loop
      vertex -12.9987 -9.61453 0
      vertex 0 -21.9901 0
      vertex -12.9622 -9.80573 0
    endloop
  endfacet
  facet normal 0 0 -1
    outer loop
      vertex 0 -21.9901 0
      vertex -12.9622 -0.194266 0
      vertex -12.95 0 0
    endloop
  endfacet
  facet normal 0 0 -1
    outer loop
      vertex -12.9987 -0.385468 0
      vertex 0 -21.9901 0
      vertex -12.9987 -9.61453 0
    endloop
  endfacet
  facet normal 0 0 -1
    outer loop
      vertex 0 -21.9901 0
      vertex -12.9987 -0.385468 0
      vertex -12.9622 -0.194266 0
    endloop
  endfacet
  facet normal 0 0 -1
    outer loop
      vertex -13.0588 -9.42941 0
      vertex -12.9987 -0.385468 0
      vertex -12.9987 -9.61453 0
    endloop
  endfacet
  facet normal 0 0 -1
    outer loop
      vertex -13.0588 -9.42941 0
      vertex -13.0588 -0.570593 0
      vertex -12.9987 -0.385468 0
    endloop
  endfacet
  facet normal 0 0 -1
    outer loop
      vertex -13.1417 -9.25328 0
      vertex -13.0588 -0.570593 0
      vertex -13.0588 -9.42941 0
    endloop
  endfacet
  facet normal 0 0 -1
    outer loop
      vertex -13.1417 -9.25328 0
      vertex -13.1417 -0.746717 0
      vertex -13.0588 -0.570593 0
    endloop
  endfacet
  facet normal 0 0 -1
    outer loop
      vertex -13.246 -9.08893 0
      vertex -13.1417 -0.746717 0
      vertex -13.1417 -9.25328 0
    endloop
  endfacet
  facet normal 0 0 -1
    outer loop
      vertex -13.246 -9.08893 0
      vertex -13.246 -0.911067 0
      vertex -13.1417 -0.746717 0
    endloop
  endfacet
  facet normal 0 0 -1
    outer loop
      vertex -13.3701 -8.93895 0
      vertex -13.246 -0.911067 0
      vertex -13.246 -9.08893 0
    endloop
  endfacet
  facet normal 0 0 -1
    outer loop
      vertex -13.3701 -8.93895 0
      vertex -13.3701 -1.06105 0
      vertex -13.246 -0.911067 0
    endloop
  endfacet
  facet normal 0 0 -1
    outer loop
      vertex -13.512 -8.80571 0
      vertex -13.3701 -1.06105 0
      vertex -13.3701 -8.93895 0
    endloop
  endfacet
  facet normal 0 0 -1
    outer loop
      vertex -13.512 -8.80571 0
      vertex -13.512 -1.19429 0
      vertex -13.3701 -1.06105 0
    endloop
  endfacet
  facet normal 0 0 -1
    outer loop
      vertex -13.6695 -8.69129 0
      vertex -13.512 -1.19429 0
      vertex -13.512 -8.80571 0
    endloop
  endfacet
  facet normal 0 0 -1
    outer loop
      vertex -13.6695 -8.69129 0
      vertex -13.6695 -1.30871 0
      vertex -13.512 -1.19429 0
    endloop
  endfacet
  facet normal 0 0 -1
    outer loop
      vertex -13.84 -8.59752 0
      vertex -13.6695 -1.30871 0
      vertex -13.6695 -8.69129 0
    endloop
  endfacet
  facet normal 0 0 -1
    outer loop
      vertex -13.84 -8.59752 0
      vertex -13.84 -1.40248 0
      vertex -13.6695 -1.30871 0
    endloop
  endfacet
  facet normal 0 0 -1
    outer loop
      vertex -14.021 -8.52586 0
      vertex -13.84 -1.40248 0
      vertex -13.84 -8.59752 0
    endloop
  endfacet
  facet normal 0 0 -1
    outer loop
      vertex -14.021 -8.52586 0
      vertex -14.021 -1.47414 0
      vertex -13.84 -1.40248 0
    endloop
  endfacet
  facet normal 0 0 -1
    outer loop
      vertex -14.2096 -8.47746 0
      vertex -14.021 -1.47414 0
      vertex -14.021 -8.52586 0
    endloop
  endfacet
  facet normal 0 0 -1
    outer loop
      vertex -14.2096 -8.47746 0
      vertex -14.2096 -1.52254 0
      vertex -14.021 -1.47414 0
    endloop
  endfacet
  facet normal 0 0 -1
    outer loop
      vertex -14.4027 -8.45306 0
      vertex -14.2096 -1.52254 0
      vertex -14.2096 -8.47746 0
    endloop
  endfacet
  facet normal 0 0 -1
    outer loop
      vertex -14.4027 -8.45306 0
      vertex -14.4027 -1.54694 0
      vertex -14.2096 -1.52254 0
    endloop
  endfacet
  facet normal 0 0 -1
    outer loop
      vertex -14.5973 -8.45306 0
      vertex -14.4027 -1.54694 0
      vertex -14.4027 -8.45306 0
    endloop
  endfacet
  facet normal 0 0 -1
    outer loop
      vertex -14.5973 -8.45306 0
      vertex -14.5973 -1.54694 0
      vertex -14.4027 -1.54694 0
    endloop
  endfacet
  facet normal 0 0 -1
    outer loop
      vertex -14.7904 -8.47746 0
      vertex -14.5973 -1.54694 0
      vertex -14.5973 -8.45306 0
    endloop
  endfacet
  facet normal 0 0 -1
    outer loop
      vertex -14.7904 -8.47746 0
      vertex -14.7904 -1.52254 0
      vertex -14.5973 -1.54694 0
    endloop
  endfacet
  facet normal 0 0 -1
    outer loop
      vertex -14.979 -8.52586 0
      vertex -14.7904 -1.52254 0
      vertex -14.7904 -8.47746 0
    endloop
  endfacet
  facet normal 0 0 -1
    outer loop
      vertex -14.979 -8.52586 0
      vertex -14.979 -1.47414 0
      vertex -14.7904 -1.52254 0
    endloop
  endfacet
  facet normal 0 0 -1
    outer loop
      vertex -15.16 -8.59752 0
      vertex -14.979 -1.47414 0
      vertex -14.979 -8.52586 0
    endloop
  endfacet
  facet normal 0 0 -1
    outer loop
      vertex -15.16 -8.59752 0
      vertex -15.16 -1.40248 0
      vertex -14.979 -1.47414 0
    endloop
  endfacet
  facet normal 0 0 -1
    outer loop
      vertex -15.3305 -8.69129 0
      vertex -15.16 -1.40248 0
      vertex -15.16 -8.59752 0
    endloop
  endfacet
  facet normal 0 0 -1
    outer loop
      vertex -15.3305 -8.69129 0
      vertex -15.3305 -1.30871 0
      vertex -15.16 -1.40248 0
    endloop
  endfacet
  facet normal 0 0 -1
    outer loop
      vertex -15.488 -8.80571 0
      vertex -15.3305 -1.30871 0
      vertex -15.3305 -8.69129 0
    endloop
  endfacet
  facet normal 0 0 -1
    outer loop
      vertex -15.488 -8.80571 0
      vertex -15.488 -1.19429 0
      vertex -15.3305 -1.30871 0
    endloop
  endfacet
  facet normal 0 0 -1
    outer loop
      vertex -15.6299 -8.93895 0
      vertex -15.488 -1.19429 0
      vertex -15.488 -8.80571 0
    endloop
  endfacet
  facet normal 0 0 -1
    outer loop
      vertex -15.6299 -8.93895 0
      vertex -15.6299 -1.06105 0
      vertex -15.488 -1.19429 0
    endloop
  endfacet
  facet normal 0 0 -1
    outer loop
      vertex -15.754 -9.08893 0
      vertex -15.6299 -1.06105 0
      vertex -15.6299 -8.93895 0
    endloop
  endfacet
  facet normal 0 0 -1
    outer loop
      vertex -15.754 -9.08893 0
      vertex -15.754 -0.911067 0
      vertex -15.6299 -1.06105 0
    endloop
  endfacet
  facet normal 0 0 -1
    outer loop
      vertex -15.8583 -9.25328 0
      vertex -15.754 -0.911067 0
      vertex -15.754 -9.08893 0
    endloop
  endfacet
  facet normal 0 0 -1
    outer loop
      vertex -15.8583 -9.25328 0
      vertex -15.8583 -0.746717 0
      vertex -15.754 -0.911067 0
    endloop
  endfacet
  facet normal 0 0 -1
    outer loop
      vertex -15.9412 -9.42941 0
      vertex -15.8583 -0.746717 0
      vertex -15.8583 -9.25328 0
    endloop
  endfacet
  facet normal 0 0 -1
    outer loop
      vertex -15.9412 -9.42941 0
      vertex -15.9412 -0.570593 0
      vertex -15.8583 -0.746717 0
    endloop
  endfacet
  facet normal 0 0 -1
    outer loop
      vertex -29.5 -17 0
      vertex -15.9412 -9.42941 0
      vertex -16.0013 -9.61453 0
    endloop
  endfacet
  facet normal -0 0 -1
    outer loop
      vertex -15.9412 -9.42941 0
      vertex -29.5 -17 0
      vertex -15.9412 -0.570593 0
    endloop
  endfacet
  facet normal 0 0 -1
    outer loop
      vertex -29.5 -17 0
      vertex -16.0013 -9.61453 0
      vertex -16.0378 -9.80573 0
    endloop
  endfacet
  facet normal -0 0 -1
    outer loop
      vertex -15.9412 -0.570593 0
      vertex -29.5 -17 0
      vertex -16.0013 -0.385468 0
    endloop
  endfacet
  facet normal 0 0 -1
    outer loop
      vertex -29.5 -17 0
      vertex -16.0378 -9.80573 0
      vertex -16.05 -10 0
    endloop
  endfacet
  facet normal -0 0 -1
    outer loop
      vertex -16.0013 -0.385468 0
      vertex -29.5 -17 0
      vertex -16.0378 -0.194266 0
    endloop
  endfacet
  facet normal 0 0 -1
    outer loop
      vertex -12.9622 -9.80573 0
      vertex 0 -21.9901 0
      vertex -12.95 -10 0
    endloop
  endfacet
  facet normal 0 0 -1
    outer loop
      vertex 0 -21.9901 0
      vertex -12.9622 -10.1943 0
      vertex -12.95 -10 0
    endloop
  endfacet
  facet normal 0 0 -1
    outer loop
      vertex 0 -21.9901 0
      vertex -12.9987 -10.3855 0
      vertex -12.9622 -10.1943 0
    endloop
  endfacet
  facet normal 0 0 -1
    outer loop
      vertex 0 -21.9901 0
      vertex -13.0588 -10.5706 0
      vertex -12.9987 -10.3855 0
    endloop
  endfacet
  facet normal 0 0 -1
    outer loop
      vertex 0 -21.9901 0
      vertex -13.1417 -10.7467 0
      vertex -13.0588 -10.5706 0
    endloop
  endfacet
  facet normal 0 0 -1
    outer loop
      vertex 0 -21.9901 0
      vertex -13.246 -10.9111 0
      vertex -13.1417 -10.7467 0
    endloop
  endfacet
  facet normal 0 0 -1
    outer loop
      vertex 0 -21.9901 0
      vertex -13.3701 -11.061 0
      vertex -13.246 -10.9111 0
    endloop
  endfacet
  facet normal 0 0 -1
    outer loop
      vertex 0 -21.9901 0
      vertex -13.512 -11.1943 0
      vertex -13.3701 -11.061 0
    endloop
  endfacet
  facet normal 0 0 -1
    outer loop
      vertex 0 -21.9901 0
      vertex -13.6695 -11.3087 0
      vertex -13.512 -11.1943 0
    endloop
  endfacet
  facet normal 0 0 -1
    outer loop
      vertex 0 -21.9901 0
      vertex -13.84 -11.4025 0
      vertex -13.6695 -11.3087 0
    endloop
  endfacet
  facet normal 0 0 -1
    outer loop
      vertex 0 -21.9901 0
      vertex -14.021 -11.4741 0
      vertex -13.84 -11.4025 0
    endloop
  endfacet
  facet normal 0 0 -1
    outer loop
      vertex 0 -21.9901 0
      vertex -14.2096 -11.5225 0
      vertex -14.021 -11.4741 0
    endloop
  endfacet
  facet normal 0 0 -1
    outer loop
      vertex -24.814 -21.9901 0
      vertex -14.2096 -11.5225 0
      vertex 0 -21.9901 0
    endloop
  endfacet
  facet normal 0 0 -1
    outer loop
      vertex -14.2096 -11.5225 0
      vertex -24.814 -21.9901 0
      vertex -14.4027 -11.5469 0
    endloop
  endfacet
  facet normal -0 0 -1
    outer loop
      vertex -14.4027 -11.5469 0
      vertex -24.814 -21.9901 0
      vertex -14.5973 -11.5469 0
    endloop
  endfacet
  facet normal -0 0 -1
    outer loop
      vertex -14.5973 -11.5469 0
      vertex -24.814 -21.9901 0
      vertex -14.7904 -11.5225 0
    endloop
  endfacet
  facet normal -0 0 -1
    outer loop
      vertex -14.7904 -11.5225 0
      vertex -24.814 -21.9901 0
      vertex -14.979 -11.4741 0
    endloop
  endfacet
  facet normal -0 0 -1
    outer loop
      vertex -14.979 -11.4741 0
      vertex -24.814 -21.9901 0
      vertex -15.16 -11.4025 0
    endloop
  endfacet
  facet normal -0 0 -1
    outer loop
      vertex -16.0378 -0.194266 0
      vertex -29.5 -17 0
      vertex -16.05 0 0
    endloop
  endfacet
  facet normal -0 0 -1
    outer loop
      vertex -16.0378 -10.1943 0
      vertex -29.5 -17 0
      vertex -16.05 -10 0
    endloop
  endfacet
  facet normal -0 0 -1
    outer loop
      vertex -16.0013 -10.3855 0
      vertex -29.5 -17 0
      vertex -16.0378 -10.1943 0
    endloop
  endfacet
  facet normal -0 0 -1
    outer loop
      vertex -15.9412 -10.5706 0
      vertex -29.5 -17 0
      vertex -16.0013 -10.3855 0
    endloop
  endfacet
  facet normal -0 0 -1
    outer loop
      vertex -15.8583 -10.7467 0
      vertex -29.5 -17 0
      vertex -15.9412 -10.5706 0
    endloop
  endfacet
  facet normal 0 0 -1
    outer loop
      vertex -29.5 -17 0
      vertex -15.8583 -10.7467 0
      vertex -24.814 -21.9901 0
    endloop
  endfacet
  facet normal -0 0 -1
    outer loop
      vertex -15.754 -10.9111 0
      vertex -24.814 -21.9901 0
      vertex -15.8583 -10.7467 0
    endloop
  endfacet
  facet normal -0 0 -1
    outer loop
      vertex -15.6299 -11.061 0
      vertex -24.814 -21.9901 0
      vertex -15.754 -10.9111 0
    endloop
  endfacet
  facet normal -0 0 -1
    outer loop
      vertex -15.488 -11.1943 0
      vertex -24.814 -21.9901 0
      vertex -15.6299 -11.061 0
    endloop
  endfacet
  facet normal -0 0 -1
    outer loop
      vertex -15.3305 -11.3087 0
      vertex -24.814 -21.9901 0
      vertex -15.488 -11.1943 0
    endloop
  endfacet
  facet normal -0 0 -1
    outer loop
      vertex -15.16 -11.4025 0
      vertex -24.814 -21.9901 0
      vertex -15.3305 -11.3087 0
    endloop
  endfacet
  facet normal 0 0 -1
    outer loop
      vertex 0 -21.9901 0
      vertex -12.95 0 0
      vertex 0 21.9901 0
    endloop
  endfacet
  facet normal 0 0 -1
    outer loop
      vertex -12.9622 0.194266 0
      vertex 0 21.9901 0
      vertex -12.95 0 0
    endloop
  endfacet
  facet normal 0 0 -1
    outer loop
      vertex -12.9622 10.1943 0
      vertex 0 21.9901 0
      vertex -12.95 10 0
    endloop
  endfacet
  facet normal 0 0 -1
    outer loop
      vertex -12.9987 10.3855 0
      vertex 0 21.9901 0
      vertex -12.9622 10.1943 0
    endloop
  endfacet
  facet normal 0 0 -1
    outer loop
      vertex -13.0588 10.5706 0
      vertex 0 21.9901 0
      vertex -12.9987 10.3855 0
    endloop
  endfacet
  facet normal 0 0 -1
    outer loop
      vertex -13.1417 10.7467 0
      vertex 0 21.9901 0
      vertex -13.0588 10.5706 0
    endloop
  endfacet
  facet normal 0 0 -1
    outer loop
      vertex -13.246 10.9111 0
      vertex 0 21.9901 0
      vertex -13.1417 10.7467 0
    endloop
  endfacet
  facet normal 0 0 -1
    outer loop
      vertex -13.3701 11.061 0
      vertex 0 21.9901 0
      vertex -13.246 10.9111 0
    endloop
  endfacet
  facet normal 0 0 -1
    outer loop
      vertex -13.512 11.1943 0
      vertex 0 21.9901 0
      vertex -13.3701 11.061 0
    endloop
  endfacet
  facet normal 0 0 -1
    outer loop
      vertex -13.6695 11.3087 0
      vertex 0 21.9901 0
      vertex -13.512 11.1943 0
    endloop
  endfacet
  facet normal 0 0 -1
    outer loop
      vertex -13.84 11.4025 0
      vertex 0 21.9901 0
      vertex -13.6695 11.3087 0
    endloop
  endfacet
  facet normal 0 0 -1
    outer loop
      vertex -14.021 11.4741 0
      vertex 0 21.9901 0
      vertex -13.84 11.4025 0
    endloop
  endfacet
  facet normal 0 0 -1
    outer loop
      vertex -14.2096 11.5225 0
      vertex 0 21.9901 0
      vertex -14.021 11.4741 0
    endloop
  endfacet
  facet normal 0 0 -1
    outer loop
      vertex -24.814 21.9901 0
      vertex -14.2096 11.5225 0
      vertex -14.4027 11.5469 0
    endloop
  endfacet
  facet normal 0 0 -1
    outer loop
      vertex -24.814 21.9901 0
      vertex -14.4027 11.5469 0
      vertex -14.5973 11.5469 0
    endloop
  endfacet
  facet normal 0 0 -1
    outer loop
      vertex -24.814 21.9901 0
      vertex -14.5973 11.5469 0
      vertex -14.7904 11.5225 0
    endloop
  endfacet
  facet normal 0 0 -1
    outer loop
      vertex -24.814 21.9901 0
      vertex -14.7904 11.5225 0
      vertex -14.979 11.4741 0
    endloop
  endfacet
  facet normal 0 0 -1
    outer loop
      vertex -24.814 21.9901 0
      vertex -14.979 11.4741 0
      vertex -15.16 11.4025 0
    endloop
  endfacet
  facet normal 0 0 -1
    outer loop
      vertex -24.814 21.9901 0
      vertex -15.16 11.4025 0
      vertex -15.3305 11.3087 0
    endloop
  endfacet
  facet normal 0 0 -1
    outer loop
      vertex -29.5 17 0
      vertex -16.05 0 0
      vertex -29.5 -17 0
    endloop
  endfacet
  facet normal 0 0 -1
    outer loop
      vertex -16.0378 9.80573 0
      vertex -29.5 17 0
      vertex -16.05 10 0
    endloop
  endfacet
  facet normal 0 0 -1
    outer loop
      vertex -14.2096 11.5225 0
      vertex -24.814 21.9901 0
      vertex 0 21.9901 0
    endloop
  endfacet
  facet normal 0 0 -1
    outer loop
      vertex -15.488 11.1943 0
      vertex -24.814 21.9901 0
      vertex -15.3305 11.3087 0
    endloop
  endfacet
  facet normal 0 0 -1
    outer loop
      vertex -15.6299 11.061 0
      vertex -24.814 21.9901 0
      vertex -15.488 11.1943 0
    endloop
  endfacet
  facet normal 0 0 -1
    outer loop
      vertex -15.754 10.9111 0
      vertex -24.814 21.9901 0
      vertex -15.6299 11.061 0
    endloop
  endfacet
  facet normal 0 0 -1
    outer loop
      vertex -15.8583 10.7467 0
      vertex -24.814 21.9901 0
      vertex -15.754 10.9111 0
    endloop
  endfacet
  facet normal 0 0 -1
    outer loop
      vertex -29.5 17 0
      vertex -15.8583 10.7467 0
      vertex -15.9412 10.5706 0
    endloop
  endfacet
  facet normal 0 0 -1
    outer loop
      vertex -29.5 17 0
      vertex -15.9412 10.5706 0
      vertex -16.0013 10.3855 0
    endloop
  endfacet
  facet normal 0 0 -1
    outer loop
      vertex -16.05 10 0
      vertex -29.5 17 0
      vertex -16.0378 10.1943 0
    endloop
  endfacet
  facet normal 0 0 -1
    outer loop
      vertex -29.5 -17 0
      vertex -24.814 -21.9901 0
      vertex -25.4369 -21.9114 0
    endloop
  endfacet
  facet normal 0 0 -1
    outer loop
      vertex -16.0378 10.1943 0
      vertex -29.5 17 0
      vertex -16.0013 10.3855 0
    endloop
  endfacet
  facet normal 0 0 -1
    outer loop
      vertex -29.5 -17 0
      vertex -25.4369 -21.9114 0
      vertex -26.0451 -21.7553 0
    endloop
  endfacet
  facet normal 0 0 -1
    outer loop
      vertex -15.8583 10.7467 0
      vertex -29.5 17 0
      vertex -24.814 21.9901 0
    endloop
  endfacet
  facet normal 0 0 -1
    outer loop
      vertex -29.5 -17 0
      vertex -26.0451 -21.7553 0
      vertex -26.6289 -21.5241 0
    endloop
  endfacet
  facet normal 0 0 -1
    outer loop
      vertex -24.814 21.9901 0
      vertex -29.5 17 0
      vertex -25.4369 21.9114 0
    endloop
  endfacet
  facet normal 0 0 -1
    outer loop
      vertex -29.5 -17 0
      vertex -26.6289 -21.5241 0
      vertex -27.1791 -21.2216 0
    endloop
  endfacet
  facet normal 0 0 -1
    outer loop
      vertex -25.4369 21.9114 0
      vertex -29.5 17 0
      vertex -26.0451 21.7553 0
    endloop
  endfacet
  facet normal 0 0 -1
    outer loop
      vertex -29.5 -17 0
      vertex -27.1791 -21.2216 0
      vertex -27.6871 -20.8526 0
    endloop
  endfacet
  facet normal 0 0 -1
    outer loop
      vertex -26.0451 21.7553 0
      vertex -29.5 17 0
      vertex -26.6289 21.5241 0
    endloop
  endfacet
  facet normal 0 0 -1
    outer loop
      vertex -29.5 -17 0
      vertex -27.6871 -20.8526 0
      vertex -28.1448 -20.4227 0
    endloop
  endfacet
  facet normal 0 0 -1
    outer loop
      vertex -26.6289 21.5241 0
      vertex -29.5 17 0
      vertex -27.1791 21.2216 0
    endloop
  endfacet
  facet normal 0 0 -1
    outer loop
      vertex -29.5 -17 0
      vertex -28.1448 -20.4227 0
      vertex -28.5451 -19.9389 0
    endloop
  endfacet
  facet normal 0 0 -1
    outer loop
      vertex -27.1791 21.2216 0
      vertex -29.5 17 0
      vertex -27.6871 20.8526 0
    endloop
  endfacet
  facet normal 0 0 -1
    outer loop
      vertex -29.5 -17 0
      vertex -28.5451 -19.9389 0
      vertex -28.8815 -19.4088 0
    endloop
  endfacet
  facet normal 0 0 -1
    outer loop
      vertex -27.6871 20.8526 0
      vertex -29.5 17 0
      vertex -28.1448 20.4227 0
    endloop
  endfacet
  facet normal 0 0 -1
    outer loop
      vertex -29.5 -17 0
      vertex -28.8815 -19.4088 0
      vertex -29.1489 -18.8406 0
    endloop
  endfacet
  facet normal 0 0 -1
    outer loop
      vertex -28.1448 20.4227 0
      vertex -29.5 17 0
      vertex -28.5451 19.9389 0
    endloop
  endfacet
  facet normal 0 0 -1
    outer loop
      vertex -29.5 -17 0
      vertex -29.1489 -18.8406 0
      vertex -29.3429 -18.2435 0
    endloop
  endfacet
  facet normal 0 0 -1
    outer loop
      vertex -28.5451 19.9389 0
      vertex -29.5 17 0
      vertex -28.8815 19.4088 0
    endloop
  endfacet
  facet normal 0 0 -1
    outer loop
      vertex -29.5 -17 0
      vertex -29.3429 -18.2435 0
      vertex -29.4606 -17.6267 0
    endloop
  endfacet
  facet normal 0 0 -1
    outer loop
      vertex -28.8815 19.4088 0
      vertex -29.5 17 0
      vertex -29.1489 18.8406 0
    endloop
  endfacet
  facet normal 0 0 -1
    outer loop
      vertex -29.1489 18.8406 0
      vertex -29.5 17 0
      vertex -29.3429 18.2435 0
    endloop
  endfacet
  facet normal 0 0 -1
    outer loop
      vertex -29.3429 18.2435 0
      vertex -29.5 17 0
      vertex -29.4606 17.6267 0
    endloop
  endfacet
  facet normal 0.58779 -0.809014 0
    outer loop
      vertex 5.42837 -12.4958 4
      vertex 5.75856 -12.2559 15
      vertex 5.42837 -12.4958 15
    endloop
  endfacet
  facet normal 0.58779 -0.809014 0
    outer loop
      vertex 5.75856 -12.2559 15
      vertex 5.42837 -12.4958 4
      vertex 5.75856 -12.2559 4
    endloop
  endfacet
  facet normal 0.368034 -0.929812 0
    outer loop
      vertex 6.11622 -12.0593 4
      vertex 6.49569 -11.9091 15
      vertex 6.11622 -12.0593 15
    endloop
  endfacet
  facet normal 0.368034 -0.929812 0
    outer loop
      vertex 6.49569 -11.9091 15
      vertex 6.11622 -12.0593 4
      vertex 6.49569 -11.9091 4
    endloop
  endfacet
  facet normal 0.68456 0.728956 -0
    outer loop
      vertex 5.42837 -17.5042 4
      vertex 5.13085 -17.2248 15
      vertex 5.42837 -17.5042 15
    endloop
  endfacet
  facet normal 0.68456 0.728956 0
    outer loop
      vertex 5.13085 -17.2248 15
      vertex 5.42837 -17.5042 4
      vertex 5.13085 -17.2248 4
    endloop
  endfacet
  facet normal -0.248694 0.968582 0
    outer loop
      vertex 8.5043 -18.0909 4
      vertex 8.10899 -18.1924 15
      vertex 8.5043 -18.0909 15
    endloop
  endfacet
  facet normal -0.248694 0.968582 0
    outer loop
      vertex 8.10899 -18.1924 15
      vertex 8.5043 -18.0909 4
      vertex 8.10899 -18.1924 4
    endloop
  endfacet
  facet normal -0.951081 -0.308942 0
    outer loop
      vertex 10.6479 -14.1918 4
      vertex 10.5218 -13.8036 15
      vertex 10.5218 -13.8036 4
    endloop
  endfacet
  facet normal -0.951081 -0.308942 0
    outer loop
      vertex 10.5218 -13.8036 15
      vertex 10.6479 -14.1918 4
      vertex 10.6479 -14.1918 15
    endloop
  endfacet
  facet normal -0.982276 -0.187439 0
    outer loop
      vertex 10.7244 -14.5927 4
      vertex 10.6479 -14.1918 15
      vertex 10.6479 -14.1918 4
    endloop
  endfacet
  facet normal -0.982276 -0.187439 0
    outer loop
      vertex 10.6479 -14.1918 15
      vertex 10.7244 -14.5927 4
      vertex 10.7244 -14.5927 15
    endloop
  endfacet
  facet normal -0.904808 -0.425821 0
    outer loop
      vertex 10.5218 -13.8036 4
      vertex 10.348 -13.4343 15
      vertex 10.348 -13.4343 4
    endloop
  endfacet
  facet normal -0.904808 -0.425821 0
    outer loop
      vertex 10.348 -13.4343 15
      vertex 10.5218 -13.8036 4
      vertex 10.5218 -13.8036 15
    endloop
  endfacet
  facet normal -0.68456 -0.728956 0
    outer loop
      vertex 9.57163 -12.4958 4
      vertex 9.86915 -12.7752 15
      vertex 9.57163 -12.4958 15
    endloop
  endfacet
  facet normal -0.68456 -0.728956 -0
    outer loop
      vertex 9.86915 -12.7752 15
      vertex 9.57163 -12.4958 4
      vertex 9.86915 -12.7752 4
    endloop
  endfacet
  facet normal -0.770546 -0.637385 0
    outer loop
      vertex 10.1293 -13.0897 4
      vertex 9.86915 -12.7752 15
      vertex 9.86915 -12.7752 4
    endloop
  endfacet
  facet normal -0.770546 -0.637385 0
    outer loop
      vertex 9.86915 -12.7752 15
      vertex 10.1293 -13.0897 4
      vertex 10.1293 -13.0897 15
    endloop
  endfacet
  facet normal 0 -1 0
    outer loop
      vertex 7.29593 -11.7564 4
      vertex 7.70407 -11.7564 15
      vertex 7.29593 -11.7564 15
    endloop
  endfacet
  facet normal 0 -1 -0
    outer loop
      vertex 7.70407 -11.7564 15
      vertex 7.29593 -11.7564 4
      vertex 7.70407 -11.7564 4
    endloop
  endfacet
  facet normal -0.368026 -0.929816 0
    outer loop
      vertex 8.5043 -11.9091 4
      vertex 8.88378 -12.0593 15
      vertex 8.5043 -11.9091 15
    endloop
  endfacet
  facet normal -0.368026 -0.929816 -0
    outer loop
      vertex 8.88378 -12.0593 15
      vertex 8.5043 -11.9091 4
      vertex 8.88378 -12.0593 4
    endloop
  endfacet
  facet normal 0.904836 -0.42576 0
    outer loop
      vertex 4.47823 -13.8036 15
      vertex 4.652 -13.4343 4
      vertex 4.652 -13.4343 15
    endloop
  endfacet
  facet normal 0.904836 -0.42576 0
    outer loop
      vertex 4.652 -13.4343 4
      vertex 4.47823 -13.8036 15
      vertex 4.47823 -13.8036 4
    endloop
  endfacet
  facet normal 0.844328 -0.535827 0
    outer loop
      vertex 4.652 -13.4343 15
      vertex 4.87069 -13.0897 4
      vertex 4.87069 -13.0897 15
    endloop
  endfacet
  facet normal 0.844328 -0.535827 0
    outer loop
      vertex 4.87069 -13.0897 4
      vertex 4.652 -13.4343 15
      vertex 4.652 -13.4343 4
    endloop
  endfacet
  facet normal 0.98229 -0.187368 0
    outer loop
      vertex 4.27563 -14.5927 15
      vertex 4.3521 -14.1918 4
      vertex 4.3521 -14.1918 15
    endloop
  endfacet
  facet normal 0.98229 -0.187368 0
    outer loop
      vertex 4.3521 -14.1918 4
      vertex 4.27563 -14.5927 15
      vertex 4.27563 -14.5927 4
    endloop
  endfacet
  facet normal 0.998026 -0.0628024 0
    outer loop
      vertex 4.25 -15 15
      vertex 4.27563 -14.5927 4
      vertex 4.27563 -14.5927 15
    endloop
  endfacet
  facet normal 0.998026 -0.0628024 0
    outer loop
      vertex 4.27563 -14.5927 4
      vertex 4.25 -15 15
      vertex 4.25 -15 4
    endloop
  endfacet
  facet normal 0.998026 0.0628024 0
    outer loop
      vertex 4.27563 -15.4073 15
      vertex 4.25 -15 4
      vertex 4.25 -15 15
    endloop
  endfacet
  facet normal 0.998026 0.0628024 0
    outer loop
      vertex 4.25 -15 4
      vertex 4.27563 -15.4073 15
      vertex 4.27563 -15.4073 4
    endloop
  endfacet
  facet normal 0.68456 -0.728956 0
    outer loop
      vertex 5.13085 -12.7752 4
      vertex 5.42837 -12.4958 15
      vertex 5.13085 -12.7752 15
    endloop
  endfacet
  facet normal 0.68456 -0.728956 0
    outer loop
      vertex 5.42837 -12.4958 15
      vertex 5.13085 -12.7752 4
      vertex 5.42837 -12.4958 4
    endloop
  endfacet
  facet normal 0.248688 -0.968584 0
    outer loop
      vertex 6.49569 -11.9091 4
      vertex 6.89101 -11.8076 15
      vertex 6.49569 -11.9091 15
    endloop
  endfacet
  facet normal 0.248688 -0.968584 0
    outer loop
      vertex 6.89101 -11.8076 15
      vertex 6.49569 -11.9091 4
      vertex 6.89101 -11.8076 4
    endloop
  endfacet
  facet normal -0.998031 0.0627292 0
    outer loop
      vertex 10.7244 -15.4073 4
      vertex 10.75 -15 15
      vertex 10.75 -15 4
    endloop
  endfacet
  facet normal -0.998031 0.0627292 0
    outer loop
      vertex 10.75 -15 15
      vertex 10.7244 -15.4073 4
      vertex 10.7244 -15.4073 15
    endloop
  endfacet
  facet normal -0.951081 0.308942 0
    outer loop
      vertex 10.5218 -16.1964 4
      vertex 10.6479 -15.8082 15
      vertex 10.6479 -15.8082 4
    endloop
  endfacet
  facet normal -0.951081 0.308942 0
    outer loop
      vertex 10.6479 -15.8082 15
      vertex 10.5218 -16.1964 4
      vertex 10.5218 -16.1964 15
    endloop
  endfacet
  facet normal -0.982276 0.187439 0
    outer loop
      vertex 10.6479 -15.8082 4
      vertex 10.7244 -15.4073 15
      vertex 10.7244 -15.4073 4
    endloop
  endfacet
  facet normal -0.982276 0.187439 0
    outer loop
      vertex 10.7244 -15.4073 15
      vertex 10.6479 -15.8082 4
      vertex 10.6479 -15.8082 15
    endloop
  endfacet
  facet normal -0.58779 0.809014 0
    outer loop
      vertex 9.57163 -17.5042 4
      vertex 9.24144 -17.7441 15
      vertex 9.57163 -17.5042 15
    endloop
  endfacet
  facet normal -0.58779 0.809014 0
    outer loop
      vertex 9.24144 -17.7441 15
      vertex 9.57163 -17.5042 4
      vertex 9.24144 -17.7441 4
    endloop
  endfacet
  facet normal -0.844317 0.535845 0
    outer loop
      vertex 10.1293 -16.9103 4
      vertex 10.348 -16.5657 15
      vertex 10.348 -16.5657 4
    endloop
  endfacet
  facet normal -0.844317 0.535845 0
    outer loop
      vertex 10.348 -16.5657 15
      vertex 10.1293 -16.9103 4
      vertex 10.1293 -16.9103 15
    endloop
  endfacet
  facet normal 0.58779 0.809014 -0
    outer loop
      vertex 5.75856 -17.7441 4
      vertex 5.42837 -17.5042 15
      vertex 5.75856 -17.7441 15
    endloop
  endfacet
  facet normal 0.58779 0.809014 0
    outer loop
      vertex 5.42837 -17.5042 15
      vertex 5.75856 -17.7441 4
      vertex 5.42837 -17.5042 4
    endloop
  endfacet
  facet normal 0.770534 0.637399 0
    outer loop
      vertex 5.13085 -17.2248 15
      vertex 4.87069 -16.9103 4
      vertex 4.87069 -16.9103 15
    endloop
  endfacet
  facet normal 0.770534 0.637399 0
    outer loop
      vertex 4.87069 -16.9103 4
      vertex 5.13085 -17.2248 15
      vertex 5.13085 -17.2248 4
    endloop
  endfacet
  facet normal 0.904836 0.42576 0
    outer loop
      vertex 4.652 -16.5657 15
      vertex 4.47823 -16.1964 4
      vertex 4.47823 -16.1964 15
    endloop
  endfacet
  facet normal 0.904836 0.42576 0
    outer loop
      vertex 4.47823 -16.1964 4
      vertex 4.652 -16.5657 15
      vertex 4.652 -16.5657 4
    endloop
  endfacet
  facet normal 0.98229 0.187368 0
    outer loop
      vertex 4.3521 -15.8082 15
      vertex 4.27563 -15.4073 4
      vertex 4.27563 -15.4073 15
    endloop
  endfacet
  facet normal 0.98229 0.187368 0
    outer loop
      vertex 4.27563 -15.4073 4
      vertex 4.3521 -15.8082 15
      vertex 4.3521 -15.8082 4
    endloop
  endfacet
  facet normal -0.68456 0.728956 0
    outer loop
      vertex 9.86915 -17.2248 4
      vertex 9.57163 -17.5042 15
      vertex 9.86915 -17.2248 15
    endloop
  endfacet
  facet normal -0.68456 0.728956 0
    outer loop
      vertex 9.57163 -17.5042 15
      vertex 9.86915 -17.2248 4
      vertex 9.57163 -17.5042 4
    endloop
  endfacet
  facet normal -0.481706 0.876333 0
    outer loop
      vertex 9.24144 -17.7441 4
      vertex 8.88378 -17.9407 15
      vertex 9.24144 -17.7441 15
    endloop
  endfacet
  facet normal -0.481706 0.876333 0
    outer loop
      vertex 8.88378 -17.9407 15
      vertex 9.24144 -17.7441 4
      vertex 8.88378 -17.9407 4
    endloop
  endfacet
  facet normal -0.368026 0.929816 0
    outer loop
      vertex 8.88378 -17.9407 4
      vertex 8.5043 -18.0909 15
      vertex 8.88378 -17.9407 15
    endloop
  endfacet
  facet normal -0.368026 0.929816 0
    outer loop
      vertex 8.5043 -18.0909 15
      vertex 8.88378 -17.9407 4
      vertex 8.5043 -18.0909 4
    endloop
  endfacet
  facet normal -0.904808 0.425821 0
    outer loop
      vertex 10.348 -16.5657 4
      vertex 10.5218 -16.1964 15
      vertex 10.5218 -16.1964 4
    endloop
  endfacet
  facet normal -0.904808 0.425821 0
    outer loop
      vertex 10.5218 -16.1964 15
      vertex 10.348 -16.5657 4
      vertex 10.348 -16.5657 15
    endloop
  endfacet
  facet normal 0.368034 0.929812 -0
    outer loop
      vertex 6.49569 -18.0909 4
      vertex 6.11622 -17.9407 15
      vertex 6.49569 -18.0909 15
    endloop
  endfacet
  facet normal 0.368034 0.929812 0
    outer loop
      vertex 6.11622 -17.9407 15
      vertex 6.49569 -18.0909 4
      vertex 6.11622 -17.9407 4
    endloop
  endfacet
  facet normal 0.481706 0.876333 -0
    outer loop
      vertex 6.11622 -17.9407 4
      vertex 5.75856 -17.7441 15
      vertex 6.11622 -17.9407 15
    endloop
  endfacet
  facet normal 0.481706 0.876333 0
    outer loop
      vertex 5.75856 -17.7441 15
      vertex 6.11622 -17.9407 4
      vertex 5.75856 -17.7441 4
    endloop
  endfacet
  facet normal 0.125446 0.9921 -0
    outer loop
      vertex 7.29593 -18.2436 4
      vertex 6.89101 -18.1924 15
      vertex 7.29593 -18.2436 15
    endloop
  endfacet
  facet normal 0.125446 0.9921 0
    outer loop
      vertex 6.89101 -18.1924 15
      vertex 7.29593 -18.2436 4
      vertex 6.89101 -18.1924 4
    endloop
  endfacet
  facet normal 0.844328 0.535827 0
    outer loop
      vertex 4.87069 -16.9103 15
      vertex 4.652 -16.5657 4
      vertex 4.652 -16.5657 15
    endloop
  endfacet
  facet normal 0.844328 0.535827 0
    outer loop
      vertex 4.652 -16.5657 4
      vertex 4.87069 -16.9103 15
      vertex 4.87069 -16.9103 4
    endloop
  endfacet
  facet normal 0.951059 0.309009 0
    outer loop
      vertex 4.47823 -16.1964 15
      vertex 4.3521 -15.8082 4
      vertex 4.3521 -15.8082 15
    endloop
  endfacet
  facet normal 0.951059 0.309009 0
    outer loop
      vertex 4.3521 -15.8082 4
      vertex 4.47823 -16.1964 15
      vertex 4.47823 -16.1964 4
    endloop
  endfacet
  facet normal 0.248688 0.968584 -0
    outer loop
      vertex 6.89101 -18.1924 4
      vertex 6.49569 -18.0909 15
      vertex 6.89101 -18.1924 15
    endloop
  endfacet
  facet normal 0.248688 0.968584 0
    outer loop
      vertex 6.49569 -18.0909 15
      vertex 6.89101 -18.1924 4
      vertex 6.49569 -18.0909 4
    endloop
  endfacet
  facet normal 0 1 -0
    outer loop
      vertex 7.70407 -18.2436 4
      vertex 7.29593 -18.2436 15
      vertex 7.70407 -18.2436 15
    endloop
  endfacet
  facet normal 0 1 0
    outer loop
      vertex 7.29593 -18.2436 15
      vertex 7.70407 -18.2436 4
      vertex 7.29593 -18.2436 4
    endloop
  endfacet
  facet normal -0.58779 -0.809014 0
    outer loop
      vertex 9.24144 2.74407 4
      vertex 9.57163 2.50417 15
      vertex 9.24144 2.74407 15
    endloop
  endfacet
  facet normal -0.58779 -0.809014 -0
    outer loop
      vertex 9.57163 2.50417 15
      vertex 9.24144 2.74407 4
      vertex 9.57163 2.50417 4
    endloop
  endfacet
  facet normal -0.982277 0.187434 0
    outer loop
      vertex 10.6479 -0.808242 4
      vertex 10.7244 -0.407332 15
      vertex 10.7244 -0.407332 4
    endloop
  endfacet
  facet normal -0.982277 0.187434 0
    outer loop
      vertex 10.7244 -0.407332 15
      vertex 10.6479 -0.808242 4
      vertex 10.6479 -0.808242 15
    endloop
  endfacet
  facet normal 0.248688 0.968584 -0
    outer loop
      vertex 6.89101 -3.19243 4
      vertex 6.49569 -3.09093 15
      vertex 6.89101 -3.19243 15
    endloop
  endfacet
  facet normal 0.248688 0.968584 0
    outer loop
      vertex 6.49569 -3.09093 15
      vertex 6.89101 -3.19243 4
      vertex 6.49569 -3.09093 4
    endloop
  endfacet
  facet normal 0.481744 -0.876312 0
    outer loop
      vertex 5.75856 2.74407 4
      vertex 6.11622 2.94069 15
      vertex 5.75856 2.74407 15
    endloop
  endfacet
  facet normal 0.481744 -0.876312 0
    outer loop
      vertex 6.11622 2.94069 15
      vertex 5.75856 2.74407 4
      vertex 6.11622 2.94069 4
    endloop
  endfacet
  facet normal 0.951049 -0.309039 0
    outer loop
      vertex 4.3521 0.808242 15
      vertex 4.47823 1.1964 4
      vertex 4.47823 1.1964 15
    endloop
  endfacet
  facet normal 0.951049 -0.309039 0
    outer loop
      vertex 4.47823 1.1964 4
      vertex 4.3521 0.808242 15
      vertex 4.3521 0.808242 4
    endloop
  endfacet
  facet normal 0.368119 0.929779 -0
    outer loop
      vertex 6.49569 -3.09093 4
      vertex 6.11622 -2.94069 15
      vertex 6.49569 -3.09093 15
    endloop
  endfacet
  facet normal 0.368119 0.929779 0
    outer loop
      vertex 6.11622 -2.94069 15
      vertex 6.49569 -3.09093 4
      vertex 6.11622 -2.94069 4
    endloop
  endfacet
  facet normal -0.904808 -0.425821 0
    outer loop
      vertex 10.5218 1.1964 4
      vertex 10.348 1.5657 15
      vertex 10.348 1.5657 4
    endloop
  endfacet
  facet normal -0.904808 -0.425821 0
    outer loop
      vertex 10.348 1.5657 15
      vertex 10.5218 1.1964 4
      vertex 10.5218 1.1964 15
    endloop
  endfacet
  facet normal -0.844317 -0.535845 0
    outer loop
      vertex 10.348 1.5657 4
      vertex 10.1293 1.9103 15
      vertex 10.1293 1.9103 4
    endloop
  endfacet
  facet normal -0.844317 -0.535845 0
    outer loop
      vertex 10.1293 1.9103 15
      vertex 10.348 1.5657 4
      vertex 10.348 1.5657 15
    endloop
  endfacet
  facet normal -0.36811 -0.929782 0
    outer loop
      vertex 8.5043 3.09093 4
      vertex 8.88378 2.94069 15
      vertex 8.5043 3.09093 15
    endloop
  endfacet
  facet normal -0.36811 -0.929782 -0
    outer loop
      vertex 8.88378 2.94069 15
      vertex 8.5043 3.09093 4
      vertex 8.88378 2.94069 4
    endloop
  endfacet
  facet normal -0.125349 -0.992113 0
    outer loop
      vertex 7.70407 3.24359 4
      vertex 8.10899 3.19243 15
      vertex 7.70407 3.24359 15
    endloop
  endfacet
  facet normal -0.125349 -0.992113 -0
    outer loop
      vertex 8.10899 3.19243 15
      vertex 7.70407 3.24359 4
      vertex 8.10899 3.19243 4
    endloop
  endfacet
  facet normal 0.998026 0.0627975 0
    outer loop
      vertex 4.27563 -0.407332 15
      vertex 4.25 0 4
      vertex 4.25 0 15
    endloop
  endfacet
  facet normal 0.998026 0.0627975 0
    outer loop
      vertex 4.25 0 4
      vertex 4.27563 -0.407332 15
      vertex 4.27563 -0.407332 4
    endloop
  endfacet
  facet normal 0.844328 -0.535827 0
    outer loop
      vertex 4.652 1.5657 15
      vertex 4.87069 1.9103 4
      vertex 4.87069 1.9103 15
    endloop
  endfacet
  facet normal 0.844328 -0.535827 0
    outer loop
      vertex 4.87069 1.9103 4
      vertex 4.652 1.5657 15
      vertex 4.652 1.5657 4
    endloop
  endfacet
  facet normal 0.58779 -0.809014 0
    outer loop
      vertex 5.42837 2.50417 4
      vertex 5.75856 2.74407 15
      vertex 5.42837 2.50417 15
    endloop
  endfacet
  facet normal 0.58779 -0.809014 0
    outer loop
      vertex 5.75856 2.74407 15
      vertex 5.42837 2.50417 4
      vertex 5.75856 2.74407 4
    endloop
  endfacet
  facet normal 0.248688 -0.968584 0
    outer loop
      vertex 6.49569 3.09093 4
      vertex 6.89101 3.19243 15
      vertex 6.49569 3.09093 15
    endloop
  endfacet
  facet normal 0.248688 -0.968584 0
    outer loop
      vertex 6.89101 3.19243 15
      vertex 6.49569 3.09093 4
      vertex 6.89101 3.19243 4
    endloop
  endfacet
  facet normal -0.998031 -0.0627242 0
    outer loop
      vertex 10.75 0 4
      vertex 10.7244 0.407332 15
      vertex 10.7244 0.407332 4
    endloop
  endfacet
  facet normal -0.998031 -0.0627242 0
    outer loop
      vertex 10.7244 0.407332 15
      vertex 10.75 0 4
      vertex 10.75 0 15
    endloop
  endfacet
  facet normal -0.844317 0.535845 0
    outer loop
      vertex 10.1293 -1.9103 4
      vertex 10.348 -1.5657 15
      vertex 10.348 -1.5657 4
    endloop
  endfacet
  facet normal -0.844317 0.535845 0
    outer loop
      vertex 10.348 -1.5657 15
      vertex 10.1293 -1.9103 4
      vertex 10.1293 -1.9103 15
    endloop
  endfacet
  facet normal -0.951071 0.308972 0
    outer loop
      vertex 10.5218 -1.1964 4
      vertex 10.6479 -0.808242 15
      vertex 10.6479 -0.808242 4
    endloop
  endfacet
  facet normal -0.951071 0.308972 0
    outer loop
      vertex 10.6479 -0.808242 15
      vertex 10.5218 -1.1964 4
      vertex 10.5218 -1.1964 15
    endloop
  endfacet
  facet normal -0.481744 0.876312 0
    outer loop
      vertex 9.24144 -2.74407 4
      vertex 8.88378 -2.94069 15
      vertex 9.24144 -2.74407 15
    endloop
  endfacet
  facet normal -0.481744 0.876312 0
    outer loop
      vertex 8.88378 -2.94069 15
      vertex 9.24144 -2.74407 4
      vertex 8.88378 -2.94069 4
    endloop
  endfacet
  facet normal -0.58779 0.809014 0
    outer loop
      vertex 9.57163 -2.50417 4
      vertex 9.24144 -2.74407 15
      vertex 9.57163 -2.50417 15
    endloop
  endfacet
  facet normal -0.58779 0.809014 0
    outer loop
      vertex 9.24144 -2.74407 15
      vertex 9.57163 -2.50417 4
      vertex 9.24144 -2.74407 4
    endloop
  endfacet
  facet normal 0.125349 0.992113 -0
    outer loop
      vertex 7.29593 -3.24359 4
      vertex 6.89101 -3.19243 15
      vertex 7.29593 -3.24359 15
    endloop
  endfacet
  facet normal 0.125349 0.992113 0
    outer loop
      vertex 6.89101 -3.19243 15
      vertex 7.29593 -3.24359 4
      vertex 6.89101 -3.19243 4
    endloop
  endfacet
  facet normal 0.58779 0.809014 -0
    outer loop
      vertex 5.75856 -2.74407 4
      vertex 5.42837 -2.50417 15
      vertex 5.75856 -2.74407 15
    endloop
  endfacet
  facet normal 0.58779 0.809014 0
    outer loop
      vertex 5.42837 -2.50417 15
      vertex 5.75856 -2.74407 4
      vertex 5.42837 -2.50417 4
    endloop
  endfacet
  facet normal 0.844328 0.535827 0
    outer loop
      vertex 4.87069 -1.9103 15
      vertex 4.652 -1.5657 4
      vertex 4.652 -1.5657 15
    endloop
  endfacet
  facet normal 0.844328 0.535827 0
    outer loop
      vertex 4.652 -1.5657 4
      vertex 4.87069 -1.9103 15
      vertex 4.87069 -1.9103 4
    endloop
  endfacet
  facet normal -0.982277 -0.187434 0
    outer loop
      vertex 10.7244 0.407332 4
      vertex 10.6479 0.808242 15
      vertex 10.6479 0.808242 4
    endloop
  endfacet
  facet normal -0.982277 -0.187434 0
    outer loop
      vertex 10.6479 0.808242 15
      vertex 10.7244 0.407332 4
      vertex 10.7244 0.407332 15
    endloop
  endfacet
  facet normal -0.951071 -0.308972 0
    outer loop
      vertex 10.6479 0.808242 4
      vertex 10.5218 1.1964 15
      vertex 10.5218 1.1964 4
    endloop
  endfacet
  facet normal -0.951071 -0.308972 0
    outer loop
      vertex 10.5218 1.1964 15
      vertex 10.6479 0.808242 4
      vertex 10.6479 0.808242 15
    endloop
  endfacet
  facet normal -0.770526 -0.637409 0
    outer loop
      vertex 10.1293 1.9103 4
      vertex 9.86915 2.22478 15
      vertex 9.86915 2.22478 4
    endloop
  endfacet
  facet normal -0.770526 -0.637409 0
    outer loop
      vertex 9.86915 2.22478 15
      vertex 10.1293 1.9103 4
      vertex 10.1293 1.9103 15
    endloop
  endfacet
  facet normal -0.684547 -0.728968 0
    outer loop
      vertex 9.57163 2.50417 4
      vertex 9.86915 2.22478 15
      vertex 9.57163 2.50417 15
    endloop
  endfacet
  facet normal -0.684547 -0.728968 -0
    outer loop
      vertex 9.86915 2.22478 15
      vertex 9.57163 2.50417 4
      vertex 9.86915 2.22478 4
    endloop
  endfacet
  facet normal 0 -1 0
    outer loop
      vertex 7.29593 3.24359 4
      vertex 7.70407 3.24359 15
      vertex 7.29593 3.24359 15
    endloop
  endfacet
  facet normal 0 -1 -0
    outer loop
      vertex 7.70407 3.24359 15
      vertex 7.29593 3.24359 4
      vertex 7.70407 3.24359 4
    endloop
  endfacet
  facet normal -0.481744 -0.876312 0
    outer loop
      vertex 8.88378 2.94069 4
      vertex 9.24144 2.74407 15
      vertex 8.88378 2.94069 15
    endloop
  endfacet
  facet normal -0.481744 -0.876312 -0
    outer loop
      vertex 9.24144 2.74407 15
      vertex 8.88378 2.94069 4
      vertex 9.24144 2.74407 4
    endloop
  endfacet
  facet normal -0.248694 -0.968582 0
    outer loop
      vertex 8.10899 3.19243 4
      vertex 8.5043 3.09093 15
      vertex 8.10899 3.19243 15
    endloop
  endfacet
  facet normal -0.248694 -0.968582 -0
    outer loop
      vertex 8.5043 3.09093 15
      vertex 8.10899 3.19243 4
      vertex 8.5043 3.09093 4
    endloop
  endfacet
  facet normal 0.982291 -0.187363 0
    outer loop
      vertex 4.27563 0.407332 15
      vertex 4.3521 0.808242 4
      vertex 4.3521 0.808242 15
    endloop
  endfacet
  facet normal 0.982291 -0.187363 0
    outer loop
      vertex 4.3521 0.808242 4
      vertex 4.27563 0.407332 15
      vertex 4.27563 0.407332 4
    endloop
  endfacet
  facet normal 0.998026 -0.0627975 0
    outer loop
      vertex 4.25 0 15
      vertex 4.27563 0.407332 4
      vertex 4.27563 0.407332 15
    endloop
  endfacet
  facet normal 0.998026 -0.0627975 0
    outer loop
      vertex 4.27563 0.407332 4
      vertex 4.25 0 15
      vertex 4.25 0 4
    endloop
  endfacet
  facet normal 0.904836 -0.42576 0
    outer loop
      vertex 4.47823 1.1964 15
      vertex 4.652 1.5657 4
      vertex 4.652 1.5657 15
    endloop
  endfacet
  facet normal 0.904836 -0.42576 0
    outer loop
      vertex 4.652 1.5657 4
      vertex 4.47823 1.1964 15
      vertex 4.47823 1.1964 4
    endloop
  endfacet
  facet normal 0.368119 -0.929779 0
    outer loop
      vertex 6.11622 2.94069 4
      vertex 6.49569 3.09093 15
      vertex 6.11622 2.94069 15
    endloop
  endfacet
  facet normal 0.368119 -0.929779 0
    outer loop
      vertex 6.49569 3.09093 15
      vertex 6.11622 2.94069 4
      vertex 6.49569 3.09093 4
    endloop
  endfacet
  facet normal 0.125349 -0.992113 0
    outer loop
      vertex 6.89101 3.19243 4
      vertex 7.29593 3.24359 15
      vertex 6.89101 3.19243 15
    endloop
  endfacet
  facet normal 0.125349 -0.992113 0
    outer loop
      vertex 7.29593 3.24359 15
      vertex 6.89101 3.19243 4
      vertex 7.29593 3.24359 4
    endloop
  endfacet
  facet normal 0.684547 -0.728968 0
    outer loop
      vertex 5.13085 2.22478 4
      vertex 5.42837 2.50417 15
      vertex 5.13085 2.22478 15
    endloop
  endfacet
  facet normal 0.684547 -0.728968 0
    outer loop
      vertex 5.42837 2.50417 15
      vertex 5.13085 2.22478 4
      vertex 5.42837 2.50417 4
    endloop
  endfacet
  facet normal 0.770514 -0.637423 0
    outer loop
      vertex 4.87069 1.9103 15
      vertex 5.13085 2.22478 4
      vertex 5.13085 2.22478 15
    endloop
  endfacet
  facet normal 0.770514 -0.637423 0
    outer loop
      vertex 5.13085 2.22478 4
      vertex 4.87069 1.9103 15
      vertex 4.87069 1.9103 4
    endloop
  endfacet
  facet normal -0.998031 0.0627242 0
    outer loop
      vertex 10.7244 -0.407332 4
      vertex 10.75 0 15
      vertex 10.75 0 4
    endloop
  endfacet
  facet normal -0.998031 0.0627242 0
    outer loop
      vertex 10.75 0 15
      vertex 10.7244 -0.407332 4
      vertex 10.7244 -0.407332 15
    endloop
  endfacet
  facet normal -0.125349 0.992113 0
    outer loop
      vertex 8.10899 -3.19243 4
      vertex 7.70407 -3.24359 15
      vertex 8.10899 -3.19243 15
    endloop
  endfacet
  facet normal -0.125349 0.992113 0
    outer loop
      vertex 7.70407 -3.24359 15
      vertex 8.10899 -3.19243 4
      vertex 7.70407 -3.24359 4
    endloop
  endfacet
  facet normal -0.36811 0.929782 0
    outer loop
      vertex 8.88378 -2.94069 4
      vertex 8.5043 -3.09093 15
      vertex 8.88378 -2.94069 15
    endloop
  endfacet
  facet normal -0.36811 0.929782 0
    outer loop
      vertex 8.5043 -3.09093 15
      vertex 8.88378 -2.94069 4
      vertex 8.5043 -3.09093 4
    endloop
  endfacet
  facet normal -0.770526 0.637409 0
    outer loop
      vertex 9.86915 -2.22478 4
      vertex 10.1293 -1.9103 15
      vertex 10.1293 -1.9103 4
    endloop
  endfacet
  facet normal -0.770526 0.637409 0
    outer loop
      vertex 10.1293 -1.9103 15
      vertex 9.86915 -2.22478 4
      vertex 9.86915 -2.22478 15
    endloop
  endfacet
  facet normal -0.684547 0.728968 0
    outer loop
      vertex 9.86915 -2.22478 4
      vertex 9.57163 -2.50417 15
      vertex 9.86915 -2.22478 15
    endloop
  endfacet
  facet normal -0.684547 0.728968 0
    outer loop
      vertex 9.57163 -2.50417 15
      vertex 9.86915 -2.22478 4
      vertex 9.57163 -2.50417 4
    endloop
  endfacet
  facet normal 0 1 -0
    outer loop
      vertex 7.70407 -3.24359 4
      vertex 7.29593 -3.24359 15
      vertex 7.70407 -3.24359 15
    endloop
  endfacet
  facet normal 0 1 0
    outer loop
      vertex 7.29593 -3.24359 15
      vertex 7.70407 -3.24359 4
      vertex 7.29593 -3.24359 4
    endloop
  endfacet
  facet normal 0.481744 0.876312 -0
    outer loop
      vertex 6.11622 -2.94069 4
      vertex 5.75856 -2.74407 15
      vertex 6.11622 -2.94069 15
    endloop
  endfacet
  facet normal 0.481744 0.876312 0
    outer loop
      vertex 5.75856 -2.74407 15
      vertex 6.11622 -2.94069 4
      vertex 5.75856 -2.74407 4
    endloop
  endfacet
  facet normal 0.904836 0.42576 0
    outer loop
      vertex 4.652 -1.5657 15
      vertex 4.47823 -1.1964 4
      vertex 4.47823 -1.1964 15
    endloop
  endfacet
  facet normal 0.904836 0.42576 0
    outer loop
      vertex 4.47823 -1.1964 4
      vertex 4.652 -1.5657 15
      vertex 4.652 -1.5657 4
    endloop
  endfacet
  facet normal 0.982291 0.187363 0
    outer loop
      vertex 4.3521 -0.808242 15
      vertex 4.27563 -0.407332 4
      vertex 4.27563 -0.407332 15
    endloop
  endfacet
  facet normal 0.982291 0.187363 0
    outer loop
      vertex 4.27563 -0.407332 4
      vertex 4.3521 -0.808242 15
      vertex 4.3521 -0.808242 4
    endloop
  endfacet
  facet normal 0.770514 0.637423 0
    outer loop
      vertex 5.13085 -2.22478 15
      vertex 4.87069 -1.9103 4
      vertex 4.87069 -1.9103 15
    endloop
  endfacet
  facet normal 0.770514 0.637423 0
    outer loop
      vertex 4.87069 -1.9103 4
      vertex 5.13085 -2.22478 15
      vertex 5.13085 -2.22478 4
    endloop
  endfacet
  facet normal -0.904808 0.425821 0
    outer loop
      vertex 10.348 -1.5657 4
      vertex 10.5218 -1.1964 15
      vertex 10.5218 -1.1964 4
    endloop
  endfacet
  facet normal -0.904808 0.425821 0
    outer loop
      vertex 10.5218 -1.1964 15
      vertex 10.348 -1.5657 4
      vertex 10.348 -1.5657 15
    endloop
  endfacet
  facet normal -0.248694 0.968582 0
    outer loop
      vertex 8.5043 -3.09093 4
      vertex 8.10899 -3.19243 15
      vertex 8.5043 -3.09093 15
    endloop
  endfacet
  facet normal -0.248694 0.968582 0
    outer loop
      vertex 8.10899 -3.19243 15
      vertex 8.5043 -3.09093 4
      vertex 8.10899 -3.19243 4
    endloop
  endfacet
  facet normal 0.951049 0.309039 0
    outer loop
      vertex 4.47823 -1.1964 15
      vertex 4.3521 -0.808242 4
      vertex 4.3521 -0.808242 15
    endloop
  endfacet
  facet normal 0.951049 0.309039 0
    outer loop
      vertex 4.3521 -0.808242 4
      vertex 4.47823 -1.1964 15
      vertex 4.47823 -1.1964 4
    endloop
  endfacet
  facet normal 0.684547 0.728968 -0
    outer loop
      vertex 5.42837 -2.50417 4
      vertex 5.13085 -2.22478 15
      vertex 5.42837 -2.50417 15
    endloop
  endfacet
  facet normal 0.684547 0.728968 0
    outer loop
      vertex 5.13085 -2.22478 15
      vertex 5.42837 -2.50417 4
      vertex 5.13085 -2.22478 4
    endloop
  endfacet
  facet normal -0.770546 -0.637385 0
    outer loop
      vertex 10.1293 16.9103 4
      vertex 9.86915 17.2248 15
      vertex 9.86915 17.2248 4
    endloop
  endfacet
  facet normal -0.770546 -0.637385 0
    outer loop
      vertex 9.86915 17.2248 15
      vertex 10.1293 16.9103 4
      vertex 10.1293 16.9103 15
    endloop
  endfacet
  facet normal -0.125446 -0.9921 0
    outer loop
      vertex 7.70407 18.2436 4
      vertex 8.10899 18.1924 15
      vertex 7.70407 18.2436 15
    endloop
  endfacet
  facet normal -0.125446 -0.9921 -0
    outer loop
      vertex 8.10899 18.1924 15
      vertex 7.70407 18.2436 4
      vertex 8.10899 18.1924 4
    endloop
  endfacet
  facet normal -0.248694 -0.968582 0
    outer loop
      vertex 8.10899 18.1924 4
      vertex 8.5043 18.0909 15
      vertex 8.10899 18.1924 15
    endloop
  endfacet
  facet normal -0.248694 -0.968582 -0
    outer loop
      vertex 8.5043 18.0909 15
      vertex 8.10899 18.1924 4
      vertex 8.5043 18.0909 4
    endloop
  endfacet
  facet normal 0.481706 -0.876333 0
    outer loop
      vertex 5.75856 17.7441 4
      vertex 6.11622 17.9407 15
      vertex 5.75856 17.7441 15
    endloop
  endfacet
  facet normal 0.481706 -0.876333 0
    outer loop
      vertex 6.11622 17.9407 15
      vertex 5.75856 17.7441 4
      vertex 6.11622 17.9407 4
    endloop
  endfacet
  facet normal 0.951059 -0.309009 0
    outer loop
      vertex 4.3521 15.8082 15
      vertex 4.47823 16.1964 4
      vertex 4.47823 16.1964 15
    endloop
  endfacet
  facet normal 0.951059 -0.309009 0
    outer loop
      vertex 4.47823 16.1964 4
      vertex 4.3521 15.8082 15
      vertex 4.3521 15.8082 4
    endloop
  endfacet
  facet normal -0.982276 0.187439 0
    outer loop
      vertex 10.6479 14.1918 4
      vertex 10.7244 14.5927 15
      vertex 10.7244 14.5927 4
    endloop
  endfacet
  facet normal -0.982276 0.187439 0
    outer loop
      vertex 10.7244 14.5927 15
      vertex 10.6479 14.1918 4
      vertex 10.6479 14.1918 15
    endloop
  endfacet
  facet normal -0.58779 -0.809014 0
    outer loop
      vertex 9.24144 17.7441 4
      vertex 9.57163 17.5042 15
      vertex 9.24144 17.7441 15
    endloop
  endfacet
  facet normal -0.58779 -0.809014 -0
    outer loop
      vertex 9.57163 17.5042 15
      vertex 9.24144 17.7441 4
      vertex 9.57163 17.5042 4
    endloop
  endfacet
  facet normal -0.481706 -0.876333 0
    outer loop
      vertex 8.88378 17.9407 4
      vertex 9.24144 17.7441 15
      vertex 8.88378 17.9407 15
    endloop
  endfacet
  facet normal -0.481706 -0.876333 -0
    outer loop
      vertex 9.24144 17.7441 15
      vertex 8.88378 17.9407 4
      vertex 9.24144 17.7441 4
    endloop
  endfacet
  facet normal 0.998026 0.0628024 0
    outer loop
      vertex 4.27563 14.5927 15
      vertex 4.25 15 4
      vertex 4.25 15 15
    endloop
  endfacet
  facet normal 0.998026 0.0628024 0
    outer loop
      vertex 4.25 15 4
      vertex 4.27563 14.5927 15
      vertex 4.27563 14.5927 4
    endloop
  endfacet
  facet normal 0.844328 -0.535827 0
    outer loop
      vertex 4.652 16.5657 15
      vertex 4.87069 16.9103 4
      vertex 4.87069 16.9103 15
    endloop
  endfacet
  facet normal 0.844328 -0.535827 0
    outer loop
      vertex 4.87069 16.9103 4
      vertex 4.652 16.5657 15
      vertex 4.652 16.5657 4
    endloop
  endfacet
  facet normal 0.58779 -0.809014 0
    outer loop
      vertex 5.42837 17.5042 4
      vertex 5.75856 17.7441 15
      vertex 5.42837 17.5042 15
    endloop
  endfacet
  facet normal 0.58779 -0.809014 0
    outer loop
      vertex 5.75856 17.7441 15
      vertex 5.42837 17.5042 4
      vertex 5.75856 17.7441 4
    endloop
  endfacet
  facet normal 0.368034 -0.929812 0
    outer loop
      vertex 6.11622 17.9407 4
      vertex 6.49569 18.0909 15
      vertex 6.11622 17.9407 15
    endloop
  endfacet
  facet normal 0.368034 -0.929812 0
    outer loop
      vertex 6.49569 18.0909 15
      vertex 6.11622 17.9407 4
      vertex 6.49569 18.0909 4
    endloop
  endfacet
  facet normal -0.998031 -0.0627292 0
    outer loop
      vertex 10.75 15 4
      vertex 10.7244 15.4073 15
      vertex 10.7244 15.4073 4
    endloop
  endfacet
  facet normal -0.998031 -0.0627292 0
    outer loop
      vertex 10.7244 15.4073 15
      vertex 10.75 15 4
      vertex 10.75 15 15
    endloop
  endfacet
  facet normal -0.951081 0.308942 0
    outer loop
      vertex 10.5218 13.8036 4
      vertex 10.6479 14.1918 15
      vertex 10.6479 14.1918 4
    endloop
  endfacet
  facet normal -0.951081 0.308942 0
    outer loop
      vertex 10.6479 14.1918 15
      vertex 10.5218 13.8036 4
      vertex 10.5218 13.8036 15
    endloop
  endfacet
  facet normal -0.58779 0.809014 0
    outer loop
      vertex 9.57163 12.4958 4
      vertex 9.24144 12.2559 15
      vertex 9.57163 12.4958 15
    endloop
  endfacet
  facet normal -0.58779 0.809014 0
    outer loop
      vertex 9.24144 12.2559 15
      vertex 9.57163 12.4958 4
      vertex 9.24144 12.2559 4
    endloop
  endfacet
  facet normal -0.982276 -0.187439 0
    outer loop
      vertex 10.7244 15.4073 4
      vertex 10.6479 15.8082 15
      vertex 10.6479 15.8082 4
    endloop
  endfacet
  facet normal -0.982276 -0.187439 0
    outer loop
      vertex 10.6479 15.8082 15
      vertex 10.7244 15.4073 4
      vertex 10.7244 15.4073 15
    endloop
  endfacet
  facet normal -0.68456 -0.728956 0
    outer loop
      vertex 9.57163 17.5042 4
      vertex 9.86915 17.2248 15
      vertex 9.57163 17.5042 15
    endloop
  endfacet
  facet normal -0.68456 -0.728956 -0
    outer loop
      vertex 9.86915 17.2248 15
      vertex 9.57163 17.5042 4
      vertex 9.86915 17.2248 4
    endloop
  endfacet
  facet normal 0.125446 -0.9921 0
    outer loop
      vertex 6.89101 18.1924 4
      vertex 7.29593 18.2436 15
      vertex 6.89101 18.1924 15
    endloop
  endfacet
  facet normal 0.125446 -0.9921 0
    outer loop
      vertex 7.29593 18.2436 15
      vertex 6.89101 18.1924 4
      vertex 7.29593 18.2436 4
    endloop
  endfacet
  facet normal -0.368026 -0.929816 0
    outer loop
      vertex 8.5043 18.0909 4
      vertex 8.88378 17.9407 15
      vertex 8.5043 18.0909 15
    endloop
  endfacet
  facet normal -0.368026 -0.929816 -0
    outer loop
      vertex 8.88378 17.9407 15
      vertex 8.5043 18.0909 4
      vertex 8.88378 17.9407 4
    endloop
  endfacet
  facet normal 0.98229 -0.187368 0
    outer loop
      vertex 4.27563 15.4073 15
      vertex 4.3521 15.8082 4
      vertex 4.3521 15.8082 15
    endloop
  endfacet
  facet normal 0.98229 -0.187368 0
    outer loop
      vertex 4.3521 15.8082 4
      vertex 4.27563 15.4073 15
      vertex 4.27563 15.4073 4
    endloop
  endfacet
  facet normal 0.998026 -0.0628024 0
    outer loop
      vertex 4.25 15 15
      vertex 4.27563 15.4073 4
      vertex 4.27563 15.4073 15
    endloop
  endfacet
  facet normal 0.998026 -0.0628024 0
    outer loop
      vertex 4.27563 15.4073 4
      vertex 4.25 15 15
      vertex 4.25 15 4
    endloop
  endfacet
  facet normal 0.904836 -0.42576 0
    outer loop
      vertex 4.47823 16.1964 15
      vertex 4.652 16.5657 4
      vertex 4.652 16.5657 15
    endloop
  endfacet
  facet normal 0.904836 -0.42576 0
    outer loop
      vertex 4.652 16.5657 4
      vertex 4.47823 16.1964 15
      vertex 4.47823 16.1964 4
    endloop
  endfacet
  facet normal 0.248688 -0.968584 0
    outer loop
      vertex 6.49569 18.0909 4
      vertex 6.89101 18.1924 15
      vertex 6.49569 18.0909 15
    endloop
  endfacet
  facet normal 0.248688 -0.968584 0
    outer loop
      vertex 6.89101 18.1924 15
      vertex 6.49569 18.0909 4
      vertex 6.89101 18.1924 4
    endloop
  endfacet
  facet normal 0.68456 -0.728956 0
    outer loop
      vertex 5.13085 17.2248 4
      vertex 5.42837 17.5042 15
      vertex 5.13085 17.2248 15
    endloop
  endfacet
  facet normal 0.68456 -0.728956 0
    outer loop
      vertex 5.42837 17.5042 15
      vertex 5.13085 17.2248 4
      vertex 5.42837 17.5042 4
    endloop
  endfacet
  facet normal 0.770534 -0.637399 0
    outer loop
      vertex 4.87069 16.9103 15
      vertex 5.13085 17.2248 4
      vertex 5.13085 17.2248 15
    endloop
  endfacet
  facet normal 0.770534 -0.637399 0
    outer loop
      vertex 5.13085 17.2248 4
      vertex 4.87069 16.9103 15
      vertex 4.87069 16.9103 4
    endloop
  endfacet
  facet normal -0.998031 0.0627292 0
    outer loop
      vertex 10.7244 14.5927 4
      vertex 10.75 15 15
      vertex 10.75 15 4
    endloop
  endfacet
  facet normal -0.998031 0.0627292 0
    outer loop
      vertex 10.75 15 15
      vertex 10.7244 14.5927 4
      vertex 10.7244 14.5927 15
    endloop
  endfacet
  facet normal -0.844317 0.535845 0
    outer loop
      vertex 10.1293 13.0897 4
      vertex 10.348 13.4343 15
      vertex 10.348 13.4343 4
    endloop
  endfacet
  facet normal -0.844317 0.535845 0
    outer loop
      vertex 10.348 13.4343 15
      vertex 10.1293 13.0897 4
      vertex 10.1293 13.0897 15
    endloop
  endfacet
  facet normal 0.770534 0.637399 0
    outer loop
      vertex 5.13085 12.7752 15
      vertex 4.87069 13.0897 4
      vertex 4.87069 13.0897 15
    endloop
  endfacet
  facet normal 0.770534 0.637399 0
    outer loop
      vertex 4.87069 13.0897 4
      vertex 5.13085 12.7752 15
      vertex 5.13085 12.7752 4
    endloop
  endfacet
  facet normal -0.248694 0.968582 0
    outer loop
      vertex 8.5043 11.9091 4
      vertex 8.10899 11.8076 15
      vertex 8.5043 11.9091 15
    endloop
  endfacet
  facet normal -0.248694 0.968582 0
    outer loop
      vertex 8.10899 11.8076 15
      vertex 8.5043 11.9091 4
      vertex 8.10899 11.8076 4
    endloop
  endfacet
  facet normal -0.68456 0.728956 0
    outer loop
      vertex 9.86915 12.7752 4
      vertex 9.57163 12.4958 15
      vertex 9.86915 12.7752 15
    endloop
  endfacet
  facet normal -0.68456 0.728956 0
    outer loop
      vertex 9.57163 12.4958 15
      vertex 9.86915 12.7752 4
      vertex 9.57163 12.4958 4
    endloop
  endfacet
  facet normal -0.844317 -0.535845 0
    outer loop
      vertex 10.348 16.5657 4
      vertex 10.1293 16.9103 15
      vertex 10.1293 16.9103 4
    endloop
  endfacet
  facet normal -0.844317 -0.535845 0
    outer loop
      vertex 10.1293 16.9103 15
      vertex 10.348 16.5657 4
      vertex 10.348 16.5657 15
    endloop
  endfacet
  facet normal -0.904808 -0.425821 0
    outer loop
      vertex 10.5218 16.1964 4
      vertex 10.348 16.5657 15
      vertex 10.348 16.5657 4
    endloop
  endfacet
  facet normal -0.904808 -0.425821 0
    outer loop
      vertex 10.348 16.5657 15
      vertex 10.5218 16.1964 4
      vertex 10.5218 16.1964 15
    endloop
  endfacet
  facet normal -0.951081 -0.308942 0
    outer loop
      vertex 10.6479 15.8082 4
      vertex 10.5218 16.1964 15
      vertex 10.5218 16.1964 4
    endloop
  endfacet
  facet normal -0.951081 -0.308942 0
    outer loop
      vertex 10.5218 16.1964 15
      vertex 10.6479 15.8082 4
      vertex 10.6479 15.8082 15
    endloop
  endfacet
  facet normal 0 -1 0
    outer loop
      vertex 7.29593 18.2436 4
      vertex 7.70407 18.2436 15
      vertex 7.29593 18.2436 15
    endloop
  endfacet
  facet normal 0 -1 -0
    outer loop
      vertex 7.70407 18.2436 15
      vertex 7.29593 18.2436 4
      vertex 7.70407 18.2436 4
    endloop
  endfacet
  facet normal -0.904808 0.425821 0
    outer loop
      vertex 10.348 13.4343 4
      vertex 10.5218 13.8036 15
      vertex 10.5218 13.8036 4
    endloop
  endfacet
  facet normal -0.904808 0.425821 0
    outer loop
      vertex 10.5218 13.8036 15
      vertex 10.348 13.4343 4
      vertex 10.348 13.4343 15
    endloop
  endfacet
  facet normal 0.125446 0.9921 -0
    outer loop
      vertex 7.29593 11.7564 4
      vertex 6.89101 11.8076 15
      vertex 7.29593 11.7564 15
    endloop
  endfacet
  facet normal 0.125446 0.9921 0
    outer loop
      vertex 6.89101 11.8076 15
      vertex 7.29593 11.7564 4
      vertex 6.89101 11.8076 4
    endloop
  endfacet
  facet normal 0 1 -0
    outer loop
      vertex 7.70407 11.7564 4
      vertex 7.29593 11.7564 15
      vertex 7.70407 11.7564 15
    endloop
  endfacet
  facet normal 0 1 0
    outer loop
      vertex 7.29593 11.7564 15
      vertex 7.70407 11.7564 4
      vertex 7.29593 11.7564 4
    endloop
  endfacet
  facet normal 0.98229 0.187368 0
    outer loop
      vertex 4.3521 14.1918 15
      vertex 4.27563 14.5927 4
      vertex 4.27563 14.5927 15
    endloop
  endfacet
  facet normal 0.98229 0.187368 0
    outer loop
      vertex 4.27563 14.5927 4
      vertex 4.3521 14.1918 15
      vertex 4.3521 14.1918 4
    endloop
  endfacet
  facet normal 0.951059 0.309009 0
    outer loop
      vertex 4.47823 13.8036 15
      vertex 4.3521 14.1918 4
      vertex 4.3521 14.1918 15
    endloop
  endfacet
  facet normal 0.951059 0.309009 0
    outer loop
      vertex 4.3521 14.1918 4
      vertex 4.47823 13.8036 15
      vertex 4.47823 13.8036 4
    endloop
  endfacet
  facet normal 0.844328 0.535827 0
    outer loop
      vertex 4.87069 13.0897 15
      vertex 4.652 13.4343 4
      vertex 4.652 13.4343 15
    endloop
  endfacet
  facet normal 0.844328 0.535827 0
    outer loop
      vertex 4.652 13.4343 4
      vertex 4.87069 13.0897 15
      vertex 4.87069 13.0897 4
    endloop
  endfacet
  facet normal 0.58779 0.809014 -0
    outer loop
      vertex 5.75856 12.2559 4
      vertex 5.42837 12.4958 15
      vertex 5.75856 12.2559 15
    endloop
  endfacet
  facet normal 0.58779 0.809014 0
    outer loop
      vertex 5.42837 12.4958 15
      vertex 5.75856 12.2559 4
      vertex 5.42837 12.4958 4
    endloop
  endfacet
  facet normal -0.481706 0.876333 0
    outer loop
      vertex 9.24144 12.2559 4
      vertex 8.88378 12.0593 15
      vertex 9.24144 12.2559 15
    endloop
  endfacet
  facet normal -0.481706 0.876333 0
    outer loop
      vertex 8.88378 12.0593 15
      vertex 9.24144 12.2559 4
      vertex 8.88378 12.0593 4
    endloop
  endfacet
  facet normal -0.368026 0.929816 0
    outer loop
      vertex 8.88378 12.0593 4
      vertex 8.5043 11.9091 15
      vertex 8.88378 12.0593 15
    endloop
  endfacet
  facet normal -0.368026 0.929816 0
    outer loop
      vertex 8.5043 11.9091 15
      vertex 8.88378 12.0593 4
      vertex 8.5043 11.9091 4
    endloop
  endfacet
  facet normal 0.481706 0.876333 -0
    outer loop
      vertex 6.11622 12.0593 4
      vertex 5.75856 12.2559 15
      vertex 6.11622 12.0593 15
    endloop
  endfacet
  facet normal 0.481706 0.876333 0
    outer loop
      vertex 5.75856 12.2559 15
      vertex 6.11622 12.0593 4
      vertex 5.75856 12.2559 4
    endloop
  endfacet
  facet normal -0.125446 0.9921 0
    outer loop
      vertex 8.10899 11.8076 4
      vertex 7.70407 11.7564 15
      vertex 8.10899 11.8076 15
    endloop
  endfacet
  facet normal -0.125446 0.9921 0
    outer loop
      vertex 7.70407 11.7564 15
      vertex 8.10899 11.8076 4
      vertex 7.70407 11.7564 4
    endloop
  endfacet
  facet normal -0.770546 0.637385 0
    outer loop
      vertex 9.86915 12.7752 4
      vertex 10.1293 13.0897 15
      vertex 10.1293 13.0897 4
    endloop
  endfacet
  facet normal -0.770546 0.637385 0
    outer loop
      vertex 10.1293 13.0897 15
      vertex 9.86915 12.7752 4
      vertex 9.86915 12.7752 15
    endloop
  endfacet
  facet normal 0.368034 0.929812 -0
    outer loop
      vertex 6.49569 11.9091 4
      vertex 6.11622 12.0593 15
      vertex 6.49569 11.9091 15
    endloop
  endfacet
  facet normal 0.368034 0.929812 0
    outer loop
      vertex 6.11622 12.0593 15
      vertex 6.49569 11.9091 4
      vertex 6.11622 12.0593 4
    endloop
  endfacet
  facet normal 0.904836 0.42576 0
    outer loop
      vertex 4.652 13.4343 15
      vertex 4.47823 13.8036 4
      vertex 4.47823 13.8036 15
    endloop
  endfacet
  facet normal 0.904836 0.42576 0
    outer loop
      vertex 4.47823 13.8036 4
      vertex 4.652 13.4343 15
      vertex 4.652 13.4343 4
    endloop
  endfacet
  facet normal 0.68456 0.728956 -0
    outer loop
      vertex 5.42837 12.4958 4
      vertex 5.13085 12.7752 15
      vertex 5.42837 12.4958 15
    endloop
  endfacet
  facet normal 0.68456 0.728956 0
    outer loop
      vertex 5.13085 12.7752 15
      vertex 5.42837 12.4958 4
      vertex 5.13085 12.7752 4
    endloop
  endfacet
  facet normal 0.248688 0.968584 -0
    outer loop
      vertex 6.89101 11.8076 4
      vertex 6.49569 11.9091 15
      vertex 6.89101 11.8076 15
    endloop
  endfacet
  facet normal 0.248688 0.968584 0
    outer loop
      vertex 6.49569 11.9091 15
      vertex 6.89101 11.8076 4
      vertex 6.49569 11.9091 4
    endloop
  endfacet
  facet normal -0.770486 -0.637457 0
    outer loop
      vertex 25.1293 -13.0897 4
      vertex 24.8691 -12.7752 15
      vertex 24.8691 -12.7752 4
    endloop
  endfacet
  facet normal -0.770486 -0.637457 0
    outer loop
      vertex 24.8691 -12.7752 15
      vertex 25.1293 -13.0897 4
      vertex 25.1293 -13.0897 15
    endloop
  endfacet
  facet normal -0.2487 -0.968581 0
    outer loop
      vertex 23.109 -11.8076 4
      vertex 23.5043 -11.9091 15
      vertex 23.109 -11.8076 15
    endloop
  endfacet
  facet normal -0.2487 -0.968581 -0
    outer loop
      vertex 23.5043 -11.9091 15
      vertex 23.109 -11.8076 4
      vertex 23.5043 -11.9091 4
    endloop
  endfacet
  facet normal 0.481768 -0.876299 0
    outer loop
      vertex 20.7586 -12.2559 4
      vertex 21.1162 -12.0593 15
      vertex 20.7586 -12.2559 15
    endloop
  endfacet
  facet normal 0.481768 -0.876299 0
    outer loop
      vertex 21.1162 -12.0593 15
      vertex 20.7586 -12.2559 4
      vertex 21.1162 -12.0593 4
    endloop
  endfacet
  facet normal 0.951081 -0.308942 0
    outer loop
      vertex 19.3521 -14.1918 15
      vertex 19.4782 -13.8036 4
      vertex 19.4782 -13.8036 15
    endloop
  endfacet
  facet normal 0.951081 -0.308942 0
    outer loop
      vertex 19.4782 -13.8036 4
      vertex 19.3521 -14.1918 15
      vertex 19.3521 -14.1918 4
    endloop
  endfacet
  facet normal -0.982276 0.187439 0
    outer loop
      vertex 25.6479 -15.8082 4
      vertex 25.7244 -15.4073 15
      vertex 25.7244 -15.4073 4
    endloop
  endfacet
  facet normal -0.982276 0.187439 0
    outer loop
      vertex 25.7244 -15.4073 15
      vertex 25.6479 -15.8082 4
      vertex 25.6479 -15.8082 15
    endloop
  endfacet
  facet normal -0.587778 -0.809022 0
    outer loop
      vertex 24.2414 -12.2559 4
      vertex 24.5716 -12.4958 15
      vertex 24.2414 -12.2559 15
    endloop
  endfacet
  facet normal -0.587778 -0.809022 -0
    outer loop
      vertex 24.5716 -12.4958 15
      vertex 24.2414 -12.2559 4
      vertex 24.5716 -12.4958 4
    endloop
  endfacet
  facet normal 0 -1 0
    outer loop
      vertex 22.2959 -11.7564 4
      vertex 22.7041 -11.7564 15
      vertex 22.2959 -11.7564 15
    endloop
  endfacet
  facet normal 0 -1 -0
    outer loop
      vertex 22.7041 -11.7564 15
      vertex 22.2959 -11.7564 4
      vertex 22.7041 -11.7564 4
    endloop
  endfacet
  facet normal -0.481768 -0.876299 0
    outer loop
      vertex 23.8838 -12.0593 4
      vertex 24.2414 -12.2559 15
      vertex 23.8838 -12.0593 15
    endloop
  endfacet
  facet normal -0.481768 -0.876299 -0
    outer loop
      vertex 24.2414 -12.2559 15
      vertex 23.8838 -12.0593 4
      vertex 24.2414 -12.2559 4
    endloop
  endfacet
  facet normal 0.998031 0.0627292 0
    outer loop
      vertex 19.2756 -15.4073 15
      vertex 19.25 -15 4
      vertex 19.25 -15 15
    endloop
  endfacet
  facet normal 0.998031 0.0627292 0
    outer loop
      vertex 19.25 -15 4
      vertex 19.2756 -15.4073 15
      vertex 19.2756 -15.4073 4
    endloop
  endfacet
  facet normal 0.844317 -0.535845 0
    outer loop
      vertex 19.652 -13.4343 15
      vertex 19.8707 -13.0897 4
      vertex 19.8707 -13.0897 15
    endloop
  endfacet
  facet normal 0.844317 -0.535845 0
    outer loop
      vertex 19.8707 -13.0897 4
      vertex 19.652 -13.4343 15
      vertex 19.652 -13.4343 4
    endloop
  endfacet
  facet normal 0.587778 -0.809022 0
    outer loop
      vertex 20.4284 -12.4958 4
      vertex 20.7586 -12.2559 15
      vertex 20.4284 -12.4958 15
    endloop
  endfacet
  facet normal 0.587778 -0.809022 0
    outer loop
      vertex 20.7586 -12.2559 15
      vertex 20.4284 -12.4958 4
      vertex 20.7586 -12.2559 4
    endloop
  endfacet
  facet normal 0.368009 -0.929822 0
    outer loop
      vertex 21.1162 -12.0593 4
      vertex 21.4957 -11.9091 15
      vertex 21.1162 -12.0593 15
    endloop
  endfacet
  facet normal 0.368009 -0.929822 0
    outer loop
      vertex 21.4957 -11.9091 15
      vertex 21.1162 -12.0593 4
      vertex 21.4957 -11.9091 4
    endloop
  endfacet
  facet normal -0.998031 -0.0627292 0
    outer loop
      vertex 25.75 -15 4
      vertex 25.7244 -14.5927 15
      vertex 25.7244 -14.5927 4
    endloop
  endfacet
  facet normal -0.998031 -0.0627292 0
    outer loop
      vertex 25.7244 -14.5927 15
      vertex 25.75 -15 4
      vertex 25.75 -15 15
    endloop
  endfacet
  facet normal -0.951081 0.308942 0
    outer loop
      vertex 25.5218 -16.1964 4
      vertex 25.6479 -15.8082 15
      vertex 25.6479 -15.8082 4
    endloop
  endfacet
  facet normal -0.951081 0.308942 0
    outer loop
      vertex 25.6479 -15.8082 15
      vertex 25.5218 -16.1964 4
      vertex 25.5218 -16.1964 15
    endloop
  endfacet
  facet normal -0.587778 0.809022 0
    outer loop
      vertex 24.5716 -17.5042 4
      vertex 24.2414 -17.7441 15
      vertex 24.5716 -17.5042 15
    endloop
  endfacet
  facet normal -0.587778 0.809022 0
    outer loop
      vertex 24.2414 -17.7441 15
      vertex 24.5716 -17.5042 4
      vertex 24.2414 -17.7441 4
    endloop
  endfacet
  facet normal -0.982276 -0.187439 0
    outer loop
      vertex 25.7244 -14.5927 4
      vertex 25.6479 -14.1918 15
      vertex 25.6479 -14.1918 4
    endloop
  endfacet
  facet normal -0.982276 -0.187439 0
    outer loop
      vertex 25.6479 -14.1918 15
      vertex 25.7244 -14.5927 4
      vertex 25.7244 -14.5927 15
    endloop
  endfacet
  facet normal -0.684585 -0.728933 0
    outer loop
      vertex 24.5716 -12.4958 4
      vertex 24.8691 -12.7752 15
      vertex 24.5716 -12.4958 15
    endloop
  endfacet
  facet normal -0.684585 -0.728933 -0
    outer loop
      vertex 24.8691 -12.7752 15
      vertex 24.5716 -12.4958 4
      vertex 24.8691 -12.7752 4
    endloop
  endfacet
  facet normal 0.125452 -0.9921 0
    outer loop
      vertex 21.891 -11.8076 4
      vertex 22.2959 -11.7564 15
      vertex 21.891 -11.8076 15
    endloop
  endfacet
  facet normal 0.125452 -0.9921 0
    outer loop
      vertex 22.2959 -11.7564 15
      vertex 21.891 -11.8076 4
      vertex 22.2959 -11.7564 4
    endloop
  endfacet
  facet normal -0.125452 -0.9921 0
    outer loop
      vertex 22.7041 -11.7564 4
      vertex 23.109 -11.8076 15
      vertex 22.7041 -11.7564 15
    endloop
  endfacet
  facet normal -0.125452 -0.9921 -0
    outer loop
      vertex 23.109 -11.8076 15
      vertex 22.7041 -11.7564 4
      vertex 23.109 -11.8076 4
    endloop
  endfacet
  facet normal -0.368009 -0.929822 0
    outer loop
      vertex 23.5043 -11.9091 4
      vertex 23.8838 -12.0593 15
      vertex 23.5043 -11.9091 15
    endloop
  endfacet
  facet normal -0.368009 -0.929822 -0
    outer loop
      vertex 23.8838 -12.0593 15
      vertex 23.5043 -11.9091 4
      vertex 23.8838 -12.0593 4
    endloop
  endfacet
  facet normal 0.982276 -0.187439 0
    outer loop
      vertex 19.2756 -14.5927 15
      vertex 19.3521 -14.1918 4
      vertex 19.3521 -14.1918 15
    endloop
  endfacet
  facet normal 0.982276 -0.187439 0
    outer loop
      vertex 19.3521 -14.1918 4
      vertex 19.2756 -14.5927 15
      vertex 19.2756 -14.5927 4
    endloop
  endfacet
  facet normal 0.998031 -0.0627292 0
    outer loop
      vertex 19.25 -15 15
      vertex 19.2756 -14.5927 4
      vertex 19.2756 -14.5927 15
    endloop
  endfacet
  facet normal 0.998031 -0.0627292 0
    outer loop
      vertex 19.2756 -14.5927 4
      vertex 19.25 -15 15
      vertex 19.25 -15 4
    endloop
  endfacet
  facet normal 0.904808 -0.425821 0
    outer loop
      vertex 19.4782 -13.8036 15
      vertex 19.652 -13.4343 4
      vertex 19.652 -13.4343 15
    endloop
  endfacet
  facet normal 0.904808 -0.425821 0
    outer loop
      vertex 19.652 -13.4343 4
      vertex 19.4782 -13.8036 15
      vertex 19.4782 -13.8036 4
    endloop
  endfacet
  facet normal 0.2487 -0.968581 0
    outer loop
      vertex 21.4957 -11.9091 4
      vertex 21.891 -11.8076 15
      vertex 21.4957 -11.9091 15
    endloop
  endfacet
  facet normal 0.2487 -0.968581 0
    outer loop
      vertex 21.891 -11.8076 15
      vertex 21.4957 -11.9091 4
      vertex 21.891 -11.8076 4
    endloop
  endfacet
  facet normal 0.684585 -0.728933 0
    outer loop
      vertex 20.1309 -12.7752 4
      vertex 20.4284 -12.4958 15
      vertex 20.1309 -12.7752 15
    endloop
  endfacet
  facet normal 0.684585 -0.728933 0
    outer loop
      vertex 20.4284 -12.4958 15
      vertex 20.1309 -12.7752 4
      vertex 20.4284 -12.4958 4
    endloop
  endfacet
  facet normal 0.770486 -0.637457 0
    outer loop
      vertex 19.8707 -13.0897 15
      vertex 20.1309 -12.7752 4
      vertex 20.1309 -12.7752 15
    endloop
  endfacet
  facet normal 0.770486 -0.637457 0
    outer loop
      vertex 20.1309 -12.7752 4
      vertex 19.8707 -13.0897 15
      vertex 19.8707 -13.0897 4
    endloop
  endfacet
  facet normal -0.998031 0.0627292 0
    outer loop
      vertex 25.7244 -15.4073 4
      vertex 25.75 -15 15
      vertex 25.75 -15 4
    endloop
  endfacet
  facet normal -0.998031 0.0627292 0
    outer loop
      vertex 25.75 -15 15
      vertex 25.7244 -15.4073 4
      vertex 25.7244 -15.4073 15
    endloop
  endfacet
  facet normal -0.844317 0.535845 0
    outer loop
      vertex 25.1293 -16.9103 4
      vertex 25.348 -16.5657 15
      vertex 25.348 -16.5657 4
    endloop
  endfacet
  facet normal -0.844317 0.535845 0
    outer loop
      vertex 25.348 -16.5657 15
      vertex 25.1293 -16.9103 4
      vertex 25.1293 -16.9103 15
    endloop
  endfacet
  facet normal 0.770486 0.637457 0
    outer loop
      vertex 20.1309 -17.2248 15
      vertex 19.8707 -16.9103 4
      vertex 19.8707 -16.9103 15
    endloop
  endfacet
  facet normal 0.770486 0.637457 0
    outer loop
      vertex 19.8707 -16.9103 4
      vertex 20.1309 -17.2248 15
      vertex 20.1309 -17.2248 4
    endloop
  endfacet
  facet normal -0.2487 0.968581 0
    outer loop
      vertex 23.5043 -18.0909 4
      vertex 23.109 -18.1924 15
      vertex 23.5043 -18.0909 15
    endloop
  endfacet
  facet normal -0.2487 0.968581 0
    outer loop
      vertex 23.109 -18.1924 15
      vertex 23.5043 -18.0909 4
      vertex 23.109 -18.1924 4
    endloop
  endfacet
  facet normal -0.684585 0.728933 0
    outer loop
      vertex 24.8691 -17.2248 4
      vertex 24.5716 -17.5042 15
      vertex 24.8691 -17.2248 15
    endloop
  endfacet
  facet normal -0.684585 0.728933 0
    outer loop
      vertex 24.5716 -17.5042 15
      vertex 24.8691 -17.2248 4
      vertex 24.5716 -17.5042 4
    endloop
  endfacet
  facet normal -0.844317 -0.535845 0
    outer loop
      vertex 25.348 -13.4343 4
      vertex 25.1293 -13.0897 15
      vertex 25.1293 -13.0897 4
    endloop
  endfacet
  facet normal -0.844317 -0.535845 0
    outer loop
      vertex 25.1293 -13.0897 15
      vertex 25.348 -13.4343 4
      vertex 25.348 -13.4343 15
    endloop
  endfacet
  facet normal -0.904808 -0.425821 0
    outer loop
      vertex 25.5218 -13.8036 4
      vertex 25.348 -13.4343 15
      vertex 25.348 -13.4343 4
    endloop
  endfacet
  facet normal -0.904808 -0.425821 0
    outer loop
      vertex 25.348 -13.4343 15
      vertex 25.5218 -13.8036 4
      vertex 25.5218 -13.8036 15
    endloop
  endfacet
  facet normal -0.951081 -0.308942 0
    outer loop
      vertex 25.6479 -14.1918 4
      vertex 25.5218 -13.8036 15
      vertex 25.5218 -13.8036 4
    endloop
  endfacet
  facet normal -0.951081 -0.308942 0
    outer loop
      vertex 25.5218 -13.8036 15
      vertex 25.6479 -14.1918 4
      vertex 25.6479 -14.1918 15
    endloop
  endfacet
  facet normal -0.904808 0.425821 0
    outer loop
      vertex 25.348 -16.5657 4
      vertex 25.5218 -16.1964 15
      vertex 25.5218 -16.1964 4
    endloop
  endfacet
  facet normal -0.904808 0.425821 0
    outer loop
      vertex 25.5218 -16.1964 15
      vertex 25.348 -16.5657 4
      vertex 25.348 -16.5657 15
    endloop
  endfacet
  facet normal 0.125452 0.9921 -0
    outer loop
      vertex 22.2959 -18.2436 4
      vertex 21.891 -18.1924 15
      vertex 22.2959 -18.2436 15
    endloop
  endfacet
  facet normal 0.125452 0.9921 0
    outer loop
      vertex 21.891 -18.1924 15
      vertex 22.2959 -18.2436 4
      vertex 21.891 -18.1924 4
    endloop
  endfacet
  facet normal 0.982276 0.187439 0
    outer loop
      vertex 19.3521 -15.8082 15
      vertex 19.2756 -15.4073 4
      vertex 19.2756 -15.4073 15
    endloop
  endfacet
  facet normal 0.982276 0.187439 0
    outer loop
      vertex 19.2756 -15.4073 4
      vertex 19.3521 -15.8082 15
      vertex 19.3521 -15.8082 4
    endloop
  endfacet
  facet normal 0.951081 0.308942 0
    outer loop
      vertex 19.4782 -16.1964 15
      vertex 19.3521 -15.8082 4
      vertex 19.3521 -15.8082 15
    endloop
  endfacet
  facet normal 0.951081 0.308942 0
    outer loop
      vertex 19.3521 -15.8082 4
      vertex 19.4782 -16.1964 15
      vertex 19.4782 -16.1964 4
    endloop
  endfacet
  facet normal 0.844317 0.535845 0
    outer loop
      vertex 19.8707 -16.9103 15
      vertex 19.652 -16.5657 4
      vertex 19.652 -16.5657 15
    endloop
  endfacet
  facet normal 0.844317 0.535845 0
    outer loop
      vertex 19.652 -16.5657 4
      vertex 19.8707 -16.9103 15
      vertex 19.8707 -16.9103 4
    endloop
  endfacet
  facet normal 0.587778 0.809022 -0
    outer loop
      vertex 20.7586 -17.7441 4
      vertex 20.4284 -17.5042 15
      vertex 20.7586 -17.7441 15
    endloop
  endfacet
  facet normal 0.587778 0.809022 0
    outer loop
      vertex 20.4284 -17.5042 15
      vertex 20.7586 -17.7441 4
      vertex 20.4284 -17.5042 4
    endloop
  endfacet
  facet normal -0.481768 0.876299 0
    outer loop
      vertex 24.2414 -17.7441 4
      vertex 23.8838 -17.9407 15
      vertex 24.2414 -17.7441 15
    endloop
  endfacet
  facet normal -0.481768 0.876299 0
    outer loop
      vertex 23.8838 -17.9407 15
      vertex 24.2414 -17.7441 4
      vertex 23.8838 -17.9407 4
    endloop
  endfacet
  facet normal -0.368009 0.929822 0
    outer loop
      vertex 23.8838 -17.9407 4
      vertex 23.5043 -18.0909 15
      vertex 23.8838 -17.9407 15
    endloop
  endfacet
  facet normal -0.368009 0.929822 0
    outer loop
      vertex 23.5043 -18.0909 15
      vertex 23.8838 -17.9407 4
      vertex 23.5043 -18.0909 4
    endloop
  endfacet
  facet normal -0.770486 0.637457 0
    outer loop
      vertex 24.8691 -17.2248 4
      vertex 25.1293 -16.9103 15
      vertex 25.1293 -16.9103 4
    endloop
  endfacet
  facet normal -0.770486 0.637457 0
    outer loop
      vertex 25.1293 -16.9103 15
      vertex 24.8691 -17.2248 4
      vertex 24.8691 -17.2248 15
    endloop
  endfacet
  facet normal 0.481768 0.876299 -0
    outer loop
      vertex 21.1162 -17.9407 4
      vertex 20.7586 -17.7441 15
      vertex 21.1162 -17.9407 15
    endloop
  endfacet
  facet normal 0.481768 0.876299 0
    outer loop
      vertex 20.7586 -17.7441 15
      vertex 21.1162 -17.9407 4
      vertex 20.7586 -17.7441 4
    endloop
  endfacet
  facet normal 0.368009 0.929822 -0
    outer loop
      vertex 21.4957 -18.0909 4
      vertex 21.1162 -17.9407 15
      vertex 21.4957 -18.0909 15
    endloop
  endfacet
  facet normal 0.368009 0.929822 0
    outer loop
      vertex 21.1162 -17.9407 15
      vertex 21.4957 -18.0909 4
      vertex 21.1162 -17.9407 4
    endloop
  endfacet
  facet normal -0.125452 0.9921 0
    outer loop
      vertex 23.109 -18.1924 4
      vertex 22.7041 -18.2436 15
      vertex 23.109 -18.1924 15
    endloop
  endfacet
  facet normal -0.125452 0.9921 0
    outer loop
      vertex 22.7041 -18.2436 15
      vertex 23.109 -18.1924 4
      vertex 22.7041 -18.2436 4
    endloop
  endfacet
  facet normal 0.2487 0.968581 -0
    outer loop
      vertex 21.891 -18.1924 4
      vertex 21.4957 -18.0909 15
      vertex 21.891 -18.1924 15
    endloop
  endfacet
  facet normal 0.2487 0.968581 0
    outer loop
      vertex 21.4957 -18.0909 15
      vertex 21.891 -18.1924 4
      vertex 21.4957 -18.0909 4
    endloop
  endfacet
  facet normal 0 1 -0
    outer loop
      vertex 22.7041 -18.2436 4
      vertex 22.2959 -18.2436 15
      vertex 22.7041 -18.2436 15
    endloop
  endfacet
  facet normal 0 1 0
    outer loop
      vertex 22.2959 -18.2436 15
      vertex 22.7041 -18.2436 4
      vertex 22.2959 -18.2436 4
    endloop
  endfacet
  facet normal 0.904808 0.425821 0
    outer loop
      vertex 19.652 -16.5657 15
      vertex 19.4782 -16.1964 4
      vertex 19.4782 -16.1964 15
    endloop
  endfacet
  facet normal 0.904808 0.425821 0
    outer loop
      vertex 19.4782 -16.1964 4
      vertex 19.652 -16.5657 15
      vertex 19.652 -16.5657 4
    endloop
  endfacet
  facet normal 0.684585 0.728933 -0
    outer loop
      vertex 20.4284 -17.5042 4
      vertex 20.1309 -17.2248 15
      vertex 20.4284 -17.5042 15
    endloop
  endfacet
  facet normal 0.684585 0.728933 0
    outer loop
      vertex 20.1309 -17.2248 15
      vertex 20.4284 -17.5042 4
      vertex 20.1309 -17.2248 4
    endloop
  endfacet
  facet normal -0.951071 -0.308972 0
    outer loop
      vertex 25.6479 0.808242 4
      vertex 25.5218 1.1964 15
      vertex 25.5218 1.1964 4
    endloop
  endfacet
  facet normal -0.951071 -0.308972 0
    outer loop
      vertex 25.5218 1.1964 15
      vertex 25.6479 0.808242 4
      vertex 25.6479 0.808242 15
    endloop
  endfacet
  facet normal -0.998031 -0.0627242 0
    outer loop
      vertex 25.75 0 4
      vertex 25.7244 0.407332 15
      vertex 25.7244 0.407332 4
    endloop
  endfacet
  facet normal -0.998031 -0.0627242 0
    outer loop
      vertex 25.7244 0.407332 15
      vertex 25.75 0 4
      vertex 25.75 0 15
    endloop
  endfacet
  facet normal 0 -1 0
    outer loop
      vertex 22.2959 3.24359 4
      vertex 22.7041 3.24359 15
      vertex 22.2959 3.24359 15
    endloop
  endfacet
  facet normal 0 -1 -0
    outer loop
      vertex 22.7041 3.24359 15
      vertex 22.2959 3.24359 4
      vertex 22.7041 3.24359 4
    endloop
  endfacet
  facet normal -0.684572 -0.728946 0
    outer loop
      vertex 24.5716 2.50417 4
      vertex 24.8691 2.22478 15
      vertex 24.5716 2.50417 15
    endloop
  endfacet
  facet normal -0.684572 -0.728946 -0
    outer loop
      vertex 24.8691 2.22478 15
      vertex 24.5716 2.50417 4
      vertex 24.8691 2.22478 4
    endloop
  endfacet
  facet normal 0.770466 -0.637481 0
    outer loop
      vertex 19.8707 1.9103 15
      vertex 20.1309 2.22478 4
      vertex 20.1309 2.22478 15
    endloop
  endfacet
  facet normal 0.770466 -0.637481 0
    outer loop
      vertex 20.1309 2.22478 4
      vertex 19.8707 1.9103 15
      vertex 19.8707 1.9103 4
    endloop
  endfacet
  facet normal 0.481806 -0.876278 0
    outer loop
      vertex 20.7586 2.74407 4
      vertex 21.1162 2.94069 15
      vertex 20.7586 2.74407 15
    endloop
  endfacet
  facet normal 0.481806 -0.876278 0
    outer loop
      vertex 21.1162 2.94069 15
      vertex 20.7586 2.74407 4
      vertex 21.1162 2.94069 4
    endloop
  endfacet
  facet normal 0.770466 0.637481 0
    outer loop
      vertex 20.1309 -2.22478 15
      vertex 19.8707 -1.9103 4
      vertex 19.8707 -1.9103 15
    endloop
  endfacet
  facet normal 0.770466 0.637481 0
    outer loop
      vertex 19.8707 -1.9103 4
      vertex 20.1309 -2.22478 15
      vertex 20.1309 -2.22478 4
    endloop
  endfacet
  facet normal -0.904808 -0.425821 0
    outer loop
      vertex 25.5218 1.1964 4
      vertex 25.348 1.5657 15
      vertex 25.348 1.5657 4
    endloop
  endfacet
  facet normal -0.904808 -0.425821 0
    outer loop
      vertex 25.348 1.5657 15
      vertex 25.5218 1.1964 4
      vertex 25.5218 1.1964 15
    endloop
  endfacet
  facet normal -0.844317 -0.535845 0
    outer loop
      vertex 25.348 1.5657 4
      vertex 25.1293 1.9103 15
      vertex 25.1293 1.9103 4
    endloop
  endfacet
  facet normal -0.844317 -0.535845 0
    outer loop
      vertex 25.1293 1.9103 15
      vertex 25.348 1.5657 4
      vertex 25.348 1.5657 15
    endloop
  endfacet
  facet normal -0.368093 -0.929789 0
    outer loop
      vertex 23.5043 3.09093 4
      vertex 23.8838 2.94069 15
      vertex 23.5043 3.09093 15
    endloop
  endfacet
  facet normal -0.368093 -0.929789 -0
    outer loop
      vertex 23.8838 2.94069 15
      vertex 23.5043 3.09093 4
      vertex 23.8838 2.94069 4
    endloop
  endfacet
  facet normal -0.2487 -0.968581 0
    outer loop
      vertex 23.109 3.19243 4
      vertex 23.5043 3.09093 15
      vertex 23.109 3.19243 15
    endloop
  endfacet
  facet normal -0.2487 -0.968581 -0
    outer loop
      vertex 23.5043 3.09093 15
      vertex 23.109 3.19243 4
      vertex 23.5043 3.09093 4
    endloop
  endfacet
  facet normal -0.587778 -0.809022 0
    outer loop
      vertex 24.2414 2.74407 4
      vertex 24.5716 2.50417 15
      vertex 24.2414 2.74407 15
    endloop
  endfacet
  facet normal -0.587778 -0.809022 -0
    outer loop
      vertex 24.5716 2.50417 15
      vertex 24.2414 2.74407 4
      vertex 24.5716 2.50417 4
    endloop
  endfacet
  facet normal 0.951071 -0.308972 0
    outer loop
      vertex 19.3521 0.808242 15
      vertex 19.4782 1.1964 4
      vertex 19.4782 1.1964 15
    endloop
  endfacet
  facet normal 0.951071 -0.308972 0
    outer loop
      vertex 19.4782 1.1964 4
      vertex 19.3521 0.808242 15
      vertex 19.3521 0.808242 4
    endloop
  endfacet
  facet normal 0.904808 -0.425821 0
    outer loop
      vertex 19.4782 1.1964 15
      vertex 19.652 1.5657 4
      vertex 19.652 1.5657 15
    endloop
  endfacet
  facet normal 0.904808 -0.425821 0
    outer loop
      vertex 19.652 1.5657 4
      vertex 19.4782 1.1964 15
      vertex 19.4782 1.1964 4
    endloop
  endfacet
  facet normal 0.998031 -0.0627242 0
    outer loop
      vertex 19.25 0 15
      vertex 19.2756 0.407332 4
      vertex 19.2756 0.407332 15
    endloop
  endfacet
  facet normal 0.998031 -0.0627242 0
    outer loop
      vertex 19.2756 0.407332 4
      vertex 19.25 0 15
      vertex 19.25 0 4
    endloop
  endfacet
  facet normal 0.587778 -0.809022 0
    outer loop
      vertex 20.4284 2.50417 4
      vertex 20.7586 2.74407 15
      vertex 20.4284 2.50417 15
    endloop
  endfacet
  facet normal 0.587778 -0.809022 0
    outer loop
      vertex 20.7586 2.74407 15
      vertex 20.4284 2.50417 4
      vertex 20.7586 2.74407 4
    endloop
  endfacet
  facet normal -0.368093 0.929789 0
    outer loop
      vertex 23.8838 -2.94069 4
      vertex 23.5043 -3.09093 15
      vertex 23.8838 -2.94069 15
    endloop
  endfacet
  facet normal -0.368093 0.929789 0
    outer loop
      vertex 23.5043 -3.09093 15
      vertex 23.8838 -2.94069 4
      vertex 23.5043 -3.09093 4
    endloop
  endfacet
  facet normal -0.770466 0.637481 0
    outer loop
      vertex 24.8691 -2.22478 4
      vertex 25.1293 -1.9103 15
      vertex 25.1293 -1.9103 4
    endloop
  endfacet
  facet normal -0.770466 0.637481 0
    outer loop
      vertex 25.1293 -1.9103 15
      vertex 24.8691 -2.22478 4
      vertex 24.8691 -2.22478 15
    endloop
  endfacet
  facet normal -0.587778 0.809022 0
    outer loop
      vertex 24.5716 -2.50417 4
      vertex 24.2414 -2.74407 15
      vertex 24.5716 -2.50417 15
    endloop
  endfacet
  facet normal -0.587778 0.809022 0
    outer loop
      vertex 24.2414 -2.74407 15
      vertex 24.5716 -2.50417 4
      vertex 24.2414 -2.74407 4
    endloop
  endfacet
  facet normal -0.844317 0.535845 0
    outer loop
      vertex 25.1293 -1.9103 4
      vertex 25.348 -1.5657 15
      vertex 25.348 -1.5657 4
    endloop
  endfacet
  facet normal -0.844317 0.535845 0
    outer loop
      vertex 25.348 -1.5657 15
      vertex 25.1293 -1.9103 4
      vertex 25.1293 -1.9103 15
    endloop
  endfacet
  facet normal 0.587778 0.809022 -0
    outer loop
      vertex 20.7586 -2.74407 4
      vertex 20.4284 -2.50417 15
      vertex 20.7586 -2.74407 15
    endloop
  endfacet
  facet normal 0.587778 0.809022 0
    outer loop
      vertex 20.4284 -2.50417 15
      vertex 20.7586 -2.74407 4
      vertex 20.4284 -2.50417 4
    endloop
  endfacet
  facet normal 0.2487 0.968581 -0
    outer loop
      vertex 21.891 -3.19243 4
      vertex 21.4957 -3.09093 15
      vertex 21.891 -3.19243 15
    endloop
  endfacet
  facet normal 0.2487 0.968581 0
    outer loop
      vertex 21.4957 -3.09093 15
      vertex 21.891 -3.19243 4
      vertex 21.4957 -3.09093 4
    endloop
  endfacet
  facet normal 0.951071 0.308972 0
    outer loop
      vertex 19.4782 -1.1964 15
      vertex 19.3521 -0.808242 4
      vertex 19.3521 -0.808242 15
    endloop
  endfacet
  facet normal 0.951071 0.308972 0
    outer loop
      vertex 19.3521 -0.808242 4
      vertex 19.4782 -1.1964 15
      vertex 19.4782 -1.1964 4
    endloop
  endfacet
  facet normal 0.844317 0.535845 0
    outer loop
      vertex 19.8707 -1.9103 15
      vertex 19.652 -1.5657 4
      vertex 19.652 -1.5657 15
    endloop
  endfacet
  facet normal 0.844317 0.535845 0
    outer loop
      vertex 19.652 -1.5657 4
      vertex 19.8707 -1.9103 15
      vertex 19.8707 -1.9103 4
    endloop
  endfacet
  facet normal 0.904808 0.425821 0
    outer loop
      vertex 19.652 -1.5657 15
      vertex 19.4782 -1.1964 4
      vertex 19.4782 -1.1964 15
    endloop
  endfacet
  facet normal 0.904808 0.425821 0
    outer loop
      vertex 19.4782 -1.1964 4
      vertex 19.652 -1.5657 15
      vertex 19.652 -1.5657 4
    endloop
  endfacet
  facet normal -0.982277 -0.187434 0
    outer loop
      vertex 25.7244 0.407332 4
      vertex 25.6479 0.808242 15
      vertex 25.6479 0.808242 4
    endloop
  endfacet
  facet normal -0.982277 -0.187434 0
    outer loop
      vertex 25.6479 0.808242 15
      vertex 25.7244 0.407332 4
      vertex 25.7244 0.407332 15
    endloop
  endfacet
  facet normal 0.844317 -0.535845 0
    outer loop
      vertex 19.652 1.5657 15
      vertex 19.8707 1.9103 4
      vertex 19.8707 1.9103 15
    endloop
  endfacet
  facet normal 0.844317 -0.535845 0
    outer loop
      vertex 19.8707 1.9103 4
      vertex 19.652 1.5657 15
      vertex 19.652 1.5657 4
    endloop
  endfacet
  facet normal 0.998031 0.0627242 0
    outer loop
      vertex 19.2756 -0.407332 15
      vertex 19.25 0 4
      vertex 19.25 0 15
    endloop
  endfacet
  facet normal 0.998031 0.0627242 0
    outer loop
      vertex 19.25 0 4
      vertex 19.2756 -0.407332 15
      vertex 19.2756 -0.407332 4
    endloop
  endfacet
  facet normal 0.982277 -0.187434 0
    outer loop
      vertex 19.2756 0.407332 15
      vertex 19.3521 0.808242 4
      vertex 19.3521 0.808242 15
    endloop
  endfacet
  facet normal 0.982277 -0.187434 0
    outer loop
      vertex 19.3521 0.808242 4
      vertex 19.2756 0.407332 15
      vertex 19.2756 0.407332 4
    endloop
  endfacet
  facet normal 0.125356 -0.992112 0
    outer loop
      vertex 21.891 3.19243 4
      vertex 22.2959 3.24359 15
      vertex 21.891 3.19243 15
    endloop
  endfacet
  facet normal 0.125356 -0.992112 0
    outer loop
      vertex 22.2959 3.24359 15
      vertex 21.891 3.19243 4
      vertex 22.2959 3.24359 4
    endloop
  endfacet
  facet normal 0.2487 -0.968581 0
    outer loop
      vertex 21.4957 3.09093 4
      vertex 21.891 3.19243 15
      vertex 21.4957 3.09093 15
    endloop
  endfacet
  facet normal 0.2487 -0.968581 0
    outer loop
      vertex 21.891 3.19243 15
      vertex 21.4957 3.09093 4
      vertex 21.891 3.19243 4
    endloop
  endfacet
  facet normal -0.125356 0.992112 0
    outer loop
      vertex 23.109 -3.19243 4
      vertex 22.7041 -3.24359 15
      vertex 23.109 -3.19243 15
    endloop
  endfacet
  facet normal -0.125356 0.992112 0
    outer loop
      vertex 22.7041 -3.24359 15
      vertex 23.109 -3.19243 4
      vertex 22.7041 -3.24359 4
    endloop
  endfacet
  facet normal -0.2487 0.968581 0
    outer loop
      vertex 23.5043 -3.09093 4
      vertex 23.109 -3.19243 15
      vertex 23.5043 -3.09093 15
    endloop
  endfacet
  facet normal -0.2487 0.968581 0
    outer loop
      vertex 23.109 -3.19243 15
      vertex 23.5043 -3.09093 4
      vertex 23.109 -3.19243 4
    endloop
  endfacet
  facet normal -0.684572 0.728946 0
    outer loop
      vertex 24.8691 -2.22478 4
      vertex 24.5716 -2.50417 15
      vertex 24.8691 -2.22478 15
    endloop
  endfacet
  facet normal -0.684572 0.728946 0
    outer loop
      vertex 24.5716 -2.50417 15
      vertex 24.8691 -2.22478 4
      vertex 24.5716 -2.50417 4
    endloop
  endfacet
  facet normal -0.951071 0.308972 0
    outer loop
      vertex 25.5218 -1.1964 4
      vertex 25.6479 -0.808242 15
      vertex 25.6479 -0.808242 4
    endloop
  endfacet
  facet normal -0.951071 0.308972 0
    outer loop
      vertex 25.6479 -0.808242 15
      vertex 25.5218 -1.1964 4
      vertex 25.5218 -1.1964 15
    endloop
  endfacet
  facet normal -0.904808 0.425821 0
    outer loop
      vertex 25.348 -1.5657 4
      vertex 25.5218 -1.1964 15
      vertex 25.5218 -1.1964 4
    endloop
  endfacet
  facet normal -0.904808 0.425821 0
    outer loop
      vertex 25.5218 -1.1964 15
      vertex 25.348 -1.5657 4
      vertex 25.348 -1.5657 15
    endloop
  endfacet
  facet normal 0.125356 0.992112 -0
    outer loop
      vertex 22.2959 -3.24359 4
      vertex 21.891 -3.19243 15
      vertex 22.2959 -3.24359 15
    endloop
  endfacet
  facet normal 0.125356 0.992112 0
    outer loop
      vertex 21.891 -3.19243 15
      vertex 22.2959 -3.24359 4
      vertex 21.891 -3.19243 4
    endloop
  endfacet
  facet normal 0.481806 0.876278 -0
    outer loop
      vertex 21.1162 -2.94069 4
      vertex 20.7586 -2.74407 15
      vertex 21.1162 -2.94069 15
    endloop
  endfacet
  facet normal 0.481806 0.876278 0
    outer loop
      vertex 20.7586 -2.74407 15
      vertex 21.1162 -2.94069 4
      vertex 20.7586 -2.74407 4
    endloop
  endfacet
  facet normal 0.368093 0.929789 -0
    outer loop
      vertex 21.4957 -3.09093 4
      vertex 21.1162 -2.94069 15
      vertex 21.4957 -3.09093 15
    endloop
  endfacet
  facet normal 0.368093 0.929789 0
    outer loop
      vertex 21.1162 -2.94069 15
      vertex 21.4957 -3.09093 4
      vertex 21.1162 -2.94069 4
    endloop
  endfacet
  facet normal 0 1 -0
    outer loop
      vertex 22.7041 -3.24359 4
      vertex 22.2959 -3.24359 15
      vertex 22.7041 -3.24359 15
    endloop
  endfacet
  facet normal 0 1 0
    outer loop
      vertex 22.2959 -3.24359 15
      vertex 22.7041 -3.24359 4
      vertex 22.2959 -3.24359 4
    endloop
  endfacet
  facet normal 0.684572 0.728946 -0
    outer loop
      vertex 20.4284 -2.50417 4
      vertex 20.1309 -2.22478 15
      vertex 20.4284 -2.50417 15
    endloop
  endfacet
  facet normal 0.684572 0.728946 0
    outer loop
      vertex 20.1309 -2.22478 15
      vertex 20.4284 -2.50417 4
      vertex 20.1309 -2.22478 4
    endloop
  endfacet
  facet normal 0.982277 0.187434 0
    outer loop
      vertex 19.3521 -0.808242 15
      vertex 19.2756 -0.407332 4
      vertex 19.2756 -0.407332 15
    endloop
  endfacet
  facet normal 0.982277 0.187434 0
    outer loop
      vertex 19.2756 -0.407332 4
      vertex 19.3521 -0.808242 15
      vertex 19.3521 -0.808242 4
    endloop
  endfacet
  facet normal -0.770466 -0.637481 0
    outer loop
      vertex 25.1293 1.9103 4
      vertex 24.8691 2.22478 15
      vertex 24.8691 2.22478 4
    endloop
  endfacet
  facet normal -0.770466 -0.637481 0
    outer loop
      vertex 24.8691 2.22478 15
      vertex 25.1293 1.9103 4
      vertex 25.1293 1.9103 15
    endloop
  endfacet
  facet normal -0.125356 -0.992112 0
    outer loop
      vertex 22.7041 3.24359 4
      vertex 23.109 3.19243 15
      vertex 22.7041 3.24359 15
    endloop
  endfacet
  facet normal -0.125356 -0.992112 -0
    outer loop
      vertex 23.109 3.19243 15
      vertex 22.7041 3.24359 4
      vertex 23.109 3.19243 4
    endloop
  endfacet
  facet normal -0.481806 -0.876278 0
    outer loop
      vertex 23.8838 2.94069 4
      vertex 24.2414 2.74407 15
      vertex 23.8838 2.94069 15
    endloop
  endfacet
  facet normal -0.481806 -0.876278 -0
    outer loop
      vertex 24.2414 2.74407 15
      vertex 23.8838 2.94069 4
      vertex 24.2414 2.74407 4
    endloop
  endfacet
  facet normal 0.684572 -0.728946 0
    outer loop
      vertex 20.1309 2.22478 4
      vertex 20.4284 2.50417 15
      vertex 20.1309 2.22478 15
    endloop
  endfacet
  facet normal 0.684572 -0.728946 0
    outer loop
      vertex 20.4284 2.50417 15
      vertex 20.1309 2.22478 4
      vertex 20.4284 2.50417 4
    endloop
  endfacet
  facet normal 0.368093 -0.929789 0
    outer loop
      vertex 21.1162 2.94069 4
      vertex 21.4957 3.09093 15
      vertex 21.1162 2.94069 15
    endloop
  endfacet
  facet normal 0.368093 -0.929789 0
    outer loop
      vertex 21.4957 3.09093 15
      vertex 21.1162 2.94069 4
      vertex 21.4957 3.09093 4
    endloop
  endfacet
  facet normal -0.481806 0.876278 0
    outer loop
      vertex 24.2414 -2.74407 4
      vertex 23.8838 -2.94069 15
      vertex 24.2414 -2.74407 15
    endloop
  endfacet
  facet normal -0.481806 0.876278 0
    outer loop
      vertex 23.8838 -2.94069 15
      vertex 24.2414 -2.74407 4
      vertex 23.8838 -2.94069 4
    endloop
  endfacet
  facet normal -0.982277 0.187434 0
    outer loop
      vertex 25.6479 -0.808242 4
      vertex 25.7244 -0.407332 15
      vertex 25.7244 -0.407332 4
    endloop
  endfacet
  facet normal -0.982277 0.187434 0
    outer loop
      vertex 25.7244 -0.407332 15
      vertex 25.6479 -0.808242 4
      vertex 25.6479 -0.808242 15
    endloop
  endfacet
  facet normal -0.998031 0.0627242 0
    outer loop
      vertex 25.7244 -0.407332 4
      vertex 25.75 0 15
      vertex 25.75 0 4
    endloop
  endfacet
  facet normal -0.998031 0.0627242 0
    outer loop
      vertex 25.75 0 15
      vertex 25.7244 -0.407332 4
      vertex 25.7244 -0.407332 15
    endloop
  endfacet
  facet normal -0.770486 -0.637457 0
    outer loop
      vertex 25.1293 16.9103 4
      vertex 24.8691 17.2248 15
      vertex 24.8691 17.2248 4
    endloop
  endfacet
  facet normal -0.770486 -0.637457 0
    outer loop
      vertex 24.8691 17.2248 15
      vertex 25.1293 16.9103 4
      vertex 25.1293 16.9103 15
    endloop
  endfacet
  facet normal -0.2487 -0.968581 0
    outer loop
      vertex 23.109 18.1924 4
      vertex 23.5043 18.0909 15
      vertex 23.109 18.1924 15
    endloop
  endfacet
  facet normal -0.2487 -0.968581 -0
    outer loop
      vertex 23.5043 18.0909 15
      vertex 23.109 18.1924 4
      vertex 23.5043 18.0909 4
    endloop
  endfacet
  facet normal 0.481768 -0.876299 0
    outer loop
      vertex 20.7586 17.7441 4
      vertex 21.1162 17.9407 15
      vertex 20.7586 17.7441 15
    endloop
  endfacet
  facet normal 0.481768 -0.876299 0
    outer loop
      vertex 21.1162 17.9407 15
      vertex 20.7586 17.7441 4
      vertex 21.1162 17.9407 4
    endloop
  endfacet
  facet normal 0.951081 -0.308942 0
    outer loop
      vertex 19.3521 15.8082 15
      vertex 19.4782 16.1964 4
      vertex 19.4782 16.1964 15
    endloop
  endfacet
  facet normal 0.951081 -0.308942 0
    outer loop
      vertex 19.4782 16.1964 4
      vertex 19.3521 15.8082 15
      vertex 19.3521 15.8082 4
    endloop
  endfacet
  facet normal -0.982276 0.187439 0
    outer loop
      vertex 25.6479 14.1918 4
      vertex 25.7244 14.5927 15
      vertex 25.7244 14.5927 4
    endloop
  endfacet
  facet normal -0.982276 0.187439 0
    outer loop
      vertex 25.7244 14.5927 15
      vertex 25.6479 14.1918 4
      vertex 25.6479 14.1918 15
    endloop
  endfacet
  facet normal -0.587778 -0.809022 0
    outer loop
      vertex 24.2414 17.7441 4
      vertex 24.5716 17.5042 15
      vertex 24.2414 17.7441 15
    endloop
  endfacet
  facet normal -0.587778 -0.809022 -0
    outer loop
      vertex 24.5716 17.5042 15
      vertex 24.2414 17.7441 4
      vertex 24.5716 17.5042 4
    endloop
  endfacet
  facet normal -0.481768 -0.876299 0
    outer loop
      vertex 23.8838 17.9407 4
      vertex 24.2414 17.7441 15
      vertex 23.8838 17.9407 15
    endloop
  endfacet
  facet normal -0.481768 -0.876299 -0
    outer loop
      vertex 24.2414 17.7441 15
      vertex 23.8838 17.9407 4
      vertex 24.2414 17.7441 4
    endloop
  endfacet
  facet normal 0.998031 0.0627292 0
    outer loop
      vertex 19.2756 14.5927 15
      vertex 19.25 15 4
      vertex 19.25 15 15
    endloop
  endfacet
  facet normal 0.998031 0.0627292 0
    outer loop
      vertex 19.25 15 4
      vertex 19.2756 14.5927 15
      vertex 19.2756 14.5927 4
    endloop
  endfacet
  facet normal 0.844317 -0.535845 0
    outer loop
      vertex 19.652 16.5657 15
      vertex 19.8707 16.9103 4
      vertex 19.8707 16.9103 15
    endloop
  endfacet
  facet normal 0.844317 -0.535845 0
    outer loop
      vertex 19.8707 16.9103 4
      vertex 19.652 16.5657 15
      vertex 19.652 16.5657 4
    endloop
  endfacet
  facet normal 0.587778 -0.809022 0
    outer loop
      vertex 20.4284 17.5042 4
      vertex 20.7586 17.7441 15
      vertex 20.4284 17.5042 15
    endloop
  endfacet
  facet normal 0.587778 -0.809022 0
    outer loop
      vertex 20.7586 17.7441 15
      vertex 20.4284 17.5042 4
      vertex 20.7586 17.7441 4
    endloop
  endfacet
  facet normal 0.368009 -0.929822 0
    outer loop
      vertex 21.1162 17.9407 4
      vertex 21.4957 18.0909 15
      vertex 21.1162 17.9407 15
    endloop
  endfacet
  facet normal 0.368009 -0.929822 0
    outer loop
      vertex 21.4957 18.0909 15
      vertex 21.1162 17.9407 4
      vertex 21.4957 18.0909 4
    endloop
  endfacet
  facet normal -0.998031 -0.0627292 0
    outer loop
      vertex 25.75 15 4
      vertex 25.7244 15.4073 15
      vertex 25.7244 15.4073 4
    endloop
  endfacet
  facet normal -0.998031 -0.0627292 0
    outer loop
      vertex 25.7244 15.4073 15
      vertex 25.75 15 4
      vertex 25.75 15 15
    endloop
  endfacet
  facet normal -0.951081 0.308942 0
    outer loop
      vertex 25.5218 13.8036 4
      vertex 25.6479 14.1918 15
      vertex 25.6479 14.1918 4
    endloop
  endfacet
  facet normal -0.951081 0.308942 0
    outer loop
      vertex 25.6479 14.1918 15
      vertex 25.5218 13.8036 4
      vertex 25.5218 13.8036 15
    endloop
  endfacet
  facet normal -0.587778 0.809022 0
    outer loop
      vertex 24.5716 12.4958 4
      vertex 24.2414 12.2559 15
      vertex 24.5716 12.4958 15
    endloop
  endfacet
  facet normal -0.587778 0.809022 0
    outer loop
      vertex 24.2414 12.2559 15
      vertex 24.5716 12.4958 4
      vertex 24.2414 12.2559 4
    endloop
  endfacet
  facet normal -0.982276 -0.187439 0
    outer loop
      vertex 25.7244 15.4073 4
      vertex 25.6479 15.8082 15
      vertex 25.6479 15.8082 4
    endloop
  endfacet
  facet normal -0.982276 -0.187439 0
    outer loop
      vertex 25.6479 15.8082 15
      vertex 25.7244 15.4073 4
      vertex 25.7244 15.4073 15
    endloop
  endfacet
  facet normal -0.684585 -0.728933 0
    outer loop
      vertex 24.5716 17.5042 4
      vertex 24.8691 17.2248 15
      vertex 24.5716 17.5042 15
    endloop
  endfacet
  facet normal -0.684585 -0.728933 -0
    outer loop
      vertex 24.8691 17.2248 15
      vertex 24.5716 17.5042 4
      vertex 24.8691 17.2248 4
    endloop
  endfacet
  facet normal 0.125452 -0.9921 0
    outer loop
      vertex 21.891 18.1924 4
      vertex 22.2959 18.2436 15
      vertex 21.891 18.1924 15
    endloop
  endfacet
  facet normal 0.125452 -0.9921 0
    outer loop
      vertex 22.2959 18.2436 15
      vertex 21.891 18.1924 4
      vertex 22.2959 18.2436 4
    endloop
  endfacet
  facet normal -0.125452 -0.9921 0
    outer loop
      vertex 22.7041 18.2436 4
      vertex 23.109 18.1924 15
      vertex 22.7041 18.2436 15
    endloop
  endfacet
  facet normal -0.125452 -0.9921 -0
    outer loop
      vertex 23.109 18.1924 15
      vertex 22.7041 18.2436 4
      vertex 23.109 18.1924 4
    endloop
  endfacet
  facet normal -0.368009 -0.929822 0
    outer loop
      vertex 23.5043 18.0909 4
      vertex 23.8838 17.9407 15
      vertex 23.5043 18.0909 15
    endloop
  endfacet
  facet normal -0.368009 -0.929822 -0
    outer loop
      vertex 23.8838 17.9407 15
      vertex 23.5043 18.0909 4
      vertex 23.8838 17.9407 4
    endloop
  endfacet
  facet normal 0.982276 -0.187439 0
    outer loop
      vertex 19.2756 15.4073 15
      vertex 19.3521 15.8082 4
      vertex 19.3521 15.8082 15
    endloop
  endfacet
  facet normal 0.982276 -0.187439 0
    outer loop
      vertex 19.3521 15.8082 4
      vertex 19.2756 15.4073 15
      vertex 19.2756 15.4073 4
    endloop
  endfacet
  facet normal 0.998031 -0.0627292 0
    outer loop
      vertex 19.25 15 15
      vertex 19.2756 15.4073 4
      vertex 19.2756 15.4073 15
    endloop
  endfacet
  facet normal 0.998031 -0.0627292 0
    outer loop
      vertex 19.2756 15.4073 4
      vertex 19.25 15 15
      vertex 19.25 15 4
    endloop
  endfacet
  facet normal 0.904808 -0.425821 0
    outer loop
      vertex 19.4782 16.1964 15
      vertex 19.652 16.5657 4
      vertex 19.652 16.5657 15
    endloop
  endfacet
  facet normal 0.904808 -0.425821 0
    outer loop
      vertex 19.652 16.5657 4
      vertex 19.4782 16.1964 15
      vertex 19.4782 16.1964 4
    endloop
  endfacet
  facet normal 0.2487 -0.968581 0
    outer loop
      vertex 21.4957 18.0909 4
      vertex 21.891 18.1924 15
      vertex 21.4957 18.0909 15
    endloop
  endfacet
  facet normal 0.2487 -0.968581 0
    outer loop
      vertex 21.891 18.1924 15
      vertex 21.4957 18.0909 4
      vertex 21.891 18.1924 4
    endloop
  endfacet
  facet normal 0.684585 -0.728933 0
    outer loop
      vertex 20.1309 17.2248 4
      vertex 20.4284 17.5042 15
      vertex 20.1309 17.2248 15
    endloop
  endfacet
  facet normal 0.684585 -0.728933 0
    outer loop
      vertex 20.4284 17.5042 15
      vertex 20.1309 17.2248 4
      vertex 20.4284 17.5042 4
    endloop
  endfacet
  facet normal 0.770486 -0.637457 0
    outer loop
      vertex 19.8707 16.9103 15
      vertex 20.1309 17.2248 4
      vertex 20.1309 17.2248 15
    endloop
  endfacet
  facet normal 0.770486 -0.637457 0
    outer loop
      vertex 20.1309 17.2248 4
      vertex 19.8707 16.9103 15
      vertex 19.8707 16.9103 4
    endloop
  endfacet
  facet normal -0.998031 0.0627292 0
    outer loop
      vertex 25.7244 14.5927 4
      vertex 25.75 15 15
      vertex 25.75 15 4
    endloop
  endfacet
  facet normal -0.998031 0.0627292 0
    outer loop
      vertex 25.75 15 15
      vertex 25.7244 14.5927 4
      vertex 25.7244 14.5927 15
    endloop
  endfacet
  facet normal -0.844317 0.535845 0
    outer loop
      vertex 25.1293 13.0897 4
      vertex 25.348 13.4343 15
      vertex 25.348 13.4343 4
    endloop
  endfacet
  facet normal -0.844317 0.535845 0
    outer loop
      vertex 25.348 13.4343 15
      vertex 25.1293 13.0897 4
      vertex 25.1293 13.0897 15
    endloop
  endfacet
  facet normal 0.770486 0.637457 0
    outer loop
      vertex 20.1309 12.7752 15
      vertex 19.8707 13.0897 4
      vertex 19.8707 13.0897 15
    endloop
  endfacet
  facet normal 0.770486 0.637457 0
    outer loop
      vertex 19.8707 13.0897 4
      vertex 20.1309 12.7752 15
      vertex 20.1309 12.7752 4
    endloop
  endfacet
  facet normal -0.2487 0.968581 0
    outer loop
      vertex 23.5043 11.9091 4
      vertex 23.109 11.8076 15
      vertex 23.5043 11.9091 15
    endloop
  endfacet
  facet normal -0.2487 0.968581 0
    outer loop
      vertex 23.109 11.8076 15
      vertex 23.5043 11.9091 4
      vertex 23.109 11.8076 4
    endloop
  endfacet
  facet normal -0.684585 0.728933 0
    outer loop
      vertex 24.8691 12.7752 4
      vertex 24.5716 12.4958 15
      vertex 24.8691 12.7752 15
    endloop
  endfacet
  facet normal -0.684585 0.728933 0
    outer loop
      vertex 24.5716 12.4958 15
      vertex 24.8691 12.7752 4
      vertex 24.5716 12.4958 4
    endloop
  endfacet
  facet normal -0.844317 -0.535845 0
    outer loop
      vertex 25.348 16.5657 4
      vertex 25.1293 16.9103 15
      vertex 25.1293 16.9103 4
    endloop
  endfacet
  facet normal -0.844317 -0.535845 0
    outer loop
      vertex 25.1293 16.9103 15
      vertex 25.348 16.5657 4
      vertex 25.348 16.5657 15
    endloop
  endfacet
  facet normal -0.904808 -0.425821 0
    outer loop
      vertex 25.5218 16.1964 4
      vertex 25.348 16.5657 15
      vertex 25.348 16.5657 4
    endloop
  endfacet
  facet normal -0.904808 -0.425821 0
    outer loop
      vertex 25.348 16.5657 15
      vertex 25.5218 16.1964 4
      vertex 25.5218 16.1964 15
    endloop
  endfacet
  facet normal -0.951081 -0.308942 0
    outer loop
      vertex 25.6479 15.8082 4
      vertex 25.5218 16.1964 15
      vertex 25.5218 16.1964 4
    endloop
  endfacet
  facet normal -0.951081 -0.308942 0
    outer loop
      vertex 25.5218 16.1964 15
      vertex 25.6479 15.8082 4
      vertex 25.6479 15.8082 15
    endloop
  endfacet
  facet normal 0 -1 0
    outer loop
      vertex 22.2959 18.2436 4
      vertex 22.7041 18.2436 15
      vertex 22.2959 18.2436 15
    endloop
  endfacet
  facet normal 0 -1 -0
    outer loop
      vertex 22.7041 18.2436 15
      vertex 22.2959 18.2436 4
      vertex 22.7041 18.2436 4
    endloop
  endfacet
  facet normal -0.904808 0.425821 0
    outer loop
      vertex 25.348 13.4343 4
      vertex 25.5218 13.8036 15
      vertex 25.5218 13.8036 4
    endloop
  endfacet
  facet normal -0.904808 0.425821 0
    outer loop
      vertex 25.5218 13.8036 15
      vertex 25.348 13.4343 4
      vertex 25.348 13.4343 15
    endloop
  endfacet
  facet normal 0.125452 0.9921 -0
    outer loop
      vertex 22.2959 11.7564 4
      vertex 21.891 11.8076 15
      vertex 22.2959 11.7564 15
    endloop
  endfacet
  facet normal 0.125452 0.9921 0
    outer loop
      vertex 21.891 11.8076 15
      vertex 22.2959 11.7564 4
      vertex 21.891 11.8076 4
    endloop
  endfacet
  facet normal 0.982276 0.187439 0
    outer loop
      vertex 19.3521 14.1918 15
      vertex 19.2756 14.5927 4
      vertex 19.2756 14.5927 15
    endloop
  endfacet
  facet normal 0.982276 0.187439 0
    outer loop
      vertex 19.2756 14.5927 4
      vertex 19.3521 14.1918 15
      vertex 19.3521 14.1918 4
    endloop
  endfacet
  facet normal 0.951081 0.308942 0
    outer loop
      vertex 19.4782 13.8036 15
      vertex 19.3521 14.1918 4
      vertex 19.3521 14.1918 15
    endloop
  endfacet
  facet normal 0.951081 0.308942 0
    outer loop
      vertex 19.3521 14.1918 4
      vertex 19.4782 13.8036 15
      vertex 19.4782 13.8036 4
    endloop
  endfacet
  facet normal 0.844317 0.535845 0
    outer loop
      vertex 19.8707 13.0897 15
      vertex 19.652 13.4343 4
      vertex 19.652 13.4343 15
    endloop
  endfacet
  facet normal 0.844317 0.535845 0
    outer loop
      vertex 19.652 13.4343 4
      vertex 19.8707 13.0897 15
      vertex 19.8707 13.0897 4
    endloop
  endfacet
  facet normal 0.587778 0.809022 -0
    outer loop
      vertex 20.7586 12.2559 4
      vertex 20.4284 12.4958 15
      vertex 20.7586 12.2559 15
    endloop
  endfacet
  facet normal 0.587778 0.809022 0
    outer loop
      vertex 20.4284 12.4958 15
      vertex 20.7586 12.2559 4
      vertex 20.4284 12.4958 4
    endloop
  endfacet
  facet normal -0.481768 0.876299 0
    outer loop
      vertex 24.2414 12.2559 4
      vertex 23.8838 12.0593 15
      vertex 24.2414 12.2559 15
    endloop
  endfacet
  facet normal -0.481768 0.876299 0
    outer loop
      vertex 23.8838 12.0593 15
      vertex 24.2414 12.2559 4
      vertex 23.8838 12.0593 4
    endloop
  endfacet
  facet normal -0.368009 0.929822 0
    outer loop
      vertex 23.8838 12.0593 4
      vertex 23.5043 11.9091 15
      vertex 23.8838 12.0593 15
    endloop
  endfacet
  facet normal -0.368009 0.929822 0
    outer loop
      vertex 23.5043 11.9091 15
      vertex 23.8838 12.0593 4
      vertex 23.5043 11.9091 4
    endloop
  endfacet
  facet normal -0.770486 0.637457 0
    outer loop
      vertex 24.8691 12.7752 4
      vertex 25.1293 13.0897 15
      vertex 25.1293 13.0897 4
    endloop
  endfacet
  facet normal -0.770486 0.637457 0
    outer loop
      vertex 25.1293 13.0897 15
      vertex 24.8691 12.7752 4
      vertex 24.8691 12.7752 15
    endloop
  endfacet
  facet normal 0.481768 0.876299 -0
    outer loop
      vertex 21.1162 12.0593 4
      vertex 20.7586 12.2559 15
      vertex 21.1162 12.0593 15
    endloop
  endfacet
  facet normal 0.481768 0.876299 0
    outer loop
      vertex 20.7586 12.2559 15
      vertex 21.1162 12.0593 4
      vertex 20.7586 12.2559 4
    endloop
  endfacet
  facet normal 0.368009 0.929822 -0
    outer loop
      vertex 21.4957 11.9091 4
      vertex 21.1162 12.0593 15
      vertex 21.4957 11.9091 15
    endloop
  endfacet
  facet normal 0.368009 0.929822 0
    outer loop
      vertex 21.1162 12.0593 15
      vertex 21.4957 11.9091 4
      vertex 21.1162 12.0593 4
    endloop
  endfacet
  facet normal -0.125452 0.9921 0
    outer loop
      vertex 23.109 11.8076 4
      vertex 22.7041 11.7564 15
      vertex 23.109 11.8076 15
    endloop
  endfacet
  facet normal -0.125452 0.9921 0
    outer loop
      vertex 22.7041 11.7564 15
      vertex 23.109 11.8076 4
      vertex 22.7041 11.7564 4
    endloop
  endfacet
  facet normal 0.2487 0.968581 -0
    outer loop
      vertex 21.891 11.8076 4
      vertex 21.4957 11.9091 15
      vertex 21.891 11.8076 15
    endloop
  endfacet
  facet normal 0.2487 0.968581 0
    outer loop
      vertex 21.4957 11.9091 15
      vertex 21.891 11.8076 4
      vertex 21.4957 11.9091 4
    endloop
  endfacet
  facet normal 0 1 -0
    outer loop
      vertex 22.7041 11.7564 4
      vertex 22.2959 11.7564 15
      vertex 22.7041 11.7564 15
    endloop
  endfacet
  facet normal 0 1 0
    outer loop
      vertex 22.2959 11.7564 15
      vertex 22.7041 11.7564 4
      vertex 22.2959 11.7564 4
    endloop
  endfacet
  facet normal 0.904808 0.425821 0
    outer loop
      vertex 19.652 13.4343 15
      vertex 19.4782 13.8036 4
      vertex 19.4782 13.8036 15
    endloop
  endfacet
  facet normal 0.904808 0.425821 0
    outer loop
      vertex 19.4782 13.8036 4
      vertex 19.652 13.4343 15
      vertex 19.652 13.4343 4
    endloop
  endfacet
  facet normal 0.684585 0.728933 -0
    outer loop
      vertex 20.4284 12.4958 4
      vertex 20.1309 12.7752 15
      vertex 20.4284 12.4958 15
    endloop
  endfacet
  facet normal 0.684585 0.728933 0
    outer loop
      vertex 20.1309 12.7752 15
      vertex 20.4284 12.4958 4
      vertex 20.1309 12.7752 4
    endloop
  endfacet
  facet normal 1 -0 0
    outer loop
      vertex 0 -21.9901 4
      vertex 0 21.9901 0
      vertex 0 21.9901 4
    endloop
  endfacet
  facet normal 1 0 0
    outer loop
      vertex 0 21.9901 0
      vertex 0 -21.9901 4
      vertex 0 -21.9901 0
    endloop
  endfacet
  facet normal 0 0 -1
    outer loop
      vertex 19.652 1.5657 4
      vertex 10.348 1.5657 4
      vertex 19.8707 1.9103 4
    endloop
  endfacet
  facet normal 0 0 -1
    outer loop
      vertex 20.1309 12.7752 4
      vertex 10.7244 14.5927 4
      vertex 10.75 15 4
    endloop
  endfacet
  facet normal 0 0 -1
    outer loop
      vertex 10.1293 1.9103 4
      vertex 19.8707 1.9103 4
      vertex 10.348 1.5657 4
    endloop
  endfacet
  facet normal 0 0 -1
    outer loop
      vertex 20.1309 12.7752 4
      vertex 10.6479 14.1918 4
      vertex 10.7244 14.5927 4
    endloop
  endfacet
  facet normal 0 0 -1
    outer loop
      vertex 19.8707 1.9103 4
      vertex 10.1293 1.9103 4
      vertex 20.1309 2.22478 4
    endloop
  endfacet
  facet normal 0 0 -1
    outer loop
      vertex 20.1309 12.7752 4
      vertex 10.5218 13.8036 4
      vertex 10.6479 14.1918 4
    endloop
  endfacet
  facet normal 0 0 -1
    outer loop
      vertex 9.86915 2.22478 4
      vertex 20.1309 2.22478 4
      vertex 10.1293 1.9103 4
    endloop
  endfacet
  facet normal 0 0 -1
    outer loop
      vertex 20.1309 12.7752 4
      vertex 10.348 13.4343 4
      vertex 10.5218 13.8036 4
    endloop
  endfacet
  facet normal 0 0 -1
    outer loop
      vertex 20.1309 2.22478 4
      vertex 9.86915 2.22478 4
      vertex 20.1309 12.7752 4
    endloop
  endfacet
  facet normal 0 0 -1
    outer loop
      vertex 20.1309 12.7752 4
      vertex 10.1293 13.0897 4
      vertex 10.348 13.4343 4
    endloop
  endfacet
  facet normal 0 0 -1
    outer loop
      vertex 9.86915 12.7752 4
      vertex 20.1309 12.7752 4
      vertex 9.86915 2.22478 4
    endloop
  endfacet
  facet normal 0 0 -1
    outer loop
      vertex 20.1309 12.7752 4
      vertex 9.86915 12.7752 4
      vertex 10.1293 13.0897 4
    endloop
  endfacet
  facet normal 0 0 -1
    outer loop
      vertex 9.57163 2.50417 4
      vertex 9.86915 12.7752 4
      vertex 9.86915 2.22478 4
    endloop
  endfacet
  facet normal 0 0 -1
    outer loop
      vertex 9.57163 2.50417 4
      vertex 9.57163 12.4958 4
      vertex 9.86915 12.7752 4
    endloop
  endfacet
  facet normal 0 0 -1
    outer loop
      vertex 9.24144 2.74407 4
      vertex 9.57163 12.4958 4
      vertex 9.57163 2.50417 4
    endloop
  endfacet
  facet normal 0 0 -1
    outer loop
      vertex 9.24144 2.74407 4
      vertex 9.24144 12.2559 4
      vertex 9.57163 12.4958 4
    endloop
  endfacet
  facet normal 0 0 -1
    outer loop
      vertex 8.88378 2.94069 4
      vertex 9.24144 12.2559 4
      vertex 9.24144 2.74407 4
    endloop
  endfacet
  facet normal 0 0 -1
    outer loop
      vertex 8.88378 2.94069 4
      vertex 8.88378 12.0593 4
      vertex 9.24144 12.2559 4
    endloop
  endfacet
  facet normal 0 0 -1
    outer loop
      vertex 8.5043 3.09093 4
      vertex 8.88378 12.0593 4
      vertex 8.88378 2.94069 4
    endloop
  endfacet
  facet normal 0 0 -1
    outer loop
      vertex 8.5043 3.09093 4
      vertex 8.5043 11.9091 4
      vertex 8.88378 12.0593 4
    endloop
  endfacet
  facet normal 0 0 -1
    outer loop
      vertex 8.10899 3.19243 4
      vertex 8.5043 11.9091 4
      vertex 8.5043 3.09093 4
    endloop
  endfacet
  facet normal 0 0 -1
    outer loop
      vertex 8.10899 3.19243 4
      vertex 8.10899 11.8076 4
      vertex 8.5043 11.9091 4
    endloop
  endfacet
  facet normal 0 0 -1
    outer loop
      vertex 7.70407 3.24359 4
      vertex 8.10899 11.8076 4
      vertex 8.10899 3.19243 4
    endloop
  endfacet
  facet normal 0 0 -1
    outer loop
      vertex 7.70407 3.24359 4
      vertex 7.70407 11.7564 4
      vertex 8.10899 11.8076 4
    endloop
  endfacet
  facet normal 0 0 -1
    outer loop
      vertex 7.29593 3.24359 4
      vertex 7.70407 11.7564 4
      vertex 7.70407 3.24359 4
    endloop
  endfacet
  facet normal 0 0 -1
    outer loop
      vertex 7.29593 3.24359 4
      vertex 7.29593 11.7564 4
      vertex 7.70407 11.7564 4
    endloop
  endfacet
  facet normal 0 0 -1
    outer loop
      vertex 6.89101 3.19243 4
      vertex 7.29593 11.7564 4
      vertex 7.29593 3.24359 4
    endloop
  endfacet
  facet normal 0 0 -1
    outer loop
      vertex 6.89101 3.19243 4
      vertex 6.89101 11.8076 4
      vertex 7.29593 11.7564 4
    endloop
  endfacet
  facet normal 0 0 -1
    outer loop
      vertex 6.49569 3.09093 4
      vertex 6.89101 11.8076 4
      vertex 6.89101 3.19243 4
    endloop
  endfacet
  facet normal 0 0 -1
    outer loop
      vertex 6.49569 3.09093 4
      vertex 6.49569 11.9091 4
      vertex 6.89101 11.8076 4
    endloop
  endfacet
  facet normal 0 0 -1
    outer loop
      vertex 6.11622 2.94069 4
      vertex 6.49569 11.9091 4
      vertex 6.49569 3.09093 4
    endloop
  endfacet
  facet normal 0 0 -1
    outer loop
      vertex 6.11622 2.94069 4
      vertex 6.11622 12.0593 4
      vertex 6.49569 11.9091 4
    endloop
  endfacet
  facet normal 0 0 -1
    outer loop
      vertex 5.75856 2.74407 4
      vertex 6.11622 12.0593 4
      vertex 6.11622 2.94069 4
    endloop
  endfacet
  facet normal 0 0 -1
    outer loop
      vertex 5.75856 2.74407 4
      vertex 5.75856 12.2559 4
      vertex 6.11622 12.0593 4
    endloop
  endfacet
  facet normal 0 0 -1
    outer loop
      vertex 5.42837 2.50417 4
      vertex 5.75856 12.2559 4
      vertex 5.75856 2.74407 4
    endloop
  endfacet
  facet normal 0 0 -1
    outer loop
      vertex 5.42837 2.50417 4
      vertex 5.42837 12.4958 4
      vertex 5.75856 12.2559 4
    endloop
  endfacet
  facet normal 0 0 -1
    outer loop
      vertex 5.13085 2.22478 4
      vertex 5.42837 12.4958 4
      vertex 5.42837 2.50417 4
    endloop
  endfacet
  facet normal 0 0 -1
    outer loop
      vertex 5.13085 2.22478 4
      vertex 5.13085 12.7752 4
      vertex 5.42837 12.4958 4
    endloop
  endfacet
  facet normal 0 0 -1
    outer loop
      vertex 4.87069 1.9103 4
      vertex 5.13085 12.7752 4
      vertex 5.13085 2.22478 4
    endloop
  endfacet
  facet normal 0 0 -1
    outer loop
      vertex 4.87069 1.9103 4
      vertex 4.87069 13.0897 4
      vertex 5.13085 12.7752 4
    endloop
  endfacet
  facet normal 0 0 -1
    outer loop
      vertex 4.652 1.5657 4
      vertex 4.87069 13.0897 4
      vertex 4.87069 1.9103 4
    endloop
  endfacet
  facet normal 0 0 -1
    outer loop
      vertex 4.652 1.5657 4
      vertex 4.652 13.4343 4
      vertex 4.87069 13.0897 4
    endloop
  endfacet
  facet normal 0 0 -1
    outer loop
      vertex 4.47823 1.1964 4
      vertex 4.652 13.4343 4
      vertex 4.652 1.5657 4
    endloop
  endfacet
  facet normal 0 0 -1
    outer loop
      vertex 4.47823 1.1964 4
      vertex 4.47823 13.8036 4
      vertex 4.652 13.4343 4
    endloop
  endfacet
  facet normal 0 0 -1
    outer loop
      vertex 4.3521 0.808242 4
      vertex 4.47823 13.8036 4
      vertex 4.47823 1.1964 4
    endloop
  endfacet
  facet normal 0 0 -1
    outer loop
      vertex 4.3521 0.808242 4
      vertex 4.3521 14.1918 4
      vertex 4.47823 13.8036 4
    endloop
  endfacet
  facet normal 0 0 -1
    outer loop
      vertex 0 21.9901 4
      vertex 4.3521 0.808242 4
      vertex 4.27563 0.407332 4
    endloop
  endfacet
  facet normal 0 0 -1
    outer loop
      vertex 4.3521 0.808242 4
      vertex 0 21.9901 4
      vertex 4.3521 14.1918 4
    endloop
  endfacet
  facet normal 0 0 -1
    outer loop
      vertex 0 21.9901 4
      vertex 4.27563 0.407332 4
      vertex 4.25 0 4
    endloop
  endfacet
  facet normal 0 0 -1
    outer loop
      vertex 4.3521 14.1918 4
      vertex 0 21.9901 4
      vertex 4.27563 14.5927 4
    endloop
  endfacet
  facet normal 0 0 -1
    outer loop
      vertex 19.652 -13.4343 4
      vertex 10.348 -13.4343 4
      vertex 19.8707 -13.0897 4
    endloop
  endfacet
  facet normal 0 0 -1
    outer loop
      vertex 20.1309 -2.22478 4
      vertex 10.7244 -0.407332 4
      vertex 10.75 0 4
    endloop
  endfacet
  facet normal 0 0 -1
    outer loop
      vertex 10.1293 -13.0897 4
      vertex 19.8707 -13.0897 4
      vertex 10.348 -13.4343 4
    endloop
  endfacet
  facet normal 0 0 -1
    outer loop
      vertex 20.1309 -2.22478 4
      vertex 10.6479 -0.808242 4
      vertex 10.7244 -0.407332 4
    endloop
  endfacet
  facet normal 0 0 -1
    outer loop
      vertex 19.8707 -13.0897 4
      vertex 10.1293 -13.0897 4
      vertex 20.1309 -12.7752 4
    endloop
  endfacet
  facet normal 0 0 -1
    outer loop
      vertex 20.1309 -2.22478 4
      vertex 10.5218 -1.1964 4
      vertex 10.6479 -0.808242 4
    endloop
  endfacet
  facet normal 0 0 -1
    outer loop
      vertex 9.86915 -12.7752 4
      vertex 20.1309 -12.7752 4
      vertex 10.1293 -13.0897 4
    endloop
  endfacet
  facet normal 0 0 -1
    outer loop
      vertex 20.1309 -2.22478 4
      vertex 10.348 -1.5657 4
      vertex 10.5218 -1.1964 4
    endloop
  endfacet
  facet normal 0 0 -1
    outer loop
      vertex 20.1309 -12.7752 4
      vertex 9.86915 -12.7752 4
      vertex 20.1309 -2.22478 4
    endloop
  endfacet
  facet normal 0 0 -1
    outer loop
      vertex 20.1309 -2.22478 4
      vertex 10.1293 -1.9103 4
      vertex 10.348 -1.5657 4
    endloop
  endfacet
  facet normal 0 0 -1
    outer loop
      vertex 9.86915 -2.22478 4
      vertex 20.1309 -2.22478 4
      vertex 9.86915 -12.7752 4
    endloop
  endfacet
  facet normal 0 0 -1
    outer loop
      vertex 20.1309 -2.22478 4
      vertex 9.86915 -2.22478 4
      vertex 10.1293 -1.9103 4
    endloop
  endfacet
  facet normal 0 0 -1
    outer loop
      vertex 9.57163 -12.4958 4
      vertex 9.86915 -2.22478 4
      vertex 9.86915 -12.7752 4
    endloop
  endfacet
  facet normal 0 0 -1
    outer loop
      vertex 9.57163 -12.4958 4
      vertex 9.57163 -2.50417 4
      vertex 9.86915 -2.22478 4
    endloop
  endfacet
  facet normal 0 0 -1
    outer loop
      vertex 9.24144 -12.2559 4
      vertex 9.57163 -2.50417 4
      vertex 9.57163 -12.4958 4
    endloop
  endfacet
  facet normal 0 0 -1
    outer loop
      vertex 9.24144 -12.2559 4
      vertex 9.24144 -2.74407 4
      vertex 9.57163 -2.50417 4
    endloop
  endfacet
  facet normal 0 0 -1
    outer loop
      vertex 8.88378 -12.0593 4
      vertex 9.24144 -2.74407 4
      vertex 9.24144 -12.2559 4
    endloop
  endfacet
  facet normal 0 0 -1
    outer loop
      vertex 8.88378 -12.0593 4
      vertex 8.88378 -2.94069 4
      vertex 9.24144 -2.74407 4
    endloop
  endfacet
  facet normal 0 0 -1
    outer loop
      vertex 8.5043 -11.9091 4
      vertex 8.88378 -2.94069 4
      vertex 8.88378 -12.0593 4
    endloop
  endfacet
  facet normal 0 0 -1
    outer loop
      vertex 8.5043 -11.9091 4
      vertex 8.5043 -3.09093 4
      vertex 8.88378 -2.94069 4
    endloop
  endfacet
  facet normal 0 0 -1
    outer loop
      vertex 8.10899 -11.8076 4
      vertex 8.5043 -3.09093 4
      vertex 8.5043 -11.9091 4
    endloop
  endfacet
  facet normal 0 0 -1
    outer loop
      vertex 8.10899 -11.8076 4
      vertex 8.10899 -3.19243 4
      vertex 8.5043 -3.09093 4
    endloop
  endfacet
  facet normal 0 0 -1
    outer loop
      vertex 7.70407 -11.7564 4
      vertex 8.10899 -3.19243 4
      vertex 8.10899 -11.8076 4
    endloop
  endfacet
  facet normal 0 0 -1
    outer loop
      vertex 7.70407 -11.7564 4
      vertex 7.70407 -3.24359 4
      vertex 8.10899 -3.19243 4
    endloop
  endfacet
  facet normal 0 0 -1
    outer loop
      vertex 7.29593 -11.7564 4
      vertex 7.70407 -3.24359 4
      vertex 7.70407 -11.7564 4
    endloop
  endfacet
  facet normal 0 0 -1
    outer loop
      vertex 7.29593 -11.7564 4
      vertex 7.29593 -3.24359 4
      vertex 7.70407 -3.24359 4
    endloop
  endfacet
  facet normal 0 0 -1
    outer loop
      vertex 6.89101 -11.8076 4
      vertex 7.29593 -3.24359 4
      vertex 7.29593 -11.7564 4
    endloop
  endfacet
  facet normal 0 0 -1
    outer loop
      vertex 6.89101 -11.8076 4
      vertex 6.89101 -3.19243 4
      vertex 7.29593 -3.24359 4
    endloop
  endfacet
  facet normal 0 0 -1
    outer loop
      vertex 6.49569 -11.9091 4
      vertex 6.89101 -3.19243 4
      vertex 6.89101 -11.8076 4
    endloop
  endfacet
  facet normal 0 0 -1
    outer loop
      vertex 6.49569 -11.9091 4
      vertex 6.49569 -3.09093 4
      vertex 6.89101 -3.19243 4
    endloop
  endfacet
  facet normal 0 0 -1
    outer loop
      vertex 6.11622 -12.0593 4
      vertex 6.49569 -3.09093 4
      vertex 6.49569 -11.9091 4
    endloop
  endfacet
  facet normal 0 0 -1
    outer loop
      vertex 6.11622 -12.0593 4
      vertex 6.11622 -2.94069 4
      vertex 6.49569 -3.09093 4
    endloop
  endfacet
  facet normal 0 0 -1
    outer loop
      vertex 5.75856 -12.2559 4
      vertex 6.11622 -2.94069 4
      vertex 6.11622 -12.0593 4
    endloop
  endfacet
  facet normal 0 0 -1
    outer loop
      vertex 5.75856 -12.2559 4
      vertex 5.75856 -2.74407 4
      vertex 6.11622 -2.94069 4
    endloop
  endfacet
  facet normal 0 0 -1
    outer loop
      vertex 5.42837 -12.4958 4
      vertex 5.75856 -2.74407 4
      vertex 5.75856 -12.2559 4
    endloop
  endfacet
  facet normal 0 0 -1
    outer loop
      vertex 5.42837 -12.4958 4
      vertex 5.42837 -2.50417 4
      vertex 5.75856 -2.74407 4
    endloop
  endfacet
  facet normal 0 0 -1
    outer loop
      vertex 5.13085 -12.7752 4
      vertex 5.42837 -2.50417 4
      vertex 5.42837 -12.4958 4
    endloop
  endfacet
  facet normal 0 0 -1
    outer loop
      vertex 5.13085 -12.7752 4
      vertex 5.13085 -2.22478 4
      vertex 5.42837 -2.50417 4
    endloop
  endfacet
  facet normal 0 0 -1
    outer loop
      vertex 4.87069 -13.0897 4
      vertex 5.13085 -2.22478 4
      vertex 5.13085 -12.7752 4
    endloop
  endfacet
  facet normal 0 0 -1
    outer loop
      vertex 4.87069 -13.0897 4
      vertex 4.87069 -1.9103 4
      vertex 5.13085 -2.22478 4
    endloop
  endfacet
  facet normal 0 0 -1
    outer loop
      vertex 4.652 -13.4343 4
      vertex 4.87069 -1.9103 4
      vertex 4.87069 -13.0897 4
    endloop
  endfacet
  facet normal 0 0 -1
    outer loop
      vertex 4.652 -13.4343 4
      vertex 4.652 -1.5657 4
      vertex 4.87069 -1.9103 4
    endloop
  endfacet
  facet normal 0 0 -1
    outer loop
      vertex 4.47823 -13.8036 4
      vertex 4.652 -1.5657 4
      vertex 4.652 -13.4343 4
    endloop
  endfacet
  facet normal 0 0 -1
    outer loop
      vertex 4.47823 -13.8036 4
      vertex 4.47823 -1.1964 4
      vertex 4.652 -1.5657 4
    endloop
  endfacet
  facet normal 0 0 -1
    outer loop
      vertex 4.3521 -14.1918 4
      vertex 4.47823 -1.1964 4
      vertex 4.47823 -13.8036 4
    endloop
  endfacet
  facet normal 0 0 -1
    outer loop
      vertex 4.3521 -14.1918 4
      vertex 4.3521 -0.808242 4
      vertex 4.47823 -1.1964 4
    endloop
  endfacet
  facet normal 0 0 -1
    outer loop
      vertex 0 -21.9901 4
      vertex 4.3521 -14.1918 4
      vertex 4.27563 -14.5927 4
    endloop
  endfacet
  facet normal -0 0 -1
    outer loop
      vertex 4.3521 -14.1918 4
      vertex 0 -21.9901 4
      vertex 4.3521 -0.808242 4
    endloop
  endfacet
  facet normal 0 0 -1
    outer loop
      vertex 0 -21.9901 4
      vertex 4.27563 -14.5927 4
      vertex 4.25 -15 4
    endloop
  endfacet
  facet normal -0 0 -1
    outer loop
      vertex 4.3521 -0.808242 4
      vertex 0 -21.9901 4
      vertex 4.27563 -0.407332 4
    endloop
  endfacet
  facet normal 0 0 -1
    outer loop
      vertex 25.6479 0.808242 4
      vertex 29.5 17 4
      vertex 25.7244 0.407332 4
    endloop
  endfacet
  facet normal 0 0 -1
    outer loop
      vertex 29.5 17 4
      vertex 25.7244 14.5927 4
      vertex 25.75 15 4
    endloop
  endfacet
  facet normal 0 0 -1
    outer loop
      vertex 25.5218 1.1964 4
      vertex 29.5 17 4
      vertex 25.6479 0.808242 4
    endloop
  endfacet
  facet normal 0 0 -1
    outer loop
      vertex 29.5 17 4
      vertex 25.6479 14.1918 4
      vertex 25.7244 14.5927 4
    endloop
  endfacet
  facet normal 0 0 -1
    outer loop
      vertex 25.348 1.5657 4
      vertex 29.5 17 4
      vertex 25.5218 1.1964 4
    endloop
  endfacet
  facet normal 0 0 -1
    outer loop
      vertex 29.5 17 4
      vertex 25.5218 13.8036 4
      vertex 25.6479 14.1918 4
    endloop
  endfacet
  facet normal 0 0 -1
    outer loop
      vertex 25.1293 1.9103 4
      vertex 29.5 17 4
      vertex 25.348 1.5657 4
    endloop
  endfacet
  facet normal 0 0 -1
    outer loop
      vertex 29.5 17 4
      vertex 25.348 13.4343 4
      vertex 25.5218 13.8036 4
    endloop
  endfacet
  facet normal 0 0 -1
    outer loop
      vertex 25.1293 13.0897 4
      vertex 29.5 17 4
      vertex 25.1293 1.9103 4
    endloop
  endfacet
  facet normal 0 0 -1
    outer loop
      vertex 29.5 17 4
      vertex 25.1293 13.0897 4
      vertex 25.348 13.4343 4
    endloop
  endfacet
  facet normal 0 0 -1
    outer loop
      vertex 24.8691 2.22478 4
      vertex 25.1293 13.0897 4
      vertex 25.1293 1.9103 4
    endloop
  endfacet
  facet normal 0 0 -1
    outer loop
      vertex 24.8691 2.22478 4
      vertex 24.8691 12.7752 4
      vertex 25.1293 13.0897 4
    endloop
  endfacet
  facet normal 0 0 -1
    outer loop
      vertex 24.5716 2.50417 4
      vertex 24.8691 12.7752 4
      vertex 24.8691 2.22478 4
    endloop
  endfacet
  facet normal 0 0 -1
    outer loop
      vertex 24.5716 2.50417 4
      vertex 24.5716 12.4958 4
      vertex 24.8691 12.7752 4
    endloop
  endfacet
  facet normal 0 0 -1
    outer loop
      vertex 24.2414 2.74407 4
      vertex 24.5716 12.4958 4
      vertex 24.5716 2.50417 4
    endloop
  endfacet
  facet normal 0 0 -1
    outer loop
      vertex 24.2414 2.74407 4
      vertex 24.2414 12.2559 4
      vertex 24.5716 12.4958 4
    endloop
  endfacet
  facet normal 0 0 -1
    outer loop
      vertex 23.8838 2.94069 4
      vertex 24.2414 12.2559 4
      vertex 24.2414 2.74407 4
    endloop
  endfacet
  facet normal 0 0 -1
    outer loop
      vertex 23.8838 2.94069 4
      vertex 23.8838 12.0593 4
      vertex 24.2414 12.2559 4
    endloop
  endfacet
  facet normal 0 0 -1
    outer loop
      vertex 23.5043 3.09093 4
      vertex 23.8838 12.0593 4
      vertex 23.8838 2.94069 4
    endloop
  endfacet
  facet normal 0 0 -1
    outer loop
      vertex 23.5043 3.09093 4
      vertex 23.5043 11.9091 4
      vertex 23.8838 12.0593 4
    endloop
  endfacet
  facet normal 0 0 -1
    outer loop
      vertex 23.109 3.19243 4
      vertex 23.5043 11.9091 4
      vertex 23.5043 3.09093 4
    endloop
  endfacet
  facet normal 0 0 -1
    outer loop
      vertex 23.109 3.19243 4
      vertex 23.109 11.8076 4
      vertex 23.5043 11.9091 4
    endloop
  endfacet
  facet normal 0 0 -1
    outer loop
      vertex 22.7041 3.24359 4
      vertex 23.109 11.8076 4
      vertex 23.109 3.19243 4
    endloop
  endfacet
  facet normal 0 0 -1
    outer loop
      vertex 22.7041 3.24359 4
      vertex 22.7041 11.7564 4
      vertex 23.109 11.8076 4
    endloop
  endfacet
  facet normal 0 0 -1
    outer loop
      vertex 22.2959 3.24359 4
      vertex 22.7041 11.7564 4
      vertex 22.7041 3.24359 4
    endloop
  endfacet
  facet normal 0 0 -1
    outer loop
      vertex 22.2959 3.24359 4
      vertex 22.2959 11.7564 4
      vertex 22.7041 11.7564 4
    endloop
  endfacet
  facet normal 0 0 -1
    outer loop
      vertex 21.891 3.19243 4
      vertex 22.2959 11.7564 4
      vertex 22.2959 3.24359 4
    endloop
  endfacet
  facet normal 0 0 -1
    outer loop
      vertex 21.891 3.19243 4
      vertex 21.891 11.8076 4
      vertex 22.2959 11.7564 4
    endloop
  endfacet
  facet normal 0 0 -1
    outer loop
      vertex 21.4957 3.09093 4
      vertex 21.891 11.8076 4
      vertex 21.891 3.19243 4
    endloop
  endfacet
  facet normal 0 0 -1
    outer loop
      vertex 21.4957 3.09093 4
      vertex 21.4957 11.9091 4
      vertex 21.891 11.8076 4
    endloop
  endfacet
  facet normal 0 0 -1
    outer loop
      vertex 21.1162 2.94069 4
      vertex 21.4957 11.9091 4
      vertex 21.4957 3.09093 4
    endloop
  endfacet
  facet normal 0 0 -1
    outer loop
      vertex 21.1162 2.94069 4
      vertex 21.1162 12.0593 4
      vertex 21.4957 11.9091 4
    endloop
  endfacet
  facet normal 0 0 -1
    outer loop
      vertex 20.7586 2.74407 4
      vertex 21.1162 12.0593 4
      vertex 21.1162 2.94069 4
    endloop
  endfacet
  facet normal 0 0 -1
    outer loop
      vertex 20.7586 2.74407 4
      vertex 20.7586 12.2559 4
      vertex 21.1162 12.0593 4
    endloop
  endfacet
  facet normal 0 0 -1
    outer loop
      vertex 20.4284 2.50417 4
      vertex 20.7586 12.2559 4
      vertex 20.7586 2.74407 4
    endloop
  endfacet
  facet normal 0 0 -1
    outer loop
      vertex 20.4284 2.50417 4
      vertex 20.4284 12.4958 4
      vertex 20.7586 12.2559 4
    endloop
  endfacet
  facet normal 0 0 -1
    outer loop
      vertex 20.1309 2.22478 4
      vertex 20.4284 12.4958 4
      vertex 20.4284 2.50417 4
    endloop
  endfacet
  facet normal 0 0 -1
    outer loop
      vertex 20.1309 2.22478 4
      vertex 20.1309 12.7752 4
      vertex 20.4284 12.4958 4
    endloop
  endfacet
  facet normal 0 0 -1
    outer loop
      vertex 10.5218 1.1964 4
      vertex 19.4782 1.1964 4
      vertex 10.6479 0.808242 4
    endloop
  endfacet
  facet normal 0 0 -1
    outer loop
      vertex 19.4782 1.1964 4
      vertex 10.5218 1.1964 4
      vertex 19.652 1.5657 4
    endloop
  endfacet
  facet normal 0 0 -1
    outer loop
      vertex 19.3521 0.808242 4
      vertex 10.6479 0.808242 4
      vertex 19.4782 1.1964 4
    endloop
  endfacet
  facet normal 0 0 -1
    outer loop
      vertex 10.348 1.5657 4
      vertex 19.652 1.5657 4
      vertex 10.5218 1.1964 4
    endloop
  endfacet
  facet normal 0 0 -1
    outer loop
      vertex 10.6479 0.808242 4
      vertex 19.3521 0.808242 4
      vertex 10.7244 0.407332 4
    endloop
  endfacet
  facet normal 0 0 -1
    outer loop
      vertex 20.1309 12.7752 4
      vertex 10.75 15 4
      vertex 19.8707 13.0897 4
    endloop
  endfacet
  facet normal 0 0 -1
    outer loop
      vertex 19.2756 0.407332 4
      vertex 10.7244 0.407332 4
      vertex 19.3521 0.808242 4
    endloop
  endfacet
  facet normal 0 0 -1
    outer loop
      vertex 19.8707 13.0897 4
      vertex 10.75 15 4
      vertex 19.652 13.4343 4
    endloop
  endfacet
  facet normal 0 0 -1
    outer loop
      vertex 10.7244 0.407332 4
      vertex 19.2756 0.407332 4
      vertex 10.75 0 4
    endloop
  endfacet
  facet normal 0 0 -1
    outer loop
      vertex 19.652 13.4343 4
      vertex 10.75 15 4
      vertex 19.4782 13.8036 4
    endloop
  endfacet
  facet normal 0 0 -1
    outer loop
      vertex 10.75 0 4
      vertex 19.2756 0.407332 4
      vertex 19.25 0 4
    endloop
  endfacet
  facet normal 0 0 -1
    outer loop
      vertex 19.4782 13.8036 4
      vertex 10.75 15 4
      vertex 19.3521 14.1918 4
    endloop
  endfacet
  facet normal 0 0 -1
    outer loop
      vertex 25.6479 -14.1918 4
      vertex 29.5 -17 4
      vertex 25.7244 -14.5927 4
    endloop
  endfacet
  facet normal 0 0 -1
    outer loop
      vertex 29.5 -17 4
      vertex 25.7244 -0.407332 4
      vertex 25.75 0 4
    endloop
  endfacet
  facet normal 0 0 -1
    outer loop
      vertex 25.5218 -13.8036 4
      vertex 29.5 -17 4
      vertex 25.6479 -14.1918 4
    endloop
  endfacet
  facet normal 0 0 -1
    outer loop
      vertex 29.5 -17 4
      vertex 25.6479 -0.808242 4
      vertex 25.7244 -0.407332 4
    endloop
  endfacet
  facet normal 0 0 -1
    outer loop
      vertex 25.348 -13.4343 4
      vertex 29.5 -17 4
      vertex 25.5218 -13.8036 4
    endloop
  endfacet
  facet normal 0 0 -1
    outer loop
      vertex 29.5 -17 4
      vertex 25.5218 -1.1964 4
      vertex 25.6479 -0.808242 4
    endloop
  endfacet
  facet normal 0 0 -1
    outer loop
      vertex 25.1293 -13.0897 4
      vertex 29.5 -17 4
      vertex 25.348 -13.4343 4
    endloop
  endfacet
  facet normal 0 0 -1
    outer loop
      vertex 29.5 -17 4
      vertex 25.348 -1.5657 4
      vertex 25.5218 -1.1964 4
    endloop
  endfacet
  facet normal 0 0 -1
    outer loop
      vertex 25.1293 -1.9103 4
      vertex 29.5 -17 4
      vertex 25.1293 -13.0897 4
    endloop
  endfacet
  facet normal 0 0 -1
    outer loop
      vertex 29.5 -17 4
      vertex 25.1293 -1.9103 4
      vertex 25.348 -1.5657 4
    endloop
  endfacet
  facet normal 0 0 -1
    outer loop
      vertex 24.8691 -12.7752 4
      vertex 25.1293 -1.9103 4
      vertex 25.1293 -13.0897 4
    endloop
  endfacet
  facet normal 0 0 -1
    outer loop
      vertex 24.8691 -12.7752 4
      vertex 24.8691 -2.22478 4
      vertex 25.1293 -1.9103 4
    endloop
  endfacet
  facet normal 0 0 -1
    outer loop
      vertex 24.5716 -12.4958 4
      vertex 24.8691 -2.22478 4
      vertex 24.8691 -12.7752 4
    endloop
  endfacet
  facet normal 0 0 -1
    outer loop
      vertex 24.5716 -12.4958 4
      vertex 24.5716 -2.50417 4
      vertex 24.8691 -2.22478 4
    endloop
  endfacet
  facet normal 0 0 -1
    outer loop
      vertex 24.2414 -12.2559 4
      vertex 24.5716 -2.50417 4
      vertex 24.5716 -12.4958 4
    endloop
  endfacet
  facet normal 0 0 -1
    outer loop
      vertex 24.2414 -12.2559 4
      vertex 24.2414 -2.74407 4
      vertex 24.5716 -2.50417 4
    endloop
  endfacet
  facet normal 0 0 -1
    outer loop
      vertex 23.8838 -12.0593 4
      vertex 24.2414 -2.74407 4
      vertex 24.2414 -12.2559 4
    endloop
  endfacet
  facet normal 0 0 -1
    outer loop
      vertex 23.8838 -12.0593 4
      vertex 23.8838 -2.94069 4
      vertex 24.2414 -2.74407 4
    endloop
  endfacet
  facet normal 0 0 -1
    outer loop
      vertex 23.5043 -11.9091 4
      vertex 23.8838 -2.94069 4
      vertex 23.8838 -12.0593 4
    endloop
  endfacet
  facet normal 0 0 -1
    outer loop
      vertex 23.5043 -11.9091 4
      vertex 23.5043 -3.09093 4
      vertex 23.8838 -2.94069 4
    endloop
  endfacet
  facet normal 0 0 -1
    outer loop
      vertex 23.109 -11.8076 4
      vertex 23.5043 -3.09093 4
      vertex 23.5043 -11.9091 4
    endloop
  endfacet
  facet normal 0 0 -1
    outer loop
      vertex 23.109 -11.8076 4
      vertex 23.109 -3.19243 4
      vertex 23.5043 -3.09093 4
    endloop
  endfacet
  facet normal 0 0 -1
    outer loop
      vertex 22.7041 -11.7564 4
      vertex 23.109 -3.19243 4
      vertex 23.109 -11.8076 4
    endloop
  endfacet
  facet normal 0 0 -1
    outer loop
      vertex 22.7041 -11.7564 4
      vertex 22.7041 -3.24359 4
      vertex 23.109 -3.19243 4
    endloop
  endfacet
  facet normal 0 0 -1
    outer loop
      vertex 22.2959 -11.7564 4
      vertex 22.7041 -3.24359 4
      vertex 22.7041 -11.7564 4
    endloop
  endfacet
  facet normal 0 0 -1
    outer loop
      vertex 22.2959 -11.7564 4
      vertex 22.2959 -3.24359 4
      vertex 22.7041 -3.24359 4
    endloop
  endfacet
  facet normal 0 0 -1
    outer loop
      vertex 21.891 -11.8076 4
      vertex 22.2959 -3.24359 4
      vertex 22.2959 -11.7564 4
    endloop
  endfacet
  facet normal 0 0 -1
    outer loop
      vertex 21.891 -11.8076 4
      vertex 21.891 -3.19243 4
      vertex 22.2959 -3.24359 4
    endloop
  endfacet
  facet normal 0 0 -1
    outer loop
      vertex 21.4957 -11.9091 4
      vertex 21.891 -3.19243 4
      vertex 21.891 -11.8076 4
    endloop
  endfacet
  facet normal 0 0 -1
    outer loop
      vertex 21.4957 -11.9091 4
      vertex 21.4957 -3.09093 4
      vertex 21.891 -3.19243 4
    endloop
  endfacet
  facet normal 0 0 -1
    outer loop
      vertex 21.1162 -12.0593 4
      vertex 21.4957 -3.09093 4
      vertex 21.4957 -11.9091 4
    endloop
  endfacet
  facet normal 0 0 -1
    outer loop
      vertex 21.1162 -12.0593 4
      vertex 21.1162 -2.94069 4
      vertex 21.4957 -3.09093 4
    endloop
  endfacet
  facet normal 0 0 -1
    outer loop
      vertex 20.7586 -12.2559 4
      vertex 21.1162 -2.94069 4
      vertex 21.1162 -12.0593 4
    endloop
  endfacet
  facet normal 0 0 -1
    outer loop
      vertex 20.7586 -12.2559 4
      vertex 20.7586 -2.74407 4
      vertex 21.1162 -2.94069 4
    endloop
  endfacet
  facet normal 0 0 -1
    outer loop
      vertex 20.4284 -12.4958 4
      vertex 20.7586 -2.74407 4
      vertex 20.7586 -12.2559 4
    endloop
  endfacet
  facet normal 0 0 -1
    outer loop
      vertex 20.4284 -12.4958 4
      vertex 20.4284 -2.50417 4
      vertex 20.7586 -2.74407 4
    endloop
  endfacet
  facet normal 0 0 -1
    outer loop
      vertex 20.1309 -12.7752 4
      vertex 20.4284 -2.50417 4
      vertex 20.4284 -12.4958 4
    endloop
  endfacet
  facet normal 0 0 -1
    outer loop
      vertex 20.1309 -12.7752 4
      vertex 20.1309 -2.22478 4
      vertex 20.4284 -2.50417 4
    endloop
  endfacet
  facet normal 0 0 -1
    outer loop
      vertex 10.5218 -13.8036 4
      vertex 19.4782 -13.8036 4
      vertex 10.6479 -14.1918 4
    endloop
  endfacet
  facet normal 0 0 -1
    outer loop
      vertex 19.4782 -13.8036 4
      vertex 10.5218 -13.8036 4
      vertex 19.652 -13.4343 4
    endloop
  endfacet
  facet normal 0 0 -1
    outer loop
      vertex 19.3521 -14.1918 4
      vertex 10.6479 -14.1918 4
      vertex 19.4782 -13.8036 4
    endloop
  endfacet
  facet normal 0 0 -1
    outer loop
      vertex 10.348 -13.4343 4
      vertex 19.652 -13.4343 4
      vertex 10.5218 -13.8036 4
    endloop
  endfacet
  facet normal 0 0 -1
    outer loop
      vertex 10.6479 -14.1918 4
      vertex 19.3521 -14.1918 4
      vertex 10.7244 -14.5927 4
    endloop
  endfacet
  facet normal 0 0 -1
    outer loop
      vertex 20.1309 -2.22478 4
      vertex 10.75 0 4
      vertex 19.8707 -1.9103 4
    endloop
  endfacet
  facet normal 0 0 -1
    outer loop
      vertex 19.2756 -14.5927 4
      vertex 10.7244 -14.5927 4
      vertex 19.3521 -14.1918 4
    endloop
  endfacet
  facet normal 0 0 -1
    outer loop
      vertex 19.8707 -1.9103 4
      vertex 10.75 0 4
      vertex 19.652 -1.5657 4
    endloop
  endfacet
  facet normal 0 0 -1
    outer loop
      vertex 10.7244 -14.5927 4
      vertex 19.2756 -14.5927 4
      vertex 10.75 -15 4
    endloop
  endfacet
  facet normal 0 0 -1
    outer loop
      vertex 19.652 -1.5657 4
      vertex 10.75 0 4
      vertex 19.4782 -1.1964 4
    endloop
  endfacet
  facet normal 0 0 -1
    outer loop
      vertex 10.75 -15 4
      vertex 19.2756 -14.5927 4
      vertex 19.25 -15 4
    endloop
  endfacet
  facet normal 0 0 -1
    outer loop
      vertex 19.4782 -1.1964 4
      vertex 10.75 0 4
      vertex 19.3521 -0.808242 4
    endloop
  endfacet
  facet normal 0 0 -1
    outer loop
      vertex 25.5218 -16.1964 4
      vertex 29.5 -17 4
      vertex 29.4606 -17.6267 4
    endloop
  endfacet
  facet normal 0 0 -1
    outer loop
      vertex 29.5 -17 4
      vertex 25.75 0 4
      vertex 29.5 17 4
    endloop
  endfacet
  facet normal 0 0 -1
    outer loop
      vertex 25.348 -16.5657 4
      vertex 29.4606 -17.6267 4
      vertex 29.3429 -18.2435 4
    endloop
  endfacet
  facet normal 0 0 -1
    outer loop
      vertex 25.7244 0.407332 4
      vertex 29.5 17 4
      vertex 25.75 0 4
    endloop
  endfacet
  facet normal 0 0 -1
    outer loop
      vertex 25.348 -16.5657 4
      vertex 29.3429 -18.2435 4
      vertex 29.1489 -18.8406 4
    endloop
  endfacet
  facet normal 0 0 -1
    outer loop
      vertex 25.7244 15.4073 4
      vertex 29.5 17 4
      vertex 25.75 15 4
    endloop
  endfacet
  facet normal 0 0 -1
    outer loop
      vertex 25.1293 -16.9103 4
      vertex 29.1489 -18.8406 4
      vertex 28.8815 -19.4088 4
    endloop
  endfacet
  facet normal 0 0 -1
    outer loop
      vertex 25.6479 15.8082 4
      vertex 29.5 17 4
      vertex 25.7244 15.4073 4
    endloop
  endfacet
  facet normal 0 0 -1
    outer loop
      vertex 25.1293 -16.9103 4
      vertex 28.8815 -19.4088 4
      vertex 28.5451 -19.9389 4
    endloop
  endfacet
  facet normal 0 0 -1
    outer loop
      vertex 25.5218 16.1964 4
      vertex 29.5 17 4
      vertex 25.6479 15.8082 4
    endloop
  endfacet
  facet normal 0 0 -1
    outer loop
      vertex 24.8691 -17.2248 4
      vertex 28.5451 -19.9389 4
      vertex 28.1448 -20.4227 4
    endloop
  endfacet
  facet normal -0 0 -1
    outer loop
      vertex 29.5 17 4
      vertex 25.5218 16.1964 4
      vertex 29.4606 17.6267 4
    endloop
  endfacet
  facet normal 0 0 -1
    outer loop
      vertex 24.8691 -17.2248 4
      vertex 28.1448 -20.4227 4
      vertex 27.6871 -20.8526 4
    endloop
  endfacet
  facet normal 0 0 -1
    outer loop
      vertex 25.348 16.5657 4
      vertex 29.4606 17.6267 4
      vertex 25.5218 16.1964 4
    endloop
  endfacet
  facet normal 0 0 -1
    outer loop
      vertex 24.5716 -17.5042 4
      vertex 27.6871 -20.8526 4
      vertex 27.1791 -21.2216 4
    endloop
  endfacet
  facet normal -0 0 -1
    outer loop
      vertex 29.4606 17.6267 4
      vertex 25.348 16.5657 4
      vertex 29.3429 18.2435 4
    endloop
  endfacet
  facet normal 0 0 -1
    outer loop
      vertex 24.5716 -17.5042 4
      vertex 27.1791 -21.2216 4
      vertex 26.6289 -21.5241 4
    endloop
  endfacet
  facet normal -0 0 -1
    outer loop
      vertex 29.3429 18.2435 4
      vertex 25.348 16.5657 4
      vertex 29.1489 18.8406 4
    endloop
  endfacet
  facet normal 0 0 -1
    outer loop
      vertex 24.2414 -17.7441 4
      vertex 26.6289 -21.5241 4
      vertex 26.0451 -21.7553 4
    endloop
  endfacet
  facet normal 0 0 -1
    outer loop
      vertex 25.1293 16.9103 4
      vertex 29.1489 18.8406 4
      vertex 25.348 16.5657 4
    endloop
  endfacet
  facet normal 0 0 -1
    outer loop
      vertex 25.7244 -14.5927 4
      vertex 29.5 -17 4
      vertex 25.75 -15 4
    endloop
  endfacet
  facet normal 0 0 -1
    outer loop
      vertex 29.5 -17 4
      vertex 25.7244 -15.4073 4
      vertex 25.75 -15 4
    endloop
  endfacet
  facet normal 0 0 -1
    outer loop
      vertex 29.5 -17 4
      vertex 25.6479 -15.8082 4
      vertex 25.7244 -15.4073 4
    endloop
  endfacet
  facet normal 0 0 -1
    outer loop
      vertex 29.5 -17 4
      vertex 25.5218 -16.1964 4
      vertex 25.6479 -15.8082 4
    endloop
  endfacet
  facet normal 0 0 -1
    outer loop
      vertex 24.2414 -17.7441 4
      vertex 26.0451 -21.7553 4
      vertex 25.4369 -21.9114 4
    endloop
  endfacet
  facet normal 0 0 -1
    outer loop
      vertex 29.4606 -17.6267 4
      vertex 25.348 -16.5657 4
      vertex 25.5218 -16.1964 4
    endloop
  endfacet
  facet normal 0 0 -1
    outer loop
      vertex 29.1489 -18.8406 4
      vertex 25.1293 -16.9103 4
      vertex 25.348 -16.5657 4
    endloop
  endfacet
  facet normal 0 0 -1
    outer loop
      vertex 28.5451 -19.9389 4
      vertex 24.8691 -17.2248 4
      vertex 25.1293 -16.9103 4
    endloop
  endfacet
  facet normal 0 0 -1
    outer loop
      vertex 23.8838 -17.9407 4
      vertex 25.4369 -21.9114 4
      vertex 24.814 -21.9901 4
    endloop
  endfacet
  facet normal 0 0 -1
    outer loop
      vertex 27.6871 -20.8526 4
      vertex 24.5716 -17.5042 4
      vertex 24.8691 -17.2248 4
    endloop
  endfacet
  facet normal 0 0 -1
    outer loop
      vertex 26.6289 -21.5241 4
      vertex 24.2414 -17.7441 4
      vertex 24.5716 -17.5042 4
    endloop
  endfacet
  facet normal 0 0 -1
    outer loop
      vertex 25.4369 -21.9114 4
      vertex 23.8838 -17.9407 4
      vertex 24.2414 -17.7441 4
    endloop
  endfacet
  facet normal 0 0 -1
    outer loop
      vertex 24.814 -21.9901 4
      vertex 23.5043 -18.0909 4
      vertex 23.8838 -17.9407 4
    endloop
  endfacet
  facet normal 0 0 -1
    outer loop
      vertex 24.814 -21.9901 4
      vertex 23.109 -18.1924 4
      vertex 23.5043 -18.0909 4
    endloop
  endfacet
  facet normal 0 0 -1
    outer loop
      vertex 24.814 -21.9901 4
      vertex 22.7041 -18.2436 4
      vertex 23.109 -18.1924 4
    endloop
  endfacet
  facet normal 0 0 -1
    outer loop
      vertex 24.814 -21.9901 4
      vertex 22.2959 -18.2436 4
      vertex 22.7041 -18.2436 4
    endloop
  endfacet
  facet normal 0 0 -1
    outer loop
      vertex 24.814 -21.9901 4
      vertex 21.891 -18.1924 4
      vertex 22.2959 -18.2436 4
    endloop
  endfacet
  facet normal 0 0 -1
    outer loop
      vertex 24.814 -21.9901 4
      vertex 21.4957 -18.0909 4
      vertex 21.891 -18.1924 4
    endloop
  endfacet
  facet normal 0 0 -1
    outer loop
      vertex 24.814 -21.9901 4
      vertex 21.1162 -17.9407 4
      vertex 21.4957 -18.0909 4
    endloop
  endfacet
  facet normal 0 0 -1
    outer loop
      vertex 24.814 -21.9901 4
      vertex 20.7586 -17.7441 4
      vertex 21.1162 -17.9407 4
    endloop
  endfacet
  facet normal 0 0 -1
    outer loop
      vertex 9.24144 -17.7441 4
      vertex 20.7586 -17.7441 4
      vertex 24.814 -21.9901 4
    endloop
  endfacet
  facet normal 0 0 -1
    outer loop
      vertex 20.7586 -17.7441 4
      vertex 9.24144 -17.7441 4
      vertex 20.4284 -17.5042 4
    endloop
  endfacet
  facet normal 0 0 -1
    outer loop
      vertex 19.2756 -0.407332 4
      vertex 10.75 0 4
      vertex 19.25 0 4
    endloop
  endfacet
  facet normal 0 0 -1
    outer loop
      vertex 19.3521 -0.808242 4
      vertex 10.75 0 4
      vertex 19.2756 -0.407332 4
    endloop
  endfacet
  facet normal 0 0 -1
    outer loop
      vertex 19.2756 -15.4073 4
      vertex 10.75 -15 4
      vertex 19.25 -15 4
    endloop
  endfacet
  facet normal 0 0 -1
    outer loop
      vertex 10.7244 -15.4073 4
      vertex 19.2756 -15.4073 4
      vertex 19.3521 -15.8082 4
    endloop
  endfacet
  facet normal 0 0 -1
    outer loop
      vertex 10.6479 -15.8082 4
      vertex 19.3521 -15.8082 4
      vertex 19.4782 -16.1964 4
    endloop
  endfacet
  facet normal 0 0 -1
    outer loop
      vertex 10.5218 -16.1964 4
      vertex 19.4782 -16.1964 4
      vertex 19.652 -16.5657 4
    endloop
  endfacet
  facet normal 0 0 -1
    outer loop
      vertex 10.348 -16.5657 4
      vertex 19.652 -16.5657 4
      vertex 19.8707 -16.9103 4
    endloop
  endfacet
  facet normal 0 0 -1
    outer loop
      vertex 10.1293 -16.9103 4
      vertex 19.8707 -16.9103 4
      vertex 20.1309 -17.2248 4
    endloop
  endfacet
  facet normal 0 -0 -1
    outer loop
      vertex 9.57163 -17.5042 4
      vertex 20.4284 -17.5042 4
      vertex 9.24144 -17.7441 4
    endloop
  endfacet
  facet normal 0 0 -1
    outer loop
      vertex 19.2756 -15.4073 4
      vertex 10.7244 -15.4073 4
      vertex 10.75 -15 4
    endloop
  endfacet
  facet normal 0 0 -1
    outer loop
      vertex 19.3521 -15.8082 4
      vertex 10.6479 -15.8082 4
      vertex 10.7244 -15.4073 4
    endloop
  endfacet
  facet normal 0 0 -1
    outer loop
      vertex 19.4782 -16.1964 4
      vertex 10.5218 -16.1964 4
      vertex 10.6479 -15.8082 4
    endloop
  endfacet
  facet normal 0 0 -1
    outer loop
      vertex 19.652 -16.5657 4
      vertex 10.348 -16.5657 4
      vertex 10.5218 -16.1964 4
    endloop
  endfacet
  facet normal 0 0 -1
    outer loop
      vertex 19.8707 -16.9103 4
      vertex 10.1293 -16.9103 4
      vertex 10.348 -16.5657 4
    endloop
  endfacet
  facet normal 0 0 -1
    outer loop
      vertex 20.1309 -17.2248 4
      vertex 9.86915 -17.2248 4
      vertex 10.1293 -16.9103 4
    endloop
  endfacet
  facet normal -0 0 -1
    outer loop
      vertex 20.1309 -17.2248 4
      vertex 9.57163 -17.5042 4
      vertex 9.86915 -17.2248 4
    endloop
  endfacet
  facet normal 0 0 -1
    outer loop
      vertex 20.4284 -17.5042 4
      vertex 9.57163 -17.5042 4
      vertex 20.1309 -17.2248 4
    endloop
  endfacet
  facet normal 0 0 -1
    outer loop
      vertex 24.814 -21.9901 4
      vertex 8.88378 -17.9407 4
      vertex 9.24144 -17.7441 4
    endloop
  endfacet
  facet normal 0 0 -1
    outer loop
      vertex 24.814 -21.9901 4
      vertex 8.5043 -18.0909 4
      vertex 8.88378 -17.9407 4
    endloop
  endfacet
  facet normal 0 0 -1
    outer loop
      vertex 24.814 -21.9901 4
      vertex 8.10899 -18.1924 4
      vertex 8.5043 -18.0909 4
    endloop
  endfacet
  facet normal 0 0 -1
    outer loop
      vertex 0 -21.9901 4
      vertex 8.10899 -18.1924 4
      vertex 24.814 -21.9901 4
    endloop
  endfacet
  facet normal 0 0 -1
    outer loop
      vertex 8.10899 -18.1924 4
      vertex 0 -21.9901 4
      vertex 7.70407 -18.2436 4
    endloop
  endfacet
  facet normal -0 0 -1
    outer loop
      vertex 7.70407 -18.2436 4
      vertex 0 -21.9901 4
      vertex 7.29593 -18.2436 4
    endloop
  endfacet
  facet normal -0 0 -1
    outer loop
      vertex 4.27563 -0.407332 4
      vertex 0 -21.9901 4
      vertex 4.25 0 4
    endloop
  endfacet
  facet normal 0 0 -1
    outer loop
      vertex 0 21.9901 4
      vertex 4.25 0 4
      vertex 0 -21.9901 4
    endloop
  endfacet
  facet normal -0 0 -1
    outer loop
      vertex 4.27563 -15.4073 4
      vertex 0 -21.9901 4
      vertex 4.25 -15 4
    endloop
  endfacet
  facet normal -0 0 -1
    outer loop
      vertex 4.3521 -15.8082 4
      vertex 0 -21.9901 4
      vertex 4.27563 -15.4073 4
    endloop
  endfacet
  facet normal -0 0 -1
    outer loop
      vertex 4.47823 -16.1964 4
      vertex 0 -21.9901 4
      vertex 4.3521 -15.8082 4
    endloop
  endfacet
  facet normal -0 0 -1
    outer loop
      vertex 4.652 -16.5657 4
      vertex 0 -21.9901 4
      vertex 4.47823 -16.1964 4
    endloop
  endfacet
  facet normal -0 0 -1
    outer loop
      vertex 4.87069 -16.9103 4
      vertex 0 -21.9901 4
      vertex 4.652 -16.5657 4
    endloop
  endfacet
  facet normal -0 0 -1
    outer loop
      vertex 5.13085 -17.2248 4
      vertex 0 -21.9901 4
      vertex 4.87069 -16.9103 4
    endloop
  endfacet
  facet normal -0 0 -1
    outer loop
      vertex 5.42837 -17.5042 4
      vertex 0 -21.9901 4
      vertex 5.13085 -17.2248 4
    endloop
  endfacet
  facet normal -0 0 -1
    outer loop
      vertex 5.75856 -17.7441 4
      vertex 0 -21.9901 4
      vertex 5.42837 -17.5042 4
    endloop
  endfacet
  facet normal -0 0 -1
    outer loop
      vertex 6.11622 -17.9407 4
      vertex 0 -21.9901 4
      vertex 5.75856 -17.7441 4
    endloop
  endfacet
  facet normal -0 0 -1
    outer loop
      vertex 6.49569 -18.0909 4
      vertex 0 -21.9901 4
      vertex 6.11622 -17.9407 4
    endloop
  endfacet
  facet normal -0 0 -1
    outer loop
      vertex 6.89101 -18.1924 4
      vertex 0 -21.9901 4
      vertex 6.49569 -18.0909 4
    endloop
  endfacet
  facet normal -0 0 -1
    outer loop
      vertex 7.29593 -18.2436 4
      vertex 0 -21.9901 4
      vertex 6.89101 -18.1924 4
    endloop
  endfacet
  facet normal -0 0 -1
    outer loop
      vertex 29.1489 18.8406 4
      vertex 25.1293 16.9103 4
      vertex 28.8815 19.4088 4
    endloop
  endfacet
  facet normal -0 0 -1
    outer loop
      vertex 28.8815 19.4088 4
      vertex 25.1293 16.9103 4
      vertex 28.5451 19.9389 4
    endloop
  endfacet
  facet normal 0 0 -1
    outer loop
      vertex 24.8691 17.2248 4
      vertex 28.5451 19.9389 4
      vertex 25.1293 16.9103 4
    endloop
  endfacet
  facet normal -0 0 -1
    outer loop
      vertex 28.5451 19.9389 4
      vertex 24.8691 17.2248 4
      vertex 28.1448 20.4227 4
    endloop
  endfacet
  facet normal -0 0 -1
    outer loop
      vertex 28.1448 20.4227 4
      vertex 24.8691 17.2248 4
      vertex 27.6871 20.8526 4
    endloop
  endfacet
  facet normal 0 0 -1
    outer loop
      vertex 24.5716 17.5042 4
      vertex 27.6871 20.8526 4
      vertex 24.8691 17.2248 4
    endloop
  endfacet
  facet normal -0 0 -1
    outer loop
      vertex 27.6871 20.8526 4
      vertex 24.5716 17.5042 4
      vertex 27.1791 21.2216 4
    endloop
  endfacet
  facet normal -0 0 -1
    outer loop
      vertex 27.1791 21.2216 4
      vertex 24.5716 17.5042 4
      vertex 26.6289 21.5241 4
    endloop
  endfacet
  facet normal 0 0 -1
    outer loop
      vertex 24.2414 17.7441 4
      vertex 26.6289 21.5241 4
      vertex 24.5716 17.5042 4
    endloop
  endfacet
  facet normal -0 0 -1
    outer loop
      vertex 26.6289 21.5241 4
      vertex 24.2414 17.7441 4
      vertex 26.0451 21.7553 4
    endloop
  endfacet
  facet normal -0 0 -1
    outer loop
      vertex 26.0451 21.7553 4
      vertex 24.2414 17.7441 4
      vertex 25.4369 21.9114 4
    endloop
  endfacet
  facet normal 0 0 -1
    outer loop
      vertex 23.8838 17.9407 4
      vertex 25.4369 21.9114 4
      vertex 24.2414 17.7441 4
    endloop
  endfacet
  facet normal -0 0 -1
    outer loop
      vertex 25.4369 21.9114 4
      vertex 23.8838 17.9407 4
      vertex 24.814 21.9901 4
    endloop
  endfacet
  facet normal 0 0 -1
    outer loop
      vertex 23.5043 18.0909 4
      vertex 24.814 21.9901 4
      vertex 23.8838 17.9407 4
    endloop
  endfacet
  facet normal 0 0 -1
    outer loop
      vertex 23.109 18.1924 4
      vertex 24.814 21.9901 4
      vertex 23.5043 18.0909 4
    endloop
  endfacet
  facet normal 0 0 -1
    outer loop
      vertex 22.7041 18.2436 4
      vertex 24.814 21.9901 4
      vertex 23.109 18.1924 4
    endloop
  endfacet
  facet normal 0 0 -1
    outer loop
      vertex 22.2959 18.2436 4
      vertex 24.814 21.9901 4
      vertex 22.7041 18.2436 4
    endloop
  endfacet
  facet normal 0 0 -1
    outer loop
      vertex 21.891 18.1924 4
      vertex 24.814 21.9901 4
      vertex 22.2959 18.2436 4
    endloop
  endfacet
  facet normal 0 0 -1
    outer loop
      vertex 21.4957 18.0909 4
      vertex 24.814 21.9901 4
      vertex 21.891 18.1924 4
    endloop
  endfacet
  facet normal 0 0 -1
    outer loop
      vertex 21.1162 17.9407 4
      vertex 24.814 21.9901 4
      vertex 21.4957 18.0909 4
    endloop
  endfacet
  facet normal 0 0 -1
    outer loop
      vertex 20.7586 17.7441 4
      vertex 24.814 21.9901 4
      vertex 21.1162 17.9407 4
    endloop
  endfacet
  facet normal 0 0 -1
    outer loop
      vertex 9.24144 17.7441 4
      vertex 20.7586 17.7441 4
      vertex 20.4284 17.5042 4
    endloop
  endfacet
  facet normal 0 0 -1
    outer loop
      vertex 9.57163 17.5042 4
      vertex 20.4284 17.5042 4
      vertex 20.1309 17.2248 4
    endloop
  endfacet
  facet normal 0 0 -1
    outer loop
      vertex 19.3521 14.1918 4
      vertex 10.75 15 4
      vertex 19.2756 14.5927 4
    endloop
  endfacet
  facet normal 0 0 -1
    outer loop
      vertex 19.2756 14.5927 4
      vertex 10.75 15 4
      vertex 19.25 15 4
    endloop
  endfacet
  facet normal 0 0 -1
    outer loop
      vertex 19.25 15 4
      vertex 10.75 15 4
      vertex 19.2756 15.4073 4
    endloop
  endfacet
  facet normal 0 0 -1
    outer loop
      vertex 10.7244 15.4073 4
      vertex 19.2756 15.4073 4
      vertex 10.75 15 4
    endloop
  endfacet
  facet normal 0 0 -1
    outer loop
      vertex 19.2756 15.4073 4
      vertex 10.7244 15.4073 4
      vertex 19.3521 15.8082 4
    endloop
  endfacet
  facet normal 0 0 -1
    outer loop
      vertex 10.6479 15.8082 4
      vertex 19.3521 15.8082 4
      vertex 10.7244 15.4073 4
    endloop
  endfacet
  facet normal 0 0 -1
    outer loop
      vertex 19.3521 15.8082 4
      vertex 10.6479 15.8082 4
      vertex 19.4782 16.1964 4
    endloop
  endfacet
  facet normal 0 0 -1
    outer loop
      vertex 10.5218 16.1964 4
      vertex 19.4782 16.1964 4
      vertex 10.6479 15.8082 4
    endloop
  endfacet
  facet normal 0 0 -1
    outer loop
      vertex 19.4782 16.1964 4
      vertex 10.5218 16.1964 4
      vertex 19.652 16.5657 4
    endloop
  endfacet
  facet normal 0 0 -1
    outer loop
      vertex 10.348 16.5657 4
      vertex 19.652 16.5657 4
      vertex 10.5218 16.1964 4
    endloop
  endfacet
  facet normal 0 0 -1
    outer loop
      vertex 19.652 16.5657 4
      vertex 10.348 16.5657 4
      vertex 19.8707 16.9103 4
    endloop
  endfacet
  facet normal 0 0 -1
    outer loop
      vertex 10.1293 16.9103 4
      vertex 19.8707 16.9103 4
      vertex 10.348 16.5657 4
    endloop
  endfacet
  facet normal 0 0 -1
    outer loop
      vertex 19.8707 16.9103 4
      vertex 10.1293 16.9103 4
      vertex 20.1309 17.2248 4
    endloop
  endfacet
  facet normal 0 0 -1
    outer loop
      vertex 9.86915 17.2248 4
      vertex 20.1309 17.2248 4
      vertex 10.1293 16.9103 4
    endloop
  endfacet
  facet normal 0 0 -1
    outer loop
      vertex 9.57163 17.5042 4
      vertex 20.1309 17.2248 4
      vertex 9.86915 17.2248 4
    endloop
  endfacet
  facet normal 0 0 -1
    outer loop
      vertex 20.4284 17.5042 4
      vertex 9.57163 17.5042 4
      vertex 9.24144 17.7441 4
    endloop
  endfacet
  facet normal 0 0 -1
    outer loop
      vertex 20.7586 17.7441 4
      vertex 9.24144 17.7441 4
      vertex 24.814 21.9901 4
    endloop
  endfacet
  facet normal 0 0 -1
    outer loop
      vertex 8.88378 17.9407 4
      vertex 24.814 21.9901 4
      vertex 9.24144 17.7441 4
    endloop
  endfacet
  facet normal 0 0 -1
    outer loop
      vertex 8.5043 18.0909 4
      vertex 24.814 21.9901 4
      vertex 8.88378 17.9407 4
    endloop
  endfacet
  facet normal 0 0 -1
    outer loop
      vertex 8.10899 18.1924 4
      vertex 24.814 21.9901 4
      vertex 8.5043 18.0909 4
    endloop
  endfacet
  facet normal 0 0 -1
    outer loop
      vertex 0 21.9901 4
      vertex 8.10899 18.1924 4
      vertex 7.70407 18.2436 4
    endloop
  endfacet
  facet normal 0 0 -1
    outer loop
      vertex 0 21.9901 4
      vertex 7.70407 18.2436 4
      vertex 7.29593 18.2436 4
    endloop
  endfacet
  facet normal 0 0 -1
    outer loop
      vertex 0 21.9901 4
      vertex 7.29593 18.2436 4
      vertex 6.89101 18.1924 4
    endloop
  endfacet
  facet normal 0 0 -1
    outer loop
      vertex 4.27563 14.5927 4
      vertex 0 21.9901 4
      vertex 4.25 15 4
    endloop
  endfacet
  facet normal 0 0 -1
    outer loop
      vertex 8.10899 18.1924 4
      vertex 0 21.9901 4
      vertex 24.814 21.9901 4
    endloop
  endfacet
  facet normal 0 0 -1
    outer loop
      vertex 6.49569 18.0909 4
      vertex 0 21.9901 4
      vertex 6.89101 18.1924 4
    endloop
  endfacet
  facet normal 0 0 -1
    outer loop
      vertex 6.11622 17.9407 4
      vertex 0 21.9901 4
      vertex 6.49569 18.0909 4
    endloop
  endfacet
  facet normal 0 0 -1
    outer loop
      vertex 5.75856 17.7441 4
      vertex 0 21.9901 4
      vertex 6.11622 17.9407 4
    endloop
  endfacet
  facet normal 0 0 -1
    outer loop
      vertex 5.42837 17.5042 4
      vertex 0 21.9901 4
      vertex 5.75856 17.7441 4
    endloop
  endfacet
  facet normal 0 0 -1
    outer loop
      vertex 5.13085 17.2248 4
      vertex 0 21.9901 4
      vertex 5.42837 17.5042 4
    endloop
  endfacet
  facet normal 0 0 -1
    outer loop
      vertex 4.87069 16.9103 4
      vertex 0 21.9901 4
      vertex 5.13085 17.2248 4
    endloop
  endfacet
  facet normal 0 0 -1
    outer loop
      vertex 4.652 16.5657 4
      vertex 0 21.9901 4
      vertex 4.87069 16.9103 4
    endloop
  endfacet
  facet normal 0 0 -1
    outer loop
      vertex 4.47823 16.1964 4
      vertex 0 21.9901 4
      vertex 4.652 16.5657 4
    endloop
  endfacet
  facet normal 0 0 -1
    outer loop
      vertex 4.3521 15.8082 4
      vertex 0 21.9901 4
      vertex 4.47823 16.1964 4
    endloop
  endfacet
  facet normal 0 0 -1
    outer loop
      vertex 4.27563 15.4073 4
      vertex 0 21.9901 4
      vertex 4.3521 15.8082 4
    endloop
  endfacet
  facet normal 0 0 -1
    outer loop
      vertex 4.25 15 4
      vertex 0 21.9901 4
      vertex 4.27563 15.4073 4
    endloop
  endfacet
  facet normal -1 0 0
    outer loop
      vertex -29.5 -17 0
      vertex -29.5 17 15
      vertex -29.5 17 0
    endloop
  endfacet
  facet normal -1 -0 0
    outer loop
      vertex -29.5 17 15
      vertex -29.5 -17 0
      vertex -29.5 -17 15
    endloop
  endfacet
  facet normal -0.844336 0.535814 0
    outer loop
      vertex -28.8815 19.4088 0
      vertex -28.5451 19.9389 15
      vertex -28.5451 19.9389 0
    endloop
  endfacet
  facet normal -0.844336 0.535814 0
    outer loop
      vertex -28.5451 19.9389 15
      vertex -28.8815 19.4088 0
      vertex -28.8815 19.4088 15
    endloop
  endfacet
  facet normal 1 -0 0
    outer loop
      vertex 29.5 -17 15
      vertex 29.5 17 4
      vertex 29.5 17 15
    endloop
  endfacet
  facet normal 1 0 0
    outer loop
      vertex 29.5 17 4
      vertex 29.5 -17 15
      vertex 29.5 -17 4
    endloop
  endfacet
  facet normal 0.99803 0.0627451 0
    outer loop
      vertex 29.5 17 15
      vertex 29.4606 17.6267 4
      vertex 29.4606 17.6267 15
    endloop
  endfacet
  facet normal 0.99803 0.0627451 0
    outer loop
      vertex 29.4606 17.6267 4
      vertex 29.5 17 15
      vertex 29.5 17 4
    endloop
  endfacet
  facet normal -0.587698 0.80908 0
    outer loop
      vertex -27.1791 21.2216 0
      vertex -27.6871 20.8526 15
      vertex -27.1791 21.2216 15
    endloop
  endfacet
  facet normal -0.587698 0.80908 0
    outer loop
      vertex -27.6871 20.8526 15
      vertex -27.1791 21.2216 0
      vertex -27.6871 20.8526 0
    endloop
  endfacet
  facet normal 0 -1 0
    outer loop
      vertex -24.814 -21.9901 15
      vertex 0 -21.9901 4
      vertex 24.814 -21.9901 15
    endloop
  endfacet
  facet normal 0 -1 0
    outer loop
      vertex -24.814 -21.9901 0
      vertex 0 -21.9901 4
      vertex -24.814 -21.9901 15
    endloop
  endfacet
  facet normal 0 -1 -0
    outer loop
      vertex 0 -21.9901 4
      vertex -24.814 -21.9901 0
      vertex 0 -21.9901 0
    endloop
  endfacet
  facet normal 0 -1 -0
    outer loop
      vertex 24.814 -21.9901 15
      vertex 0 -21.9901 4
      vertex 24.814 -21.9901 4
    endloop
  endfacet
  facet normal -0.684624 -0.728896 0
    outer loop
      vertex -28.1448 -20.4227 0
      vertex -27.6871 -20.8526 15
      vertex -28.1448 -20.4227 15
    endloop
  endfacet
  facet normal -0.684624 -0.728896 -0
    outer loop
      vertex -27.6871 -20.8526 15
      vertex -28.1448 -20.4227 0
      vertex -27.6871 -20.8526 0
    endloop
  endfacet
  facet normal 0.904811 -0.425812 0
    outer loop
      vertex 28.8815 -19.4088 15
      vertex 29.1489 -18.8406 4
      vertex 29.1489 -18.8406 15
    endloop
  endfacet
  facet normal 0.904811 -0.425812 0
    outer loop
      vertex 29.1489 -18.8406 4
      vertex 28.8815 -19.4088 15
      vertex 28.8815 -19.4088 4
    endloop
  endfacet
  facet normal 0.248601 0.968606 -0
    outer loop
      vertex 26.0451 21.7553 4
      vertex 25.4369 21.9114 15
      vertex 26.0451 21.7553 15
    endloop
  endfacet
  facet normal 0.248601 0.968606 0
    outer loop
      vertex 25.4369 21.9114 15
      vertex 26.0451 21.7553 4
      vertex 25.4369 21.9114 4
    endloop
  endfacet
  facet normal 0 1 0
    outer loop
      vertex 0 21.9901 4
      vertex 24.814 21.9901 15
      vertex 24.814 21.9901 4
    endloop
  endfacet
  facet normal 0 1 0
    outer loop
      vertex 24.814 21.9901 15
      vertex 0 21.9901 4
      vertex -24.814 21.9901 15
    endloop
  endfacet
  facet normal 0 1 0
    outer loop
      vertex -24.814 21.9901 0
      vertex 0 21.9901 4
      vertex 0 21.9901 0
    endloop
  endfacet
  facet normal 0 1 0
    outer loop
      vertex 0 21.9901 4
      vertex -24.814 21.9901 0
      vertex -24.814 21.9901 15
    endloop
  endfacet
  facet normal -0.951061 -0.309003 0
    outer loop
      vertex -29.1489 -18.8406 0
      vertex -29.3429 -18.2435 15
      vertex -29.3429 -18.2435 0
    endloop
  endfacet
  facet normal -0.951061 -0.309003 0
    outer loop
      vertex -29.3429 -18.2435 15
      vertex -29.1489 -18.8406 0
      vertex -29.1489 -18.8406 15
    endloop
  endfacet
  facet normal -0.368203 -0.929745 0
    outer loop
      vertex -26.6289 -21.5241 0
      vertex -26.0451 -21.7553 15
      vertex -26.6289 -21.5241 15
    endloop
  endfacet
  facet normal -0.368203 -0.929745 -0
    outer loop
      vertex -26.0451 -21.7553 15
      vertex -26.6289 -21.5241 0
      vertex -26.0451 -21.7553 0
    endloop
  endfacet
  facet normal -0.481784 -0.87629 0
    outer loop
      vertex -27.1791 -21.2216 0
      vertex -26.6289 -21.5241 15
      vertex -27.1791 -21.2216 15
    endloop
  endfacet
  facet normal -0.481784 -0.87629 -0
    outer loop
      vertex -26.6289 -21.5241 15
      vertex -27.1791 -21.2216 0
      vertex -26.6289 -21.5241 0
    endloop
  endfacet
  facet normal 0.125348 -0.992113 0
    outer loop
      vertex 24.814 -21.9901 4
      vertex 25.4369 -21.9114 15
      vertex 24.814 -21.9901 15
    endloop
  endfacet
  facet normal 0.125348 -0.992113 0
    outer loop
      vertex 25.4369 -21.9114 15
      vertex 24.814 -21.9901 4
      vertex 25.4369 -21.9114 4
    endloop
  endfacet
  facet normal 0.99803 -0.0627451 0
    outer loop
      vertex 29.4606 -17.6267 15
      vertex 29.5 -17 4
      vertex 29.5 -17 15
    endloop
  endfacet
  facet normal 0.99803 -0.0627451 0
    outer loop
      vertex 29.5 -17 4
      vertex 29.4606 -17.6267 15
      vertex 29.4606 -17.6267 4
    endloop
  endfacet
  facet normal 0.951061 0.309003 0
    outer loop
      vertex 29.3429 18.2435 15
      vertex 29.1489 18.8406 4
      vertex 29.1489 18.8406 15
    endloop
  endfacet
  facet normal 0.951061 0.309003 0
    outer loop
      vertex 29.1489 18.8406 4
      vertex 29.3429 18.2435 15
      vertex 29.3429 18.2435 4
    endloop
  endfacet
  facet normal 0.770462 0.637486 0
    outer loop
      vertex 28.5451 19.9389 15
      vertex 28.1448 20.4227 4
      vertex 28.1448 20.4227 15
    endloop
  endfacet
  facet normal 0.770462 0.637486 0
    outer loop
      vertex 28.1448 20.4227 4
      vertex 28.5451 19.9389 15
      vertex 28.5451 19.9389 4
    endloop
  endfacet
  facet normal 0.125348 0.992113 -0
    outer loop
      vertex 25.4369 21.9114 4
      vertex 24.814 21.9901 15
      vertex 25.4369 21.9114 15
    endloop
  endfacet
  facet normal 0.125348 0.992113 0
    outer loop
      vertex 24.814 21.9901 15
      vertex 25.4369 21.9114 4
      vertex 24.814 21.9901 4
    endloop
  endfacet
  facet normal -0.248601 0.968606 0
    outer loop
      vertex -25.4369 21.9114 0
      vertex -26.0451 21.7553 15
      vertex -25.4369 21.9114 15
    endloop
  endfacet
  facet normal -0.248601 0.968606 0
    outer loop
      vertex -26.0451 21.7553 15
      vertex -25.4369 21.9114 0
      vertex -26.0451 21.7553 0
    endloop
  endfacet
  facet normal -0.770462 0.637486 0
    outer loop
      vertex -28.5451 19.9389 0
      vertex -28.1448 20.4227 15
      vertex -28.1448 20.4227 0
    endloop
  endfacet
  facet normal -0.770462 0.637486 0
    outer loop
      vertex -28.1448 20.4227 15
      vertex -28.5451 19.9389 0
      vertex -28.5451 19.9389 15
    endloop
  endfacet
  facet normal -0.481784 0.87629 0
    outer loop
      vertex -26.6289 21.5241 0
      vertex -27.1791 21.2216 15
      vertex -26.6289 21.5241 15
    endloop
  endfacet
  facet normal -0.481784 0.87629 0
    outer loop
      vertex -27.1791 21.2216 15
      vertex -26.6289 21.5241 0
      vertex -27.1791 21.2216 0
    endloop
  endfacet
  facet normal -0.951061 0.309003 0
    outer loop
      vertex -29.3429 18.2435 0
      vertex -29.1489 18.8406 15
      vertex -29.1489 18.8406 0
    endloop
  endfacet
  facet normal -0.951061 0.309003 0
    outer loop
      vertex -29.1489 18.8406 15
      vertex -29.3429 18.2435 0
      vertex -29.3429 18.2435 15
    endloop
  endfacet
  facet normal -0.99803 -0.0627451 0
    outer loop
      vertex -29.4606 -17.6267 0
      vertex -29.5 -17 15
      vertex -29.5 -17 0
    endloop
  endfacet
  facet normal -0.99803 -0.0627451 0
    outer loop
      vertex -29.5 -17 15
      vertex -29.4606 -17.6267 0
      vertex -29.4606 -17.6267 15
    endloop
  endfacet
  facet normal -0.770462 -0.637486 0
    outer loop
      vertex -28.1448 -20.4227 0
      vertex -28.5451 -19.9389 15
      vertex -28.5451 -19.9389 0
    endloop
  endfacet
  facet normal -0.770462 -0.637486 0
    outer loop
      vertex -28.5451 -19.9389 15
      vertex -28.1448 -20.4227 0
      vertex -28.1448 -20.4227 15
    endloop
  endfacet
  facet normal -0.904811 -0.425812 0
    outer loop
      vertex -28.8815 -19.4088 0
      vertex -29.1489 -18.8406 15
      vertex -29.1489 -18.8406 0
    endloop
  endfacet
  facet normal -0.904811 -0.425812 0
    outer loop
      vertex -29.1489 -18.8406 15
      vertex -28.8815 -19.4088 0
      vertex -28.8815 -19.4088 15
    endloop
  endfacet
  facet normal -0.587698 -0.80908 0
    outer loop
      vertex -27.6871 -20.8526 0
      vertex -27.1791 -21.2216 15
      vertex -27.6871 -20.8526 15
    endloop
  endfacet
  facet normal -0.587698 -0.80908 -0
    outer loop
      vertex -27.1791 -21.2216 15
      vertex -27.6871 -20.8526 0
      vertex -27.1791 -21.2216 0
    endloop
  endfacet
  facet normal -0.248601 -0.968606 0
    outer loop
      vertex -26.0451 -21.7553 0
      vertex -25.4369 -21.9114 15
      vertex -26.0451 -21.7553 15
    endloop
  endfacet
  facet normal -0.248601 -0.968606 -0
    outer loop
      vertex -25.4369 -21.9114 15
      vertex -26.0451 -21.7553 0
      vertex -25.4369 -21.9114 0
    endloop
  endfacet
  facet normal -0.125348 -0.992113 0
    outer loop
      vertex -25.4369 -21.9114 0
      vertex -24.814 -21.9901 15
      vertex -25.4369 -21.9114 15
    endloop
  endfacet
  facet normal -0.125348 -0.992113 -0
    outer loop
      vertex -24.814 -21.9901 15
      vertex -25.4369 -21.9114 0
      vertex -24.814 -21.9901 0
    endloop
  endfacet
  facet normal 0.248601 -0.968606 0
    outer loop
      vertex 25.4369 -21.9114 4
      vertex 26.0451 -21.7553 15
      vertex 25.4369 -21.9114 15
    endloop
  endfacet
  facet normal 0.248601 -0.968606 0
    outer loop
      vertex 26.0451 -21.7553 15
      vertex 25.4369 -21.9114 4
      vertex 26.0451 -21.7553 4
    endloop
  endfacet
  facet normal 0.481784 -0.87629 0
    outer loop
      vertex 26.6289 -21.5241 4
      vertex 27.1791 -21.2216 15
      vertex 26.6289 -21.5241 15
    endloop
  endfacet
  facet normal 0.481784 -0.87629 0
    outer loop
      vertex 27.1791 -21.2216 15
      vertex 26.6289 -21.5241 4
      vertex 27.1791 -21.2216 4
    endloop
  endfacet
  facet normal 0.982276 0.187441 0
    outer loop
      vertex 29.4606 17.6267 15
      vertex 29.3429 18.2435 4
      vertex 29.3429 18.2435 15
    endloop
  endfacet
  facet normal 0.982276 0.187441 0
    outer loop
      vertex 29.3429 18.2435 4
      vertex 29.4606 17.6267 15
      vertex 29.4606 17.6267 4
    endloop
  endfacet
  facet normal 0.844336 0.535814 0
    outer loop
      vertex 28.8815 19.4088 15
      vertex 28.5451 19.9389 4
      vertex 28.5451 19.9389 15
    endloop
  endfacet
  facet normal 0.844336 0.535814 0
    outer loop
      vertex 28.5451 19.9389 4
      vertex 28.8815 19.4088 15
      vertex 28.8815 19.4088 4
    endloop
  endfacet
  facet normal 0.904811 0.425812 0
    outer loop
      vertex 29.1489 18.8406 15
      vertex 28.8815 19.4088 4
      vertex 28.8815 19.4088 15
    endloop
  endfacet
  facet normal 0.904811 0.425812 0
    outer loop
      vertex 28.8815 19.4088 4
      vertex 29.1489 18.8406 15
      vertex 29.1489 18.8406 4
    endloop
  endfacet
  facet normal 0.684624 0.728896 -0
    outer loop
      vertex 28.1448 20.4227 4
      vertex 27.6871 20.8526 15
      vertex 28.1448 20.4227 15
    endloop
  endfacet
  facet normal 0.684624 0.728896 0
    outer loop
      vertex 27.6871 20.8526 15
      vertex 28.1448 20.4227 4
      vertex 27.6871 20.8526 4
    endloop
  endfacet
  facet normal -0.125348 0.992113 0
    outer loop
      vertex -24.814 21.9901 0
      vertex -25.4369 21.9114 15
      vertex -24.814 21.9901 15
    endloop
  endfacet
  facet normal -0.125348 0.992113 0
    outer loop
      vertex -25.4369 21.9114 15
      vertex -24.814 21.9901 0
      vertex -25.4369 21.9114 0
    endloop
  endfacet
  facet normal -0.684624 0.728896 0
    outer loop
      vertex -27.6871 20.8526 0
      vertex -28.1448 20.4227 15
      vertex -27.6871 20.8526 15
    endloop
  endfacet
  facet normal -0.684624 0.728896 0
    outer loop
      vertex -28.1448 20.4227 15
      vertex -27.6871 20.8526 0
      vertex -28.1448 20.4227 0
    endloop
  endfacet
  facet normal -0.368203 0.929745 0
    outer loop
      vertex -26.0451 21.7553 0
      vertex -26.6289 21.5241 15
      vertex -26.0451 21.7553 15
    endloop
  endfacet
  facet normal -0.368203 0.929745 0
    outer loop
      vertex -26.6289 21.5241 15
      vertex -26.0451 21.7553 0
      vertex -26.6289 21.5241 0
    endloop
  endfacet
  facet normal -0.904811 0.425812 0
    outer loop
      vertex -29.1489 18.8406 0
      vertex -28.8815 19.4088 15
      vertex -28.8815 19.4088 0
    endloop
  endfacet
  facet normal -0.904811 0.425812 0
    outer loop
      vertex -28.8815 19.4088 15
      vertex -29.1489 18.8406 0
      vertex -29.1489 18.8406 15
    endloop
  endfacet
  facet normal -0.99803 0.0627451 0
    outer loop
      vertex -29.5 17 0
      vertex -29.4606 17.6267 15
      vertex -29.4606 17.6267 0
    endloop
  endfacet
  facet normal -0.99803 0.0627451 0
    outer loop
      vertex -29.4606 17.6267 15
      vertex -29.5 17 0
      vertex -29.5 17 15
    endloop
  endfacet
  facet normal -0.982276 -0.187441 0
    outer loop
      vertex -29.3429 -18.2435 0
      vertex -29.4606 -17.6267 15
      vertex -29.4606 -17.6267 0
    endloop
  endfacet
  facet normal -0.982276 -0.187441 0
    outer loop
      vertex -29.4606 -17.6267 15
      vertex -29.3429 -18.2435 0
      vertex -29.3429 -18.2435 15
    endloop
  endfacet
  facet normal -0.844336 -0.535814 0
    outer loop
      vertex -28.5451 -19.9389 0
      vertex -28.8815 -19.4088 15
      vertex -28.8815 -19.4088 0
    endloop
  endfacet
  facet normal -0.844336 -0.535814 0
    outer loop
      vertex -28.8815 -19.4088 15
      vertex -28.5451 -19.9389 0
      vertex -28.5451 -19.9389 15
    endloop
  endfacet
  facet normal 0.770462 -0.637486 0
    outer loop
      vertex 28.1448 -20.4227 15
      vertex 28.5451 -19.9389 4
      vertex 28.5451 -19.9389 15
    endloop
  endfacet
  facet normal 0.770462 -0.637486 0
    outer loop
      vertex 28.5451 -19.9389 4
      vertex 28.1448 -20.4227 15
      vertex 28.1448 -20.4227 4
    endloop
  endfacet
  facet normal 0.982276 -0.187441 0
    outer loop
      vertex 29.3429 -18.2435 15
      vertex 29.4606 -17.6267 4
      vertex 29.4606 -17.6267 15
    endloop
  endfacet
  facet normal 0.982276 -0.187441 0
    outer loop
      vertex 29.4606 -17.6267 4
      vertex 29.3429 -18.2435 15
      vertex 29.3429 -18.2435 4
    endloop
  endfacet
  facet normal 0.951061 -0.309003 0
    outer loop
      vertex 29.1489 -18.8406 15
      vertex 29.3429 -18.2435 4
      vertex 29.3429 -18.2435 15
    endloop
  endfacet
  facet normal 0.951061 -0.309003 0
    outer loop
      vertex 29.3429 -18.2435 4
      vertex 29.1489 -18.8406 15
      vertex 29.1489 -18.8406 4
    endloop
  endfacet
  facet normal 0.368203 0.929745 -0
    outer loop
      vertex 26.6289 21.5241 4
      vertex 26.0451 21.7553 15
      vertex 26.6289 21.5241 15
    endloop
  endfacet
  facet normal 0.368203 0.929745 0
    outer loop
      vertex 26.0451 21.7553 15
      vertex 26.6289 21.5241 4
      vertex 26.0451 21.7553 4
    endloop
  endfacet
  facet normal 0.587698 0.80908 -0
    outer loop
      vertex 27.6871 20.8526 4
      vertex 27.1791 21.2216 15
      vertex 27.6871 20.8526 15
    endloop
  endfacet
  facet normal 0.587698 0.80908 0
    outer loop
      vertex 27.1791 21.2216 15
      vertex 27.6871 20.8526 4
      vertex 27.1791 21.2216 4
    endloop
  endfacet
  facet normal -0.982276 0.187441 0
    outer loop
      vertex -29.4606 17.6267 0
      vertex -29.3429 18.2435 15
      vertex -29.3429 18.2435 0
    endloop
  endfacet
  facet normal -0.982276 0.187441 0
    outer loop
      vertex -29.3429 18.2435 15
      vertex -29.4606 17.6267 0
      vertex -29.4606 17.6267 15
    endloop
  endfacet
  facet normal 0.844336 -0.535814 0
    outer loop
      vertex 28.5451 -19.9389 15
      vertex 28.8815 -19.4088 4
      vertex 28.8815 -19.4088 15
    endloop
  endfacet
  facet normal 0.844336 -0.535814 0
    outer loop
      vertex 28.8815 -19.4088 4
      vertex 28.5451 -19.9389 15
      vertex 28.5451 -19.9389 4
    endloop
  endfacet
  facet normal 0.587698 -0.80908 0
    outer loop
      vertex 27.1791 -21.2216 4
      vertex 27.6871 -20.8526 15
      vertex 27.1791 -21.2216 15
    endloop
  endfacet
  facet normal 0.587698 -0.80908 0
    outer loop
      vertex 27.6871 -20.8526 15
      vertex 27.1791 -21.2216 4
      vertex 27.6871 -20.8526 4
    endloop
  endfacet
  facet normal 0.684624 -0.728896 0
    outer loop
      vertex 27.6871 -20.8526 4
      vertex 28.1448 -20.4227 15
      vertex 27.6871 -20.8526 15
    endloop
  endfacet
  facet normal 0.684624 -0.728896 0
    outer loop
      vertex 28.1448 -20.4227 15
      vertex 27.6871 -20.8526 4
      vertex 28.1448 -20.4227 4
    endloop
  endfacet
  facet normal 0.481784 0.87629 -0
    outer loop
      vertex 27.1791 21.2216 4
      vertex 26.6289 21.5241 15
      vertex 27.1791 21.2216 15
    endloop
  endfacet
  facet normal 0.481784 0.87629 0
    outer loop
      vertex 26.6289 21.5241 15
      vertex 27.1791 21.2216 4
      vertex 26.6289 21.5241 4
    endloop
  endfacet
  facet normal 0.368203 -0.929745 0
    outer loop
      vertex 26.0451 -21.7553 4
      vertex 26.6289 -21.5241 15
      vertex 26.0451 -21.7553 15
    endloop
  endfacet
  facet normal 0.368203 -0.929745 0
    outer loop
      vertex 26.6289 -21.5241 15
      vertex 26.0451 -21.7553 4
      vertex 26.6289 -21.5241 4
    endloop
  endfacet
endsolid OpenSCAD_Model
